30325
21808
31721
4275
612
31831
17372
9697
3076
21302
30273
13037
7275
3741
17524
29783
19562
14633
20342
1192
5046
21965
4148
13224
4933
4274
5388
24016
24315
29249
14477
22530
2694
18558
13694
17272
32135
14999
15394
24059
21234
15036
27835
8789
18359
18994
23373
19720
31906
17315
164
6464
3967
8121
15512
18951
20355
26603
19856
21432
4327
19350
24901
14774
25558
2895
8905
29789
12937
11896
27079
29497
2737
14097
28428
3958
5653
18385
10822
664
1660
28789
15628
13677
30925
5209
3871
31551
4981
8005
32752
3405
25609
31881
20834
23165
16428
1100
12240
32587
11700
21281
31570
31237
5640
16347
13884
28474
18636
25507
15592
4720
4545
26695
10934
1813
26086
4309
4176
19896
27620
12393
24371
4473
25512
835
11883
27070
12626
7708
15517
25640
3918
26554
21323
27334
11200
20675
28500
23176
13606
15823
21178
24054
6713
22464
25512
24609
275
13910
31924
11226
14743
6398
4705
2851
12046
8683
20968
31459
7438
18280
7480
18142
2976
28525
2107
8675
22177
26992
15195
3655
17513
14973
24389
10899
28587
28553
30188
13946
2204
27140
17617
25614
12632
23213
13443
18739
31105
24234
18785
1363
15657
29400
6567
28499
27378
12640
25769
24518
30067
3467
12121
27489
29662
471
2575
8623
13792
25674
25482
9222
20169
21766
3378
10426
23533
31518
21663
16016
2634
936
22111
25718
8043
5907
28148
18801
2444
14523
26397
18646
15102
17595
21591
30397
21709
2
11938
20659
25761
28330
8840
26287
14818
25733
11868
4168
5663
1016
30144
548
15537
7948
28265
22452
9627
11970
18983
25886
22453
21671
16927
25979
11786
6825
10075
22851
3198
25897
23686
10501
18356
19281
7408
24668
17454
18856
13529
5406
4278
739
3819
20182
32765
767
15112
629
1411
14476
21062
30276
22966
6220
23608
8733
10590
7932
6512
24539
21560
9586
22337
15
32481
15080
12490
5877
31734
31128
24879
5542
20602
2441
2858
910
22392
17832
6595
27681
18665
14106
7771
21706
10199
23249
20463
20260
23491
25949
3995
31597
31045
30981
5725
3896
32242
535
12316
13409
898
11644
10217
21574
11827
11663
18820
9012
23144
16688
7202
32
19862
12563
14957
31896
28256
14174
27597
8441
18433
1396
25318
16609
23787
23563
17762
29671
3245
27013
24816
1674
4378
25213
12684
30568
22184
2208
7426
21681
13334
5054
1965
3546
17746
12576
9861
3478
28057
3357
12889
12290
17632
6888
24664
26911
29811
3756
17366
12166
18140
15835
32077
32599
28422
22979
23202
2419
19106
14434
19626
25323
9162
8059
21997
18616
13796
17897
22186
19372
31178
32564
23067
30888
32040
17762
18681
20752
18725
5391
9539
10108
7237
20416
13116
13488
31629
6261
13235
30927
24297
24189
4998
15563
31948
2702
13417
18464
30998
533
13028
7874
31546
29899
19867
23379
28576
10377
20946
31130
30792
14173
12592
9521
20657
29661
9411
24701
10489
26555
325
6115
15429
8346
8350
30009
9827
16160
1193
1915
15534
31821
5947
4800
28210
6411
11106
7276
28433
27654
9194
1958
13094
445
25382
22029
31719
730
26605
24742
32144
21694
15330
7449
24446
10337
5880
17182
7128
27481
23606
26162
629
20280
21432
22414
25338
23323
17911
25689
8771
15232
23626
17437
16133
17496
27308
19320
2481
22878
1727
14100
5019
12454
4113
8920
6491
9081
3486
352
27763
352
1175
10155
8243
6527
11362
16660
32218
28196
9186
16260
1022
18080
3064
7141
29998
4950
11082
31450
14805
22545
32579
2477
6497
4251
24155
10121
3749
17291
3992
12009
15228
14174
31572
29520
16304
32201
22850
18235
30490
18766
32684
7763
25354
16654
14334
8168
17129
18142
15496
15771
8220
25500
17280
8794
20780
19908
15174
3474
14372
15934
7148
28319
16443
1914
29174
21640
24243
8895
1630
1513
6913
10176
18396
21808
25134
25201
22884
1292
10621
31512
27119
20771
9294
25767
14718
28420
4418
1353
28508
7004
25248
19771
9636
1900
17912
12253
19972
15034
20230
13065
21440
15623
18904
2211
7930
7298
30771
26225
23856
9275
15924
4141
13062
22234
563
18393
15174
401
17388
6227
30501
31567
12001
11817
5064
25655
11258
12974
10502
31056
13935
23886
21872
20606
30695
12062
23438
4273
28642
3255
9324
31324
10836
10821
19285
21545
18834
32219
5855
4075
26482
11274
808
15315
4526
8881
16734
5096
25994
22038
20613
18353
3767
21558
4980
18484
11638
8794
2081
12837
26625
6379
1055
10327
11046
12679
6757
12918
24117
31572
3665
29688
3612
10645
30701
20305
21457
28795
32112
18790
31216
9277
17928
16709
9638
20075
2518
20499
1741
11647
25402
25925
21336
21173
17746
29460
4594
21020
15293
16170
30690
14573
22437
11170
24114
15900
28156
3119
4624
24878
2821
23451
1140
27466
16151
25972
7427
1682
10398
14338
13364
24500
24418
29307
30897
1467
9484
17274
17408
31788
32486
11182
8802
13134
7394
22735
4603
23241
12766
11479
15668
17010
8486
17774
13406
15718
9530
6054
27288
15190
21458
29672
31218
3105
8992
1583
29394
424
21589
9843
14999
25566
26470
3433
15741
27422
31760
16745
30656
13506
17434
20399
6661
26097
27354
9671
19701
28856
5626
8003
22571
12124
25468
7087
12368
18927
2300
12487
12420
6690
30773
19687
768
346
11463
24002
31994
25862
1848
20311
29129
17711
22840
30497
16714
8528
1833
16270
9602
8041
25310
10163
901
10575
9123
27454
17302
29766
8062
26284
29839
9937
10677
3004
16004
4297
14992
31267
26787
10669
17504
4225
30302
18745
22976
2452
8141
20026
2331
31147
10573
10144
4463
16478
24174
29653
21584
17021
13324
10829
10543
70
21947
863
30172
23515
8809
4691
12362
9203
23614
17852
11667
14031
4039
16904
25147
20848
30292
19029
30649
24327
22430
11142
23347
23725
11949
23958
10634
9556
5625
20269
7318
14845
16080
3953
23987
23084
30711
18975
24956
153
1940
18906
12502
6185
23627
29891
17201
32028
22952
30537
19978
7816
17341
4419
11700
21510
3596
14652
19289
15275
4519
2573
9276
13370
28309
11954
22080
18327
7288
16470
21934
6527
28269
19120
12339
11895
3636
27282
296
7938
12945
15039
31510
2839
5361
766
10874
25042
27217
23916
21957
20842
25436
17942
7847
29539
30675
18631
18573
2309
306
16671
18537
23564
26769
24805
433
6049
27592
28830
21674
11657
15830
32351
25062
7069
1668
28383
9995
9594
1349
9424
22743
22137
23393
12912
7777
24546
16722
18779
4514
10076
11118
23715
10547
6568
8647
10530
28504
5519
20304
6159
10814
793
3137
12240
22913
27392
26556
1807
11505
8804
29872
28176
22678
24256
24062
16962
27122
17949
1498
8212
645
20358
13428
26377
7063
1979
6616
17423
14129
3626
10003
13837
8813
24090
664
16571
11503
14378
7138
16822
31156
16378
8794
7124
19723
8744
25466
11444
31712
22142
21555
16538
24640
21097
18828
30842
30490
16301
9357
22099
2883
2904
30043
25535
4541
24820
22948
9927
6969
26113
6717
22779
32474
18851
19466
5315
8764
31895
30751
27888
693
9579
3876
8854
25563
9455
11262
27934
18246
16103
27052
2199
4503
15106
20590
32333
184
4624
7725
23453
22374
31599
28183
19207
25069
28358
906
17285
14387
28150
15411
16923
24824
11086
28023
16816
14940
24575
12561
25884
19362
26319
25853
1922
25651
28433
25237
9952
11238
23508
12539
23780
2174
9051
14006
23042
31861
17101
11936
5827
25336
6702
25599
12128
11570
17550
31218
7567
1229
16512
16911
17565
30646
31950
26186
957
4385
7531
27160
17056
974
3241
18133
11333
18826
11436
10083
3091
23544
15647
1813
293
27281
18725
14283
31717
12778
12691
4958
14812
22581
10076
23614
13256
29451
10829
4441
12783
6761
24570
14655
31412
11512
22264
26756
20328
10641
2636
1894
11106
16896
14628
6832
31058
2824
26309
5087
13010
28072
5829
27778
7742
15773
6522
4327
7878
6440
31922
24051
19137
30225
29860
13906
15428
32748
20775
29393
20468
11163
21282
12807
17944
9236
30276
19259
31219
29797
757
26754
9040
4853
31884
3112
22110
12812
16322
1361
13758
31125
25958
6112
2779
3619
15699
23448
14458
2355
30112
5761
15250
18097
16918
5774
11869
11197
6119
20092
431
19118
20892
14845
24711
2135
20304
19734
29155
9866
26396
29382
27865
22491
14802
24296
13028
16550
16366
14170
25724
2388
8905
22623
9193
26073
13840
14402
31320
13953
9589
11837
4911
9709
10916
8344
16798
26712
24441
24085
1142
32
112
9868
31807
11137
13149
9939
1925
24483
9821
27616
31090
29911
6924
4402
7842
26653
12792
11885
1074
21995
2646
18500
13594
4649
2548
18587
25021
384
24943
16877
9663
6100
8358
492
24599
8207
28526
14184
20837
12577
16008
12146
29829
29765
1232
28097
17764
8325
23734
9301
27154
20352
5618
20057
29209
3947
3956
29262
8206
22102
28058
20326
29029
15024
166
31278
22665
5390
28527
11376
23853
28456
31319
19544
5852
25636
27260
28373
13784
22040
307
22850
3617
7370
31666
17990
22740
4538
32524
29177
8118
7522
99
12616
1809
10684
32088
6298
27071
7685
6343
30132
31620
18369
28594
8409
26017
21759
14970
26934
4517
17374
3669
8318
5767
27472
21244
2514
31730
286
16548
12259
18400
16684
31280
26202
2666
6655
6053
31352
23518
636
13534
22265
275
23794
22657
7999
10745
2907
18225
1452
32372
6367
5893
24912
28011
7322
5945
18116
29212
14751
24612
10325
17330
24637
8042
16741
8985
13441
29811
20751
15121
15867
28956
26634
18049
17605
4780
19920
28942
32706
18185
16639
9709
30756
21036
5887
16629
17969
10194
32485
22009
2886
3444
27543
596
19740
6266
26929
31941
5706
23724
25000
22398
11
24297
5294
10359
2370
8219
18133
3080
24251
21610
27638
13751
30900
6832
20692
847
12700
18477
2045
17970
14874
7293
7665
14063
3665
29126
22662
18199
20579
15670
1419
17741
11315
29613
7340
1949
10352
9910
14485
4111
2255
28092
11099
24443
9623
28539
12823
27294
23651
8116
3028
25966
32291
1317
30635
22699
24165
7096
24108
13751
26579
9979
10752
23719
23036
2256
5069
18586
5207
28774
25946
22089
4740
30055
30708
22752
32214
29555
29200
28941
30735
14798
2097
23126
874
25429
17676
8879
11231
27319
7402
76
21922
20193
20559
14772
21741
23482
25049
21527
13055
27409
9066
31713
17509
12755
7818
23439
29816
28034
23558
21697
27175
1506
20189
20369
27126
30454
26205
5156
6471
5930
2954
25214
1752
3538
3519
15515
7310
3539
17048
5819
24177
10400
23822
25085
6903
19817
16356
9519
28805
18575
20291
6117
19507
22362
1441
29640
17872
9198
20455
28721
32038
15739
29906
7159
23678
24757
2969
2437
25703
9348
17873
303
25780
24316
4238
11718
18116
22159
20684
30569
19718
4993
16141
159
27579
26013
9795
31139
7934
29223
2543
15871
25090
24081
30603
28764
11164
26737
1830
2201
5121
2355
20302
2074
2000
26635
20530
18531
11347
16302
6664
6117
22786
322
12973
6423
19016
19475
32395
6089
29066
3463
12480
18614
1638
23892
1661
10072
15672
27120
20907
26112
18147
2378
5845
9253
32206
16823
16962
24316
25644
24367
14433
20554
22401
26809
17771
12151
7521
2596
12355
2275
11643
17912
29857
8061
23767
940
26735
3217
20060
19993
20595
4577
19605
22063
10287
20984
28853
3559
8453
25275
15064
28536
7327
28225
32651
17614
9870
21988
20111
824
12593
2968
14042
3937
6617
5500
3039
32129
14378
28591
4111
8660
31941
16485
10400
1356
25380
4666
32397
4739
15044
2246
12510
3827
2954
17265
31785
13417
6496
25224
31577
32439
19231
25233
26030
425
30897
16860
28165
23355
25719
9307
10074
5641
25576
27059
4747
4103
31611
27027
14686
14706
29127
19013
31430
16391
7657
9603
27746
31346
29991
28555
30023
10249
7123
21622
1535
22714
32113
32709
4561
4418
12316
573
11587
32672
10021
18933
30174
21450
30974
24749
10033
4254
15446
25697
281
26907
16518
28190
25407
32209
9516
23317
16865
3734
5397
11246
22486
29819
10337
28254
14796
30719
12769
25852
11989
22402
31684
24912
29218
4604
14195
1069
16909
18926
9401
22593
24669
21657
13351
31467
26566
18799
10423
18252
6832
9671
31919
14241
3898
22740
3528
28880
23677
19416
21648
11328
11541
14997
11021
29678
23262
28676
26275
25790
30715
15178
18743
27407
26909
12520
3477
11665
29953
3122
4879
6747
27963
17666
27751
19000
21555
11693
22000
11842
9325
11574
22255
15283
7437
27074
4679
2551
14234
30540
2646
5894
11010
24218
23578
9712
8158
4208
13720
27577
31224
6403
2942
32360
23306
10160
20999
14939
17097
16110
15647
4573
28706
8322
19400
31483
26564
18930
8892
28563
17374
5435
31315
13229
12586
20934
9128
22030
15658
27033
26871
7947
22962
26315
19786
24988
14758
27962
28501
25265
27397
31872
5022
19145
21030
3618
6625
21952
27202
25611
25010
13544
28467
6969
25188
22364
21627
22199
31274
3217
11656
5835
14460
13614
27447
4208
10172
30238
4758
6406
23066
8675
20718
31305
15797
19501
4353
17024
31746
15275
30096
25846
26738
11809
23840
16046
16975
8891
21246
21331
19943
7841
4481
22126
2285
8139
31119
21724
32284
12823
9058
4734
31773
23192
27788
28722
13227
19761
10041
28162
245
8291
20149
7580
25668
29540
25902
6402
28125
14961
24250
20867
8489
9572
15772
19178
4883
21641
17347
5877
18354
20398
23955
9481
4904
29561
10728
14883
458
18687
17240
9490
2945
31633
11961
740
5743
24793
4835
10142
3286
18215
7607
32560
2614
32261
14945
31399
25526
19729
31961
23973
4037
19724
26288
14
12545
22318
26889
22533
18520
32444
18406
24599
21101
18653
17061
11701
21565
5802
9674
19432
6914
30084
10750
11840
13144
18858
17496
20494
23454
1802
19420
21458
30111
27736
6209
14071
15217
29790
32248
28094
15262
29075
19305
31609
24706
2030
11136
23289
1780
30972
4456
19273
26665
30257
4502
21661
23252
28028
19466
6533
12178
1053
19409
18534
11398
13243
32719
16683
27712
15793
12475
17208
9188
26794
6251
14239
5256
15469
32338
27543
11229
12282
32071
20266
6162
32213
22151
3117
21237
4770
30206
2421
26716
18930
3010
11848
31683
27997
24289
31250
20790
10705
15708
17497
23922
28457
11635
14579
8519
28161
17443
25719
21568
10185
17646
25841
8838
17689
28378
4826
514
9796
6844
13895
25282
25136
3766
7264
16030
10085
11007
8468
19483
13155
21474
267
22671
21561
15626
2012
3462
10323
31228
28289
9573
4244
30693
32264
21325
2213
17558
19082
25154
22924
18125
6753
20365
23168
19382
19862
25694
13307
3505
22937
4790
22802
6230
11573
6532
11010
11702
4290
13327
31499
4324
22173
22675
24193
22965
28629
18991
2336
13763
14631
510
8608
15032
5165
13189
17545
11721
8402
28749
10569
25728
11017
11984
7555
8895
8383
14490
19115
6658
9229
17320
31184
28132
3507
15124
18872
25061
29634
31476
2866
5226
2200
895
14248
27397
26129
26481
13812
5111
6396
31153
24948
16627
204
32305
1889
32549
22416
25110
20060
20595
30246
16154
15434
27139
10411
11822
20066
15357
10037
11619
22404
9874
1733
7434
6349
61
13943
6170
18536
20808
23804
11219
31399
26771
10826
12961
8530
11665
29074
22083
5439
21395
8051
32044
24098
21065
24685
10026
11431
18309
2968
32069
15038
9795
9622
6378
1590
22247
4038
17993
6542
11461
14266
17915
22280
21734
23276
20968
31230
8713
12972
26984
17017
23017
7261
10408
32512
26558
4577
12112
26798
6150
1618
23138
1416
16773
31475
21861
1293
32651
24678
18116
19214
24949
6175
7025
7359
13174
10776
13773
9231
17560
710
972
15669
19965
19789
16468
17035
24427
15856
25575
19104
29960
24779
2178
3208
6753
16580
17605
24183
16049
31423
16979
655
7777
4369
4988
13813
26059
4919
3098
13866
28995
28105
8632
12441
20056
30377
5882
20588
25175
2432
30265
24228
23057
18539
8045
10345
18142
21745
27984
8094
3298
5433
13760
27065
1679
22905
10597
20690
363
30130
22165
19193
30740
9115
21364
3021
11649
16602
21344
21579
3466
15738
11148
29923
30379
20122
2794
13777
20741
14690
26959
6570
5797
19004
29138
11829
12553
19520
27765
24445
20448
5359
27399
292
7442
30757
15688
506
29184
14409
28751
32206
29197
18119
23849
8581
11869
26816
2755
5481
14045
5120
26377
25027
15491
6192
6992
427
10455
26700
32753
6175
20146
6232
29495
31571
6213
25423
6012
2632
22110
19805
15502
160
5351
13901
30808
15537
6319
28741
12990
11224
27246
11953
10440
20751
4867
24957
11011
6594
27903
20615
6948
29919
12135
2900
27887
24621
5558
258
11863
24542
18722
21629
23271
5223
28448
16630
32352
25231
298
8849
27300
25030
20928
30558
1234
1209
25261
27787
28083
12323
28811
19416
2389
13286
22409
23882
10741
23130
13676
4388
25122
485
27860
1555
16928
29900
28097
16297
1163
29512
26453
8460
28220
9181
18140
32752
25969
24039
10249
25538
1063
630
6786
17702
10699
22363
24736
24996
20498
6275
2927
30622
10022
13188
6141
32390
15618
24950
29137
12110
13343
4868
32441
28959
19792
25282
6089
32333
18666
450
5024
21899
25385
21090
17901
19291
28623
9575
6194
20425
22798
19792
8136
15449
1448
31716
21796
15934
27221
7694
20568
12492
19045
10730
11996
31792
27558
4896
1679
19551
16776
22897
2553
13388
21375
25999
16851
4446
25257
10290
32713
17185
4785
12136
28286
2876
6643
9772
25297
10659
15585
29243
21087
2317
6309
25635
4936
4009
264
11677
18743
26636
30098
4636
9116
22126
29170
1446
20796
28183
7585
11747
19692
15124
7875
31092
26521
13358
5198
16773
13196
2333
31597
10662
13548
8440
1063
12758
31621
23792
6460
12001
2503
29502
8015
7405
11538
30298
12106
79
11057
23662
20479
18595
26916
6922
29451
27163
28450
11033
14592
8471
28126
2324
16579
5110
10506
1397
1586
18220
27417
31087
5130
6037
26186
13276
3336
12042
9954
12919
20559
10033
31416
31563
15626
20121
29175
10859
22866
17414
23840
2020
24658
23561
27726
14832
31657
1236
21438
26476
11279
7245
6542
24204
9532
27745
28869
5070
8454
16795
17812
3372
28105
20469
24284
3478
15371
23022
14575
5279
28512
19932
32155
1655
30348
19844
15717
4121
28392
21480
19986
7109
5895
28000
29292
27057
21656
13804
12098
8444
20878
4553
29105
27875
29823
21570
27298
31287
14410
18633
17300
26894
9981
21062
4252
1722
31734
5295
9129
25591
12616
23769
9485
7016
31840
14990
5433
23621
32232
223
7112
3406
10475
8379
18368
7171
9530
4545
9492
19478
12559
15699
19309
6945
17905
8172
18985
3221
1239
5299
5540
29170
11664
32592
22967
830
9570
18430
21887
23472
20722
24033
9312
11948
17763
13211
6217
18676
5314
27162
2361
12828
14754
7603
15874
574
26115
2421
21069
16368
14713
29879
15838
23155
8842
7924
24857
5165
28503
7641
15045
29017
20863
24987
11025
32510
22848
21390
26580
1565
11231
17140
1561
32559
31050
5138
15579
22991
29949
25994
17677
27827
22050
8164
31454
8672
8956
9070
9274
13086
19333
2118
148
2730
22358
9397
1507
7212
10952
19902
28394
18920
10073
1527
32445
10808
11089
3736
7553
16698
13477
3794
12915
710
11035
17762
24364
12451
5551
30821
35
26874
16181
5998
5747
30986
3649
17366
32478
18462
5188
13139
6674
28348
6135
8396
18988
20000
7933
16236
27003
15337
15044
25590
7814
5649
7340
22616
12624
21282
13675
3458
17882
25255
25520
8056
8170
29153
30214
24486
21515
26812
1019
22901
2517
13057
25218
1307
13166
10701
14231
7351
24145
12610
28961
18333
334
24188
8988
4078
27602
14791
4343
22125
14953
28943
26171
14477
29825
3736
25198
7375
14193
2031
31799
22858
4794
14624
16323
10379
31116
8233
27750
24736
28044
27823
5510
8304
18132
14320
19125
26446
15675
30969
2845
19149
5847
2328
2081
16085
8129
19605
31553
9206
20248
21405
4926
4093
15689
1919
15487
1221
20365
14363
18612
2384
15539
7574
14777
22806
20255
8787
13245
7581
2067
2335
23203
26186
2093
17324
7848
21111
24881
3393
15431
8646
13577
7599
29530
7860
17930
2183
14721
6001
23673
7306
27591
22767
9550
22369
17283
24632
28215
16783
4733
13830
25312
18083
2642
10381
12146
23986
4890
22428
11354
5636
30023
18148
30539
23566
23248
27287
7558
2720
27536
25142
15193
7264
2281
21924
13541
4471
27820
10366
27685
23946
12093
30639
6188
29164
30962
5438
8622
14354
25277
30315
10434
4167
18955
18427
6118
10400
7147
7376
26692
16435
23411
27324
31540
10884
26463
18839
11521
10048
17148
10383
1264
25134
26181
28096
9854
12130
22859
13317
26602
22452
7898
6925
12787
2416
12889
23985
3299
16719
7410
8836
32460
16294
26099
15020
7954
24030
25204
17137
809
22564
10299
23316
26784
24417
10204
26466
16479
1901
12836
4232
32557
25984
27832
30121
22389
29417
31226
17582
16457
2050
22572
11486
28071
867
15320
24494
7675
29014
26991
5082
24806
18315
21040
16052
15166
2317
30795
30652
19542
26229
24135
14962
22655
11870
1441
31336
23758
8728
16566
15771
4128
673
23522
12547
30044
27088
25066
27497
25336
17364
32663
21113
9151
31965
19108
22040
5329
14105
28635
30200
25835
7394
3194
17769
22760
9014
14043
24946
14728
20583
31316
3360
20081
23315
19037
26654
2675
13655
12528
29574
19728
22592
15414
22775
23868
25474
28511
10216
353
25965
15057
32059
22694
24348
16262
18709
22897
22768
25007
9966
6442
6973
28318
31716
16707
24386
23010
20309
21877
3167
21940
4524
12108
21890
19090
17787
21221
19171
29225
16075
247
13297
6520
27824
10768
17803
20019
24864
10017
2164
31589
2820
23357
1025
14682
22160
8862
277
21692
10192
13033
31055
20732
25476
20658
1666
27123
31278
32323
26214
22730
10601
1945
26253
24599
26492
4016
19608
25416
11567
769
3754
3397
4574
4936
28701
19025
28107
8330
22132
6449
30392
13143
27281
30609
2742
27725
23081
28067
7480
3293
19828
32009
31339
32082
25897
30453
21706
29710
21673
32143
20717
8727
27770
13463
929
2259
10488
25931
5694
23824
6471
6539
1333
6983
12940
29243
11497
12578
25437
15593
6336
24635
31606
3247
18553
15911
15277
23131
24512
30131
8744
28622
29695
11629
18125
8866
27768
14183
23546
8720
10385
28215
10102
23568
24686
25410
1960
15809
29637
16955
22791
21260
6894
3558
20434
2436
11834
6690
6657
6801
30598
26406
23931
24782
16912
16907
26249
7343
7305
20107
6795
27751
363
24072
746
31497
22924
14287
1101
10989
3316
13983
5648
16213
5611
24421
3570
18768
19031
21834
21517
23519
20293
20207
4876
19287
27334
28919
14488
31750
10236
12743
23059
1049
372
10889
20873
9405
1462
31095
9955
24197
10779
6486
6494
9484
16351
21056
23868
30171
16247
10151
25018
22157
24101
26519
13121
32305
8649
16187
19936
11759
26362
30883
29690
31983
3413
17860
23868
7030
15893
15553
20946
20818
229
26985
1499
15225
4850
6144
18714
3309
13379
15682
24302
22242
24397
8101
4740
7203
7874
9695
23371
13234
30123
28328
9640
16046
3510
5569
5100
13690
8145
18997
19331
20508
19191
6623
8813
19939
19786
5676
16627
24653
21347
13858
2962
15655
20966
6561
26940
7158
7513
4585
14784
8854
13366
4957
4230
1313
28478
29831
1919
23827
3089
7771
15964
31659
17916
4544
23038
15252
28946
26188
6190
5572
19326
9807
19343
32165
30999
11284
21456
18546
23861
25699
26150
9188
18115
6730
14842
24591
8854
12318
28127
4230
10237
27068
14534
18630
13210
11284
15221
30674
17520
21993
1589
10010
20284
5586
9931
8353
23561
24965
21162
16479
8703
29268
359
29925
5500
27384
2925
13119
7270
2702
8434
25118
23743
4319
11562
55
22905
14308
31162
2534
20876
26250
9839
25111
5447
178
18736
16998
17891
30844
18993
30341
13150
1221
20586
26334
19591
8430
21064
13946
21845
14815
7842
30754
22396
11340
29166
16068
322
30775
27573
3352
26255
19895
30788
26754
22596
22263
677
4923
17870
25473
717
12716
23803
22717
15383
24346
23564
2996
16369
30088
18955
26650
2261
3289
2399
2188
16764
30006
30877
9238
3150
12463
5537
29944
24348
12325
22238
31914
18193
22375
12018
18717
10470
3227
28285
8004
20822
22240
30772
11987
27090
20529
31537
13127
9589
28300
10125
9766
14906
26708
4401
26248
31341
14325
13545
31190
8799
710
21435
18898
11870
26419
6262
983
19684
30235
15245
32098
16655
23415
6438
16850
18769
31293
28015
11628
24169
32644
11057
14754
24210
12520
8359
24213
30970
31280
24208
11736
28021
32302
5507
2679
29811
12007
23939
8760
25392
12532
7123
3104
24618
3624
31499
12345
15320
31603
10604
23699
16793
13830
20849
11145
5355
15288
166
8005
28381
25257
28861
5767
20423
5157
26335
32417
31032
11979
7488
26311
17456
21486
27382
22661
10127
9275
7691
6545
718
12188
15313
15043
237
7261
7029
6242
10156
18830
3799
12193
26366
28840
3481
28009
15547
2675
5751
23129
16533
31526
15062
18444
11341
18896
2207
25498
13351
26360
17997
20833
17307
18048
13637
13829
29261
20688
20070
20661
17727
28464
11490
2736
4165
14196
6988
8200
3002
31455
30450
17830
29298
15426
23916
28815
15343
20836
22645
8806
18136
13222
31738
24369
1958
17383
10865
12384
4001
1446
29548
22795
11
5478
16494
8059
15771
24151
17405
20460
30765
21298
24312
23697
23223
11877
28715
16089
30591
32112
16929
32241
17547
31631
2873
32394
15449
32665
13308
32732
30417
296
22446
27114
20088
30970
13091
20744
26086
8343
30165
21147
8570
21812
10547
12065
26956
8664
8763
17777
18275
13501
12618
21315
13865
17401
1075
7922
13083
9565
28303
28289
27077
7582
3157
28637
2798
10930
29355
30305
9232
19837
25339
12703
2827
5805
13384
16734
12825
31459
26307
19167
30725
12819
5529
29541
18584
9773
15120
25587
8533
13565
31442
14936
20070
18768
26248
2921
29653
3928
28843
23182
14079
18513
407
10880
7238
357
25314
2896
27911
12749
29931
18860
14796
1082
25270
9054
19650
20339
18423
9493
8301
575
32108
5480
11930
1669
32624
4376
11157
24498
8910
15509
413
2139
3027
11972
8341
21284
7079
30976
30204
21216
18397
28767
8479
3577
4168
7222
14221
274
1808
28127
11724
13548
7942
9657
14410
27526
13365
2417
14486
10377
697
20352
2768
6370
32725
25589
18271
7601
18751
27253
19681
32354
7870
8576
9832
1561
6647
2805
8675
4180
6276
32217
10970
18636
3143
1364
15711
8860
9726
12540
1345
19108
3607
14935
32130
6448
8133
9114
9227
18133
23123
13239
5535
26780
31929
29591
9742
30563
32621
4260
18603
26239
24699
18571
23807
3494
30168
16960
13247
27149
14835
30786
24572
31437
18062
6176
10394
15499
29132
31548
11779
2136
16779
7375
6172
22998
10483
12589
24697
16540
17487
16971
3277
220
1820
30078
28068
10051
4192
24197
13652
5153
6462
970
31536
16842
12742
30693
32512
19004
16402
11362
16558
28674
30094
25028
16450
11864
11927
22729
31248
5263
28744
10480
29488
28851
30864
24633
27183
3436
5256
20524
4
1826
12548
11292
27974
31844
22889
23725
6044
7563
6334
11412
7028
24474
28933
12958
7672
22121
23755
7412
31549
31235
3838
16797
9406
23372
25855
6212
17418
3047
16120
316
30137
15702
12912
32193
12452
23395
19228
15745
11606
9663
19960
9563
25021
3306
12951
13158
25893
22098
18103
25653
20584
19391
12313
32089
28254
31214
16528
24872
20635
17020
20567
20413
7258
17671
4775
14656
9140
25487
6281
1384
7958
26146
30186
29757
6897
440
15597
31779
28083
18012
17285
18708
18935
14476
26434
16685
16632
6627
17259
12908
18764
9461
3406
3512
7631
16507
2772
21281
2269
28080
22360
4970
28612
30202
27321
10948
12920
7117
5806
6365
13193
21196
28250
6681
7251
17202
19489
26143
12661
7281
27065
14232
19332
31513
16004
307
18432
26106
6173
29677
1670
9869
8497
14991
17992
144
19088
3704
30651
3313
19075
2460
22159
15341
9825
22989
24548
17017
31325
14650
30907
30433
29602
20533
22698
24751
12450
25657
3285
32718
31658
30763
10009
3823
5050
16864
28042
17708
30613
6368
7712
23275
26388
17001
6829
22022
3775
16055
4370
24873
4510
31619
29619
12923
25933
4042
22056
17792
13391
25807
566
27710
15012
28771
22781
31646
20638
25700
21618
5910
6128
30596
15632
24453
32520
11083
26571
2398
3743
13152
4166
7689
13710
25092
9029
27782
1763
15839
3429
27988
7732
9471
25099
7569
7731
8478
28314
5474
32131
20771
3561
23957
5578
3052
20468
18565
10504
8267
18897
21054
20775
22094
8678
19426
3539
5572
11354
22092
25739
22012
11209
28658
18168
15056
2620
6672
13182
738
7768
22787
17426
11046
20693
5106
8011
27553
13874
6068
32699
29040
28839
16622
17791
31243
28252
4476
17941
13259
22488
13587
20078
1962
17084
14628
2884
12363
31921
31747
19374
16954
671
5960
20978
2420
30752
18806
9882
24618
13108
8922
8650
25282
12342
31158
7888
9503
526
27039
3581
19746
4777
25124
22707
13936
18342
2224
19392
886
24402
29106
31722
16299
6615
29946
22731
30485
688
8550
25056
26383
28256
5055
12764
11337
100
13534
21570
4624
19814
8979
6450
26320
28083
19143
23427
31191
5103
29279
27923
9819
31752
15716
7515
4031
18024
27361
3655
29458
4975
21261
19268
12761
29472
26666
22170
31246
32026
16045
8444
12136
9418
24735
8029
31197
7648
28739
29446
7526
25855
24057
22502
32514
16569
13666
19753
31485
20154
17861
11276
28786
28995
10674
8431
9743
12507
29157
15019
27672
26177
30572
1063
8110
16548
6413
23590
29522
31766
26594
32611
8357
23615
1862
30944
26481
16206
17397
27771
32237
23861
9838
28610
22077
1814
1180
25864
23865
31480
22198
3257
5743
8127
21348
16618
14699
15707
5923
3892
13366
1343
23274
9411
14108
32533
32270
16554
11698
11696
26467
8313
18712
66
420
6930
32636
25551
22292
23992
9439
2273
4198
32617
284
12670
23258
24174
1830
6999
31146
31792
4497
23106
1700
19277
18516
14058
9752
9195
5069
26053
12788
21069
16645
10823
8238
29604
15158
14934
10338
5415
32394
30205
27837
18789
10278
18276
10777
10202
18279
16128
13161
27329
21611
16391
15448
7978
28628
20775
14125
6988
20424
25975
18930
12060
32316
12718
7893
17183
19571
24979
5070
22908
8129
16820
3458
9557
31637
12635
29032
11351
27831
28862
2858
9872
14797
8054
24910
4225
32036
32562
15637
9077
2989
20141
27043
10257
19782
20701
28257
22315
27195
21614
18592
15584
29197
20334
26751
20960
24434
25418
29966
16141
7580
23801
7091
32581
29374
1399
28365
21371
29645
22133
6040
15629
25988
26447
24401
29265
11946
9790
21402
369
16279
12751
2591
5498
4853
26259
18298
4527
11204
29976
3412
30499
13472
5145
21453
18567
9287
8946
29214
24640
2902
20566
31357
27837
28499
6468
3394
1799
22256
13367
26439
6041
27534
15518
12180
32115
21505
12939
18492
11114
11411
8879
9858
12226
16459
2694
30272
23038
26479
19663
3210
29431
12103
19007
28046
15148
12068
29302
27070
9049
11937
24882
5682
29515
297
23491
9287
21234
15033
17087
23693
27064
8679
19446
16608
2065
804
6312
6612
3923
18750
31734
29527
3017
32553
1431
19601
13570
7934
9420
32527
18543
21060
30614
8481
29230
1903
6694
26496
14368
166
2709
18996
6977
16329
29909
28853
25401
29619
31464
10577
18478
19132
19791
28621
28381
20098
10182
18255
27369
11498
1582
27516
15218
4705
9675
7389
30186
31080
9903
3207
4900
4943
24950
11003
4782
11840
17716
24139
26721
15488
20908
25470
26678
24818
451
24374
9308
9437
14900
24976
29063
15086
4228
24908
1418
29569
32313
29230
25640
17948
21575
15011
3623
5180
715
27816
9895
2389
2299
17896
690
15380
8541
23332
22292
29927
32312
13016
30829
15807
10825
29468
24964
7957
25014
9928
29662
11819
30536
24027
9872
20628
6612
11550
5969
22774
3578
20740
12755
24847
12306
30677
24916
1270
21092
30475
112
25507
19351
28669
31545
2226
18797
10170
22409
9060
15277
5688
6039
12007
27488
28846
10953
28631
4671
13118
24777
27396
1645
28119
4827
14710
20066
22618
30574
23982
12583
29179
21488
32303
5833
12267
231
10557
19720
32564
29758
1509
1103
7652
17884
5693
6377
3949
25212
28397
31857
12364
24760
2030
21386
11497
11366
2706
7121
24510
31784
16581
28176
23228
17727
2450
12469
8170
8608
30441
20098
19792
23626
30879
17797
16403
6102
14518
8779
29409
17232
3295
15185
7055
20805
8509
16571
19457
25885
16492
29768
6731
27307
23746
7558
5141
19459
16084
3650
324
14732
32060
19267
14807
14422
8602
11576
4878
27309
7897
3566
10194
18158
31924
21958
81
12441
23672
32103
23785
10152
15115
22448
10311
543
5165
14320
21712
25573
19198
18522
10559
26834
31680
9395
16528
13577
6879
3406
16670
24456
1326
17978
3848
27389
25972
30394
32216
16603
4903
7413
17767
25262
20087
27119
15867
17836
32143
6584
10163
3212
20247
7140
293
5019
26109
8250
12613
780
29301
23473
2185
23439
23614
6552
23882
12582
25127
27924
18286
2100
21203
5839
16196
2263
17081
29423
9135
31864
25454
837
27527
18849
24615
27079
1596
25102
25466
26433
12220
22278
10852
12871
15255
2028
18576
14958
7009
7953
470
11196
9305
20684
23811
18012
22599
4301
21464
24214
13739
12718
17493
6399
21267
8907
1847
14061
18893
16468
20415
1838
13246
27040
14517
20218
16530
20932
8877
16165
9750
15973
18313
18841
28641
10442
10047
27396
29242
30005
12764
15566
25654
13428
21193
25422
25889
9139
16717
11325
28959
24212
14932
29035
2323
30594
1903
5040
4544
27202
30491
8742
11823
7370
10822
405
6480
25175
23311
10287
17123
13498
206
16766
13209
6130
30036
20122
31863
23552
32628
5791
13692
12535
26306
31582
20355
16723
29850
1619
15723
18059
1636
16856
14452
19434
5399
12951
9196
5018
22012
1349
21516
20994
22709
17550
15389
13138
18045
11083
18398
24411
9905
26363
25642
28581
19600
24177
31446
3003
21055
20682
26073
8138
17679
24738
7599
24938
26371
24456
9983
5820
10637
28078
891
21429
17817
16869
10759
8633
5324
11721
18974
17772
4110
12857
24178
5829
5958
14347
21203
8036
26212
16637
16722
29477
23461
9454
2726
30453
29458
12110
19919
2532
6987
12499
761
17532
18306
22893
15778
16977
25290
28285
23039
10714
2194
12610
6556
26239
9836
2451
29508
18675
27412
18644
6688
452
9901
6435
34
10801
77
27858
22437
20283
9404
538
22605
13055
21113
20237
19253
14402
26366
27085
8777
11342
20805
16636
7920
25341
3467
14451
19439
22803
3668
32311
20106
20688
13999
11176
21227
7366
18875
1788
6088
3305
29546
30956
23873
12773
20101
2733
15111
27316
3057
34
8643
28783
7984
25168
2998
21604
5162
3602
8348
9322
29230
6926
20695
10609
20532
12007
11209
29789
32357
4277
30082
11541
26845
4274
16283
22486
6063
6197
2401
1230
28713
30181
11063
7654
7002
14886
4405
18143
13778
14296
2325
928
11433
32065
10064
6350
27587
22855
1924
23198
16721
16611
27673
24039
6811
10450
292
16252
32254
10126
18059
30136
26160
29564
25963
24666
25292
4455
29878
2707
8714
18221
28961
21342
18381
9912
27709
28688
13796
17712
14051
32048
10633
29295
2774
4488
21038
1206
30628
1916
17786
3230
5837
28827
29838
1361
19239
26484
1676
21753
3969
13227
15450
12665
6279
29772
16803
15708
19942
17502
3871
28938
24240
3516
16917
9282
29953
32288
3358
19396
19683
21121
9771
16206
12911
27807
21961
7114
11061
26332
2980
5574
20190
6733
7242
20516
4880
19217
3122
2835
3730
28385
3069
16190
30641
16873
2555
31043
25058
7638
31985
2406
32424
18225
19482
23431
26040
9451
30827
2897
10332
5689
27419
2229
13333
23202
3427
24726
18564
16469
3459
32198
1162
3265
29957
30258
20143
21344
29765
14425
7360
11987
1841
11523
24252
4148
22350
8495
4338
6312
32508
3149
14691
12595
4602
1709
21613
21713
3884
1080
29867
16578
8092
10078
6679
32549
18112
16463
1137
32712
26619
19566
1253
13119
17765
2562
4840
23603
23503
29743
10339
2813
16386
15142
10515
30579
24904
3224
22831
11522
21806
16496
10060
15614
4231
15809
19839
27445
12724
11261
3521
2250
16419
17513
3479
28993
1302
22477
5362
24022
24998
23664
13395
787
17927
6211
5684
11425
11789
15197
32676
19295
18159
32423
17457
10673
8780
6873
12554
14875
6763
11173
13157
13326
19399
21297
15903
29441
18379
12747
12962
19396
25818
1497
20748
19473
20370
2062
29582
6245
16722
22500
6417
23565
32761
3142
800
32644
2801
15500
27394
6396
6509
5549
4646
19259
19950
20400
12741
1704
17164
5988
3522
24742
21875
16465
11989
29984
20268
21230
2024
1637
22558
19221
2753
20279
20436
6835
28642
15134
29824
17604
13741
30979
31552
9343
6860
7161
32161
13517
6096
15966
24674
27648
7192
23331
6010
32706
4597
20840
27483
9547
28171
17996
9081
8664
19963
22787
14854
16216
27199
23849
32000
31080
24405
3925
16494
30337
4639
30706
1511
8560
13194
28746
15699
30471
10094
32228
758
23571
21173
30736
32426
3982
5312
11200
18539
3349
28678
29081
30233
29596
9726
27210
13946
17504
19008
21789
7551
3613
4327
13515
1480
22657
23609
13973
11113
25569
19850
3984
25583
4396
23901
17473
6046
1565
16077
3689
24573
25012
4651
21794
28565
5350
10985
27435
9973
13204
27830
1921
31481
20922
1003
11311
4172
16617
32038
28518
12332
16887
52
23248
31341
32501
12853
21794
30913
24929
762
18929
30518
6301
27058
966
17920
25760
21702
27764
18553
30956
20737
10153
30054
3007
11252
15300
11388
25998
5529
15590
1315
1199
1334
11852
31353
10582
25988
3548
6298
24002
19473
15869
3871
20152
16355
16812
19684
2097
21342
32461
2319
27216
5480
31422
23885
27286
7626
17714
21855
30041
14553
1341
6102
882
30295
23723
3098
14391
8084
5526
8625
7081
22744
20024
7358
17646
29189
5885
3016
2305
10873
14044
19133
424
27698
2536
14135
166
16949
11810
31229
17202
3632
29330
2509
31145
16734
15510
19289
30592
7339
22393
29327
8060
15385
25159
2333
24613
29026
20448
15925
21624
12767
11596
25485
23772
7080
8782
15275
17495
22013
24636
32095
17922
20708
29453
12433
1722
10260
10420
18492
22297
11538
685
7611
20900
23706
26069
12612
10566
17216
31870
21426
15358
5463
32451
7559
15828
32274
21785
22321
4113
27113
18727
13964
6319
20542
14552
5545
11791
16449
32686
1742
27370
13585
2649
27069
32394
29988
18568
26169
19770
232
28927
28615
29947
21674
19433
14002
2680
440
30576
10833
8764
25282
23180
28812
31267
28550
14872
30365
22286
29613
9259
32532
27355
11503
9637
20766
22165
5246
32264
27910
7399
22434
17802
27132
6359
17312
14696
24854
19633
10465
8828
2452
7488
31056
2578
27240
19780
9732
12536
17654
19745
31
31956
7448
13013
8438
20410
613
28204
7538
32254
32435
3383
2230
22087
19930
9466
2561
28645
17083
12901
2518
13157
32129
1926
14939
20834
22311
6396
32512
7070
9787
16303
30560
29777
16609
17086
12652
18368
24602
15801
18118
17426
18502
14097
26987
17247
23272
31436
9109
7179
30122
3453
20192
19282
17057
19316
1707
11811
24017
2098
6593
15410
29684
16928
16185
31049
15991
16000
4762
4318
198
8611
6979
20459
27337
22364
25354
28922
1198
24502
24612
28287
2026
21474
13893
20331
18810
14195
4871
8702
6511
27086
10640
6365
15273
19419
4463
32356
24035
28161
3272
29245
12016
23122
31153
9522
31555
20226
29403
1855
29365
32030
25461
7148
31619
8058
4685
26842
13974
32236
26681
12955
6408
12471
30133
31686
16099
14410
31693
31307
23340
15659
31806
30469
26912
3118
5336
19342
701
8938
10790
29271
132
24685
9553
23800
18046
11823
18754
1220
25213
13637
25351
27041
24484
29655
22904
29463
29481
18132
24602
26534
26202
15332
20803
28253
25054
16287
29567
20136
32318
31740
11827
25194
15780
31500
29056
28235
21218
25064
21866
21588
22965
22504
13370
21689
25675
28181
17440
20725
516
6881
29725
17692
9078
7702
4128
27501
32691
24845
28784
15911
24270
10016
14409
19359
28059
8801
26570
4238
32439
16525
17679
19631
23752
17467
24730
1418
4614
32345
14583
11146
18683
15321
16799
5462
10886
15272
20766
17758
23846
16608
14961
11700
2421
5438
5554
26142
2035
4054
31735
2153
7173
29701
14967
9984
24638
15528
16622
4541
18396
10123
20291
23806
22934
5413
9832
24316
1941
4226
16515
5976
18624
4992
21579
13559
22332
23358
10164
11792
14387
24786
30158
7811
28885
19002
27626
24685
3229
26517
512
4857
22742
4244
12877
889
31069
30251
21568
11445
15016
15500
7831
16514
17671
29013
5318
28567
5418
12808
25496
25501
24036
5821
28952
8069
14126
13587
9138
14878
15983
20332
9366
9959
3067
1114
8541
290
8665
4692
20719
3369
14281
942
16292
25605
2181
22216
9897
32061
1096
30341
21158
2796
3213
5886
23965
23574
7449
19064
16406
14652
1595
25236
32121
28462
7251
29126
28603
31777
145
264
30268
4865
26367
19920
3056
26889
32194
9279
2238
400
22941
10651
4645
27686
2998
11007
32549
10463
17565
17489
13149
9967
10378
29557
13681
4471
14566
27584
1198
24223
30477
15792
29169
21733
9299
9946
32708
31413
17221
7715
3531
9273
15921
28723
21343
4978
22248
39
28024
24200
17346
134
976
4190
7651
14455
18757
14186
1213
10545
23423
22212
6870
10162
17876
28028
16331
16052
11112
2097
11158
27869
23705
4319
20236
4918
23450
20729
7593
10206
5213
22968
9360
256
19383
18098
4814
19458
2495
3758
5855
1279
887
22199
13683
632
18350
31599
32114
26950
13092
17574
15677
7379
28656
30507
7479
32650
1055
14562
17284
6028
13214
31511
25872
27557
14682
24338
26579
11390
7077
18668
31316
32276
8156
5281
17516
30056
8518
8549
5453
7801
20288
10044
12994
7791
5783
2757
11705
17945
14902
9046
24574
10393
24321
10062
30537
2654
3840
12967
12667
15443
30656
7115
11813
14166
26614
2729
31050
3052
20582
1543
13158
31283
19459
27418
31406
17944
29528
852
31130
7113
32550
11389
16033
6254
32335
18181
16707
19220
8946
24217
14413
16873
27352
16628
9561
30639
9999
30456
14740
13675
9940
21501
30660
15453
2487
3945
14217
19509
31993
7296
28130
22916
26681
13438
24308
2161
19791
18147
7431
16301
24441
17423
30930
26537
5557
30222
18168
10758
15469
23477
7890
17741
19033
14830
30319
18656
31906
22352
16345
19760
32323
5619
27546
31793
7861
24450
29823
32267
23499
6033
22684
7699
17115
2097
9104
15353
27934
31938
28171
23874
7001
32521
30349
29433
13501
27267
14192
10146
11532
18936
7720
18800
5630
13138
18378
9400
24547
5552
26315
25252
3465
11703
13834
16428
24416
5160
7441
12610
14812
6840
27032
17485
19227
27420
16971
23001
13256
7267
14030
1165
14143
12936
4349
9565
14066
15432
19320
6145
32011
817
20831
933
6739
508
27482
9186
23378
5404
32221
7661
6328
6551
31914
13838
26363
28181
14231
31060
26946
2614
25745
12168
19330
8233
2785
10591
10214
31867
13230
16115
23413
6188
963
4724
3567
4360
8851
27419
28919
31796
4730
15456
31351
18184
24134
11629
7745
6684
16374
13522
19186
29350
9410
7290
11804
26115
12891
478
932
17299
12659
9848
29800
2250
384
9339
18469
23428
31165
23489
28313
32409
23410
11013
9188
29874
14710
18770
13364
17755
30962
21435
8865
6233
20327
25421
14166
6973
25075
16194
14578
25913
27088
32631
21806
19763
541
13089
31935
26136
737
24507
13950
5491
3405
27715
11718
30782
11585
19621
29
2551
13330
376
3607
16887
12427
16360
21368
6912
10289
22003
2713
14613
30155
7897
7949
8590
28962
7117
13187
14699
17414
1265
16110
32233
4241
26241
1252
11091
19632
7758
27972
17947
30430
19823
32540
14889
2099
4659
714
1139
18334
7770
3937
6862
25199
32132
1870
1539
28184
8169
18491
25126
14132
32075
4659
14627
456
25641
27143
27546
7881
18742
31473
7149
31455
11017
15224
20375
2665
24086
22931
15039
14017
21725
12817
27148
12481
14433
22328
16060
19590
25820
27309
28912
19059
7857
20116
3146
12665
5026
29175
6842
7830
31811
15468
29077
11676
29102
23794
21736
24372
19321
29
25867
8226
6629
12659
2681
21963
4184
27669
21470
5108
29710
7842
31346
24524
25355
9816
134
9261
1876
1404
7772
15135
2654
22780
28988
12446
23751
20820
8388
8861
9796
12974
28288
25162
29147
8269
25531
14996
27218
14123
4500
32746
15079
15329
5972
19782
26689
24520
25342
4715
13735
24926
24616
22379
27248
3051
2314
22891
3002
23140
3541
25770
24159
16783
1606
4032
17701
25960
24954
15396
20277
15812
2052
32753
2767
28212
25661
23786
28731
21804
17627
26811
30979
5732
19909
19074
14175
9343
27430
12685
497
3563
31424
10597
1970
4360
8068
28428
24621
15244
29535
11140
27627
6438
2902
14224
6446
13665
469
19647
24802
29900
31556
18341
4048
2392
22748
24428
12309
1537
3513
30348
9938
21936
18992
26838
23078
6496
29026
31415
29529
12672
3345
19899
4442
30361
13235
32336
32620
25905
5317
20173
17436
16623
8034
946
7286
29440
30484
21809
14200
10168
10986
6638
17863
28541
25291
3844
12705
26337
30473
24904
4883
10766
9785
23505
13420
5991
23875
24504
15089
9580
17845
2332
18386
20446
3677
9577
9565
24612
8726
24282
21618
5358
16610
16701
3639
27928
12089
31735
3596
6609
28577
1351
14274
23548
14975
719
28167
20694
10285
6992
11557
29146
16716
5557
15853
19426
26972
26963
5357
12686
22410
9071
12778
27881
4552
17920
5002
13386
7715
951
4944
26233
24145
32061
15821
21011
18826
25532
31509
3120
30874
9376
7025
6722
14387
671
7251
29505
5511
16374
14735
7173
6422
15862
7879
25331
9157
13760
19751
32475
8753
28237
2387
5409
2626
5041
26014
27419
22275
5024
15485
18107
30385
9009
12091
17006
24338
20962
31982
6211
15367
19932
17833
10320
27749
15737
3571
15954
16641
20996
5752
23187
12810
30656
23551
529
32412
18219
21404
23004
27281
7043
14119
4544
3739
29322
30188
25124
28304
31111
7588
8498
18948
27533
20389
13112
23325
9471
5717
23118
30627
4180
12004
10554
18519
20504
6971
7568
2694
18995
4143
9502
4061
30830
5115
4742
28799
8755
24813
17709
9045
25492
24671
2132
28837
9616
20969
28037
29415
27537
29397
9777
6612
6712
14803
8343
25535
7005
31470
27623
16680
850
1983
10152
22159
7016
8161
599
4230
30133
17829
2897
15882
28180
19206
23539
9491
15468
10975
23551
17770
31798
603
9537
15803
19769
16045
19059
1771
29080
21250
1375
31147
3343
2740
4163
21070
27002
19393
11897
9943
25751
23931
10327
855
27404
1921
15957
8310
9388
7405
22381
26703
13814
18383
28360
15745
15070
10459
1174
14466
24273
8030
5694
20279
13811
19831
25015
6850
15275
11395
30773
12188
6753
17881
25609
15331
8326
25528
26050
24565
1749
20093
3225
30013
27609
27161
11788
14157
10416
18371
200
813
25358
32746
24268
8435
133
26734
29388
19348
24323
31503
21715
27386
30364
38
23085
13399
18569
20883
7300
9400
16241
18934
31817
2525
25832
13346
8790
3400
4150
20174
17617
30100
29273
14478
13139
4616
9037
22530
28233
1132
5258
5197
19867
23835
3279
29129
31372
15706
4382
26362
16610
29672
24327
32192
31558
18391
23594
5328
7917
26009
7928
21860
10872
8798
29881
12594
31769
2462
2259
31899
21240
26865
4425
31014
32725
20007
9346
25644
2286
11157
7244
24021
17699
5805
10784
15427
12888
21714
168
7948
2843
10858
13950
22254
24454
8244
17975
30142
13671
13019
20384
6818
29599
8396
32327
20096
7368
19013
14653
1206
7451
22447
27
5132
12176
6702
6467
15334
7750
23158
30056
2495
25126
2528
27729
13010
26052
2493
14041
13850
28549
31978
19003
23165
30471
22437
30860
23877
27069
8606
31369
25807
8922
7761
18067
2951
6769
20372
22776
5908
4058
1644
20852
12239
13143
30245
2552
11386
4855
32162
2729
17967
20155
6897
32556
18582
22520
15650
4385
4699
16380
26714
19437
31199
23028
24611
28093
27182
13326
19462
18888
19506
11226
2652
8148
4134
8694
9569
3323
27468
4330
7818
31151
7651
2897
1049
10492
21844
25914
1262
19725
32428
3277
30368
17650
7502
22066
460
26528
31210
16046
26797
57
15785
27407
7149
24462
19882
25931
4539
9955
31410
23908
4894
12274
22815
29070
29577
13874
21790
16788
26287
9560
22302
20856
26776
12574
3205
32602
27637
6724
10401
4250
17073
17621
12769
6721
29896
940
12101
18589
31068
15670
18963
18988
1542
19834
14284
25020
26730
18774
94
25551
7694
1803
29851
9028
7788
4092
26858
4404
2885
24498
2108
5147
15161
5156
21314
23096
21141
29493
8158
11062
24172
27007
11479
32011
9705
26191
7632
20513
9699
14576
29563
5811
27314
21293
21514
11131
15425
5393
14310
7050
20581
1521
20132
18295
30573
7853
12341
8123
30459
2354
11868
92
1810
31043
23141
28617
9583
634
4885
17669
13085
3977
11997
30984
4164
24262
5714
10083
10818
10215
25314
546
12284
20233
21951
15606
24694
18680
15136
13204
10146
5290
3497
20312
32118
28172
28199
28718
15169
7682
17281
23730
23359
2984
5868
32150
22123
29407
93
26692
5268
25605
14148
31941
8883
28931
7031
6882
9084
11149
19052
12937
11827
22693
5292
13170
4033
32097
26500
8193
8711
10479
32510
18287
11634
8150
29712
27429
2256
19582
31506
21352
27490
6387
26229
5947
9522
5606
16819
7041
12710
4853
6274
3427
22614
3116
15949
23537
20507
4299
10724
29964
6248
1865
14707
18819
31966
29338
29361
23676
30490
7342
4953
25110
25298
19002
1502
12620
14368
23482
3675
3357
16413
32695
17352
2281
30642
23109
10612
3103
5291
17873
31919
14613
24845
4377
2759
15159
24746
24188
9015
16484
29938
2164
31258
8597
29452
12129
3814
32448
24614
21640
27478
20988
18441
9819
20136
15845
25072
25083
6409
6978
30618
28155
2894
2533
17054
4711
12004
2259
13311
29188
31242
22949
23040
10458
1085
13102
22585
13296
24308
1886
9707
1623
26254
24678
1681
28521
8073
6429
28855
13907
29684
29859
22287
3793
25895
22852
1986
19257
1457
12959
5636
28603
20370
16135
491
2791
10923
19497
4737
30575
14194
9967
5656
27439
12778
17061
31965
30570
211
23387
432
24151
17693
6026
21811
25052
32163
27898
32545
28569
4886
19682
27106
20008
24631
23378
19548
12195
2634
13774
26123
19815
15815
3387
16724
28952
9042
5888
28694
3814
8429
6501
30339
21774
15213
5950
22574
21667
11306
24270
31588
10126
32507
32742
22208
14292
19554
27981
7418
3095
25603
19812
23296
15712
31579
15882
15432
31259
13486
4030
26980
14947
4673
15363
13527
2432
10698
6921
2599
2222
11301
7305
21299
3872
5448
2033
18375
2885
6265
1985
23406
2378
7359
1077
15751
736
23958
4388
8091
23615
998
29480
13806
12907
19254
32767
9812
24246
1821
24113
22854
21382
7418
26611
24885
13912
17893
13644
27678
23301
11494
4470
29535
1092
15716
24455
7625
3441
13792
12881
2038
24973
21219
7046
26333
25477
9780
30240
14499
11191
28239
12287
30645
16050
531
22228
1043
8509
9403
27711
14063
28060
22031
17716
21622
19982
29403
30883
20462
154
14753
8536
5633
18443
1931
30496
20824
28218
24995
813
23916
15243
7750
29627
23449
1978
17110
21236
7797
18392
27056
9489
24415
15760
17502
12739
29275
11183
3597
31953
27677
13284
577
12802
28259
16835
11207
2109
3720
10000
8172
24559
2646
19771
31212
8365
16157
8231
10925
6683
5889
5679
28845
27660
24728
31083
3129
14826
17589
22063
993
11609
20094
13013
3368
3095
14789
29885
28032
25894
31637
5777
26485
6446
14602
5070
2088
16925
8294
11648
26879
15888
22626
27725
14747
24950
31170
948
9738
5234
18220
31383
27966
24450
5946
15607
15294
11103
9422
31488
7836
14372
14758
31045
8871
4017
26416
13900
29665
30546
16799
2381
4404
9372
20798
7735
26720
14744
11780
29428
28216
19492
31081
14830
1806
31893
10873
17874
21356
24481
24615
25236
13573
16253
11747
16307
8170
30786
5743
20414
3073
29589
10478
16663
6836
1927
29758
29687
17638
15546
17543
4530
9515
16326
24340
10556
12856
474
12386
29932
32152
19623
8311
11649
19105
19833
373
3683
4519
23463
19567
28459
17263
32302
8315
5732
24806
29849
14345
10643
15123
18212
18547
24182
28491
8736
32725
20874
29604
153
5406
9679
18348
27191
7783
20943
7514
18530
8580
15837
3652
5801
4825
6043
12563
29285
13935
32447
9012
19865
5960
28438
23249
18717
2287
3017
21760
31228
26450
12255
29754
7706
2260
26627
8974
1050
5791
14727
3862
10878
16183
23210
4139
23056
30549
16406
4053
16257
15602
9133
1285
18513
4258
26757
22535
18158
6435
49
17074
8736
9526
13635
226
5028
32685
32526
25896
14872
18886
17073
9663
535
20407
9553
30146
10916
2954
21413
16029
26828
18987
25272
3522
28295
9920
11754
2717
22752
20536
22072
2249
18773
19751
18110
2692
11905
12753
25210
18272
32760
31876
16211
2876
29043
3116
4698
371
24877
25889
12623
16467
1420
14403
19815
10449
7684
24649
19276
28282
11065
18774
23654
23469
29283
30413
15705
9736
20471
7015
15823
26400
7556
30595
30071
3445
11994
29117
19022
22949
10866
7617
11293
15327
16650
9570
10562
9627
2192
18406
16564
9096
32321
25508
5442
21446
29714
15826
26139
3158
27983
31896
28819
17871
11906
1896
7972
7762
1174
16786
10675
2239
1852
21267
2837
31785
23182
29614
28626
14216
13298
27711
553
28078
9794
16971
14164
28029
31018
16859
525
6742
4049
22923
3664
18644
8891
31966
27235
21435
20718
212
16660
32043
19539
9919
2370
28698
9568
18770
20126
30209
31220
24571
30643
13524
2946
19571
11556
2360
114
9875
17973
20721
21700
31337
24205
14745
15863
11403
31035
26520
1577
30891
21750
2384
8831
15980
21929
10904
2247
4212
10031
23660
2140
14786
32090
1250
10826
11586
5435
27488
23731
5023
23453
21773
28018
27481
23763
17797
6141
28439
25012
14289
10896
13886
24035
25494
1672
17346
4948
25228
13
30525
3851
18994
24819
5182
25383
3521
4834
21475
16928
15454
13493
13482
24397
28563
7969
31876
14505
32256
7319
8491
11734
17998
22635
2742
2146
9829
18741
25707
22858
29407
6776
28628
20412
700
22913
3605
27937
9047
27026
29564
14939
2200
832
14682
25163
3436
17178
16913
21911
22642
2955
9071
23466
14584
15874
2874
13564
20517
3919
21004
12947
23159
31569
12385
26314
11633
7118
18927
21329
15757
26274
822
14453
16504
5916
21847
27041
16254
18085
5161
19237
11843
30882
23178
23863
22965
7580
4339
30775
17214
20894
16976
7736
15422
23007
13070
1467
21944
9633
28277
16829
30796
22105
15928
10997
14437
4880
16458
28247
15027
11017
3828
25820
15580
19364
12069
6277
5742
19842
14601
6814
17945
23786
28380
3904
24347
364
13825
4633
27387
18628
9806
22639
4986
6401
9131
13411
10439
28134
13787
23923
22514
1424
4761
8771
9635
16473
3559
26525
268
14333
25763
6326
796
20987
5467
27827
11765
20798
15202
9579
16545
11005
8227
11119
29440
8928
30390
11080
11781
29284
30129
6143
5154
32640
17217
14051
28161
26249
26489
6278
20341
23379
14569
8969
2224
9625
30579
4505
14262
15518
2394
3386
3602
17941
3740
17091
7879
31806
16002
6698
18569
16211
17269
29442
4141
22050
2323
2626
32607
8699
12418
27976
23443
18892
7940
7710
18750
8331
23244
19707
12101
19156
10769
19213
28341
26580
10336
6773
17078
16741
17974
16276
23738
18298
26318
14213
4346
23230
4152
14314
10019
10872
25003
7148
9036
10674
17436
8829
6956
24474
2319
25056
27530
5928
27566
5228
25076
12801
10264
8845
11956
8860
7419
3595
13056
20899
11109
8847
32625
29340
18647
3939
5815
3016
30620
20089
18570
13643
6488
31919
14563
21390
20452
1873
26477
20706
24665
21215
19254
6758
19563
16145
22187
25642
5625
11289
30659
30868
24801
25896
26746
5891
26393
5171
25473
9651
29436
8951
4404
15073
21473
11579
16588
16687
242
26709
16854
15177
24124
9199
29156
27337
22530
18443
21122
24152
18519
29765
15211
11030
23276
9304
31997
21821
25382
32228
1771
11265
22643
11119
26418
7354
27871
26793
13646
16708
29154
9204
15789
11686
32636
22819
356
16627
4484
2434
24097
32110
3902
29975
29280
11249
28971
31016
4578
20112
31013
14334
24155
9849
12459
28136
22636
20766
8569
6018
31952
16535
31835
19766
16858
4929
8772
30724
2335
3756
17306
17279
22896
16820
2517
28952
29963
4589
32584
28831
8209
14405
10558
25095
11067
28900
2121
25706
5833
25175
29399
22092
25020
32750
32262
27428
22853
27490
26810
14873
31869
6587
15596
10761
18518
16241
6981
24271
32722
18386
25835
3014
17523
23459
14235
20361
4850
15114
28664
31997
30772
28332
9762
30098
4729
5138
22667
30917
13015
18769
14598
3306
13031
31722
20513
25896
21182
7919
27317
26821
13086
3175
1467
16291
16366
5620
11361
2059
7912
2227
31838
6570
30354
10340
17538
31193
8559
26059
29073
25890
8566
21589
15697
4607
26563
8959
21474
4324
17549
7284
25422
28032
4952
29301
18785
30017
30571
22654
21435
18198
15493
12711
17955
4216
12236
21960
6942
7083
1286
12768
12992
4929
7179
18360
25539
7905
14970
20675
8918
15686
3500
2121
13367
32650
2278
24772
7044
2469
29651
10379
15823
31793
15665
25005
27120
11120
26058
20768
15135
18319
6054
2331
2498
23084
15743
29376
24195
15639
11893
6910
7078
28245
16899
18102
20633
25963
24626
4636
27597
19929
25100
8033
16069
19172
22100
6287
2157
10392
32372
2228
31148
7694
6071
20546
26684
1259
17592
14518
9146
10793
11035
27512
8441
7194
6522
20482
28572
6569
18850
5445
11748
1764
4864
27208
28358
2743
8534
10771
17985
14842
946
32459
28654
29615
10145
16414
17369
21124
5280
4322
28047
22432
31699
32760
6520
12955
28666
12407
3175
19150
22944
19718
22896
28110
31637
19082
10746
18227
7071
15874
19476
1438
9069
18862
31501
20730
19916
25975
5694
30209
13342
1675
14891
27394
20487
27208
28619
4578
17769
2139
26147
23394
2195
28713
27162
12191
13493
5486
4232
16351
9879
20515
18064
9610
12171
5030
15408
29303
29857
8469
23830
5737
19993
14586
19381
15834
15134
4142
4761
3575
15793
3063
32759
25067
13027
2420
24457
28000
31559
13371
1688
26691
1959
12352
26203
10184
7670
6905
6271
18607
27270
10175
6663
20165
12667
23416
10326
23981
13440
11123
29834
28384
8376
915
8460
10483
6391
30640
15717
15385
12339
9274
13396
26600
26677
543
24605
3680
2196
12783
14627
30761
25060
575
21177
11804
20779
13643
6710
3077
6036
18911
3143
28839
23144
19319
21642
12033
24377
28069
2904
9424
22625
30387
1506
6741
21931
15753
27775
20312
11599
16082
2884
22893
28964
3419
4310
14198
17425
8635
12156
15977
9156
19769
21624
17236
31399
21482
27032
9886
3600
29210
21768
9359
7353
20717
11114
3858
16751
11846
18472
21690
28174
15336
16393
30980
4780
31196
25091
25052
17685
4114
14929
7778
31864
27467
19397
2797
13663
8501
29534
30288
4580
24536
10781
11357
18978
27698
6421
2472
235
29726
13250
31886
20665
14203
19611
6005
9446
19593
22506
6228
13087
918
20700
2423
10518
11739
29908
24444
25207
19361
18693
14498
15134
26024
7744
8515
20871
5576
1802
414
19845
729
29682
6362
32567
21457
27170
10568
27192
24108
2099
14825
4375
5009
19782
4400
5383
29362
22096
19720
32215
32628
1461
15385
15908
1616
18713
23623
18381
12024
29042
8828
17575
8766
20834
28584
18290
18226
5573
22278
2316
23435
3206
6560
1509
27465
19894
31509
4019
27544
31455
21402
10087
31990
2197
831
13151
6296
17999
10868
26077
11530
6261
19403
26552
28183
6330
15103
6993
23528
4268
32054
3017
17776
649
32387
23665
18951
13397
16559
19586
7764
28969
26425
8975
6257
29902
17563
5943
18250
13707
19663
2207
6470
58
4370
7200
22058
6817
10472
4284
28730
24576
11360
24791
28833
3047
9113
931
786
10058
3973
25309
25776
19415
28653
22711
14891
12679
27317
18965
4396
14964
30818
12539
4340
28906
14809
11078
7744
11200
23401
24987
30319
19689
10508
23198
1510
20038
14314
3684
32180
4286
18719
20010
27762
8593
18878
21575
24173
27113
5142
4191
18696
31923
22068
986
17755
30380
16809
17044
24096
9407
26765
27606
29904
25742
27587
12166
521
29519
24191
13210
13619
7897
774
28114
14179
3326
17589
17831
5503
3356
4933
4735
5540
10223
845
18978
31684
25001
22536
29553
404
25157
23129
12630
1445
30744
8460
31223
13776
10409
11871
20015
14552
17346
1729
1342
6987
11463
9433
191
937
20039
28362
23771
29128
27601
4278
28861
3447
17929
24705
13125
18530
17658
11991
22529
22326
7342
10608
14425
17925
8188
12946
23817
11243
13730
20952
15317
16882
9108
8755
32119
24883
9363
24878
24541
11326
31744
886
2193
26556
31731
29337
23417
18003
12680
22542
10688
11210
11129
6518
19732
11118
3826
27169
786
17844
28320
5588
7422
10527
6156
26825
22456
31332
19239
22776
28651
26573
4133
21653
18056
3035
8079
23002
10611
25391
4244
15366
5244
22954
16801
14758
32400
13012
12081
18451
1840
20858
11493
14396
6179
8860
13527
6309
20328
12166
16684
30896
17775
6972
25576
28956
905
3867
4358
5579
16028
23230
20169
13512
10779
19231
16461
1672
30517
31998
15969
13168
21581
11911
29337
21144
171
21551
10398
17871
18545
29919
18889
5855
31952
4436
14064
14866
15483
6854
29824
23028
8284
15559
23756
4187
8327
32367
19621
12453
17772
32438
32299
1857
31056
20513
1506
12913
3582
14241
9737
30797
19129
21176
27687
15884
5750
26845
19686
1151
4680
27682
12836
3550
14364
27924
12104
4295
20902
1506
20434
7300
23451
194
13367
4749
10529
15761
28907
22861
23428
6841
25535
11305
554
25944
29549
11455
30409
5279
28017
6507
18903
21624
30235
19728
21314
9067
16099
27669
15202
1986
30460
25261
4140
8171
10796
6236
15016
4639
474
31927
26789
8001
7273
20843
16043
23817
28356
21888
26161
23393
25658
13791
19472
14607
12429
26386
9016
27541
2117
19532
32673
15957
13130
20393
7557
19705
11698
20406
10445
32018
19160
1588
6345
15103
3758
19481
29731
32273
12628
24280
4374
22509
233
2786
9691
4913
5537
24429
15716
9562
3095
20340
25677
30693
14821
25599
8720
19636
4211
25508
4728
16820
8716
4942
13144
14269
32055
29757
14972
8377
21060
9038
2016
30985
5925
15741
2080
28708
7551
28072
6960
1153
20225
1942
21325
5816
1013
21559
8243
14308
10260
29485
14993
14155
8607
30092
25530
13121
11947
5598
19869
12617
11453
12651
16119
382
32406
26295
18375
28977
1104
32075
6659
4308
22954
31416
23177
4374
20129
2266
32344
31568
20032
4442
2048
18720
10168
12918
14679
8019
28083
28933
3438
12297
24550
19381
3779
2067
4837
5016
23992
19360
19004
11743
31556
9753
14523
8933
11241
29001
6929
7791
1766
22465
24733
17714
1453
30331
22144
917
10135
16829
2295
14777
32215
12608
20200
26806
13229
30610
13242
17704
26332
18617
13162
21227
25693
29721
31963
28194
7509
21912
11886
25982
26693
25087
16595
2493
25216
21155
5151
22128
1507
13382
21278
6146
18112
23864
8426
13046
19995
3777
17596
28784
9241
17860
18435
29687
24245
32412
15027
15993
10421
28746
4576
25231
13532
722
21643
19971
29026
1250
2748
19600
4001
25781
8913
10216
13329
28727
16661
2300
25206
24682
11668
32375
31320
13320
21550
19595
22452
7530
2795
27121
27633
1960
4750
20011
25365
30466
1389
29965
10553
18558
10367
15227
25659
5331
21175
31092
13746
14982
24208
32080
22823
21331
23018
19525
29314
6350
26644
19504
8386
31818
2602
14994
10481
30202
16801
5337
19799
20310
16672
21986
9455
27840
8081
11451
1815
23144
16761
4269
24459
8301
27780
22138
32404
8773
14693
10979
14717
3422
22492
5741
28487
6917
22808
28261
17822
10632
29760
22306
12811
28823
31053
15242
9066
21744
26138
24024
24479
7996
20926
26012
27013
6707
8729
3842
807
23559
16301
24408
8243
16128
15279
715
23723
19811
7262
14193
19422
9369
17300
27021
13207
5005
9115
25870
1940
30806
13889
16472
14649
8470
27183
25671
12166
13346
31350
21873
31559
25443
25707
8876
7050
28412
28597
7377
26198
15148
31908
15295
27034
32118
3269
21666
22628
17664
14771
1397
22611
25146
3631
31173
17231
29119
30067
27832
12663
3712
13508
3151
24411
28447
9031
8680
17516
29337
5141
9223
28081
24616
9873
5461
28859
24168
28922
21737
2778
26040
14652
17351
16529
12771
12300
25510
4424
30464
25139
21239
4929
23958
21546
18978
3021
2564
31720
32275
22464
13088
3320
3061
14370
3103
19150
21053
22311
1461
21851
23275
6497
10876
9183
15116
3893
6810
8703
2948
6796
27295
8983
24330
7370
27052
8145
22900
16644
4826
29175
19509
13934
11737
645
31780
28434
25304
7683
29823
14024
17829
25361
2863
13922
7190
32580
31309
14119
25511
11824
13030
14979
23140
11974
19707
14844
3850
8929
14540
9064
15465
3355
5463
25949
29708
24805
20507
8170
23580
22743
29217
19844
1154
1860
15933
30787
5964
21778
1170
20303
26706
25288
20308
12437
10265
32745
19666
31422
15863
11393
6835
15201
3448
22781
22143
3447
11009
22591
5986
15376
17331
14322
13613
32069
15506
29467
158
22894
19687
13041
20705
4757
6115
4591
2646
8234
2436
5415
661
4855
31421
20441
26032
30039
24785
25924
184
31651
3072
23740
5506
6382
14693
31741
7082
19442
31775
7103
4825
14409
16815
10891
19012
24545
30113
20940
16757
4266
2159
28969
1614
23185
23970
25618
13387
8626
25914
17817
30983
8393
25680
9860
16898
28650
12538
27040
30625
25459
25967
14936
26998
22334
20075
20869
20418
14875
6357
31880
1592
28029
672
6807
25604
19827
4847
1108
21772
29914
7548
4516
6262
4562
5434
12734
18538
24174
29241
18818
3865
4528
11978
19469
11518
23732
8165
16778
13411
18475
11463
12362
7720
1547
10719
7192
7104
2949
23275
4038
19068
1848
24671
25868
11276
1956
5126
16019
2115
26081
6379
26700
7194
18576
8826
4614
14840
21267
14051
6208
16176
21753
28863
20283
715
3516
1014
1108
8585
22703
2528
10641
19234
21810
22698
24442
29905
24360
27132
20778
5395
27563
5336
5797
19629
7678
7878
4460
8428
10434
26670
30543
11056
20333
14341
32643
25004
7161
27307
26100
23911
7385
2068
14556
16774
16177
1319
9365
10190
6470
13411
12716
13925
14644
10696
10550
17112
19423
5621
4967
9826
12331
23694
1120
10092
19056
27104
11081
7248
11304
3016
22432
11106
25579
20944
26832
19505
2462
14492
23558
28170
23271
9349
27712
26558
31715
28547
30887
5285
12316
3664
9502
17123
8117
4298
26907
22250
31976
410
181
18497
7603
26899
29695
23427
24013
30556
10389
15786
23775
6610
12660
25741
27889
32680
20751
22696
17698
20944
24991
19484
19613
8735
6074
8950
4552
21932
21287
20660
16831
3705
29169
12038
13312
22613
22970
12753
24168
7424
11090
7289
17758
9105
21640
7264
15438
7957
29760
27818
2649
4217
17606
26436
18250
32682
98
10020
1228
20474
29741
8146
6107
13254
13602
20007
5753
853
11128
26196
23970
31492
26672
8999
13185
9376
30954
6794
23012
28692
11772
15181
9454
16196
1733
22565
27147
26936
14399
25588
23337
30845
468
17226
8742
10440
17523
22316
20612
26589
4066
9493
30564
23983
6742
16443
31666
16329
22081
22547
31389
29676
6763
4119
21066
17914
4164
1223
8905
13586
23673
8686
23368
7165
13765
11814
10118
14537
24074
12190
20875
22451
12704
3611
27543
9547
16620
5693
22104
27602
10293
16900
30559
16359
6580
27282
13269
24675
19946
18227
874
19841
20023
23962
12175
23362
19879
18286
4837
17167
1039
28933
27893
30880
16217
13679
7713
17950
7964
31670
24538
29572
11888
14692
19732
32075
20480
32326
20215
7750
12384
28016
16856
12491
12961
18305
26215
11027
2851
27176
29482
15075
31915
26855
23082
17516
27573
8983
5868
18545
15372
31533
6306
30119
11415
4923
7331
26977
9590
12986
3353
25452
11342
14726
14329
28984
29408
17450
29241
21561
13281
25950
31549
10125
20997
6350
13458
2271
27998
21277
478
18571
25316
21290
25879
25859
27221
6290
10996
21873
17983
9078
15265
26526
14938
24958
25527
13586
15388
27677
10603
29565
4488
31767
518
9301
21063
13889
31637
26561
32505
13704
12001
30390
8909
30261
3489
2143
13135
1648
24815
9923
8834
8194
3065
13986
22319
3935
26361
13983
32636
3043
18023
31141
29120
25948
620
24707
3990
10953
4763
22233
24369
11873
4572
5944
20207
2775
16040
31365
22320
3549
19324
22174
28264
11239
4999
12352
883
24881
1958
17449
29225
9219
26515
11129
9779
19508
7002
8030
24605
5101
16652
8176
20651
5551
17078
602
32369
27543
2196
10811
10654
21473
7043
29260
8729
32428
19381
2114
17359
26876
12200
16374
3403
26885
3929
8643
1159
20391
4021
14383
24065
17205
12880
24782
6674
14202
32089
9316
3195
9982
24526
23114
577
29061
9708
6931
31164
985
4586
18030
8426
11465
27878
8270
3593
17266
9248
18761
26212
701
18022
5694
26477
15913
30159
2875
1548
21451
8620
32158
6199
32659
7356
8570
15555
29648
25503
1596
30073
23286
10125
18062
10093
9887
29000
28539
30091
20433
28751
25300
10611
27775
19029
14547
7815
15954
32497
25855
25409
7849
13207
8783
1227
27614
31687
27282
14537
23499
29060
32014
22905
22412
12808
14440
26623
17543
4790
19396
2298
24234
8784
812
12123
2036
19050
13110
26999
12599
9503
2017
1115
16412
23298
15041
31071
5735
7511
29788
23038
7804
4228
23763
11748
290
15042
8133
30537
26760
19224
26480
20862
29830
19594
4889
24005
17444
6542
11438
29286
14432
9151
25003
16383
21548
25557
826
24860
23991
1493
20894
2055
9453
9605
5841
16098
4929
12067
21612
28146
26794
14422
2248
7230
18923
25957
20323
7769
1048
11943
24709
10108
10582
6715
13347
28887
27362
15864
19459
27433
21589
7591
26913
11919
19494
14704
12370
7321
32112
24723
551
26787
3829
7257
2580
31331
19300
18249
18641
24254
7895
9374
7681
15072
3488
3065
5394
30091
2117
32084
31076
2735
16585
12599
30125
15676
25901
31022
17052
6964
25399
1146
10428
2052
6514
23815
22940
16660
6518
12446
25645
4253
24425
14940
18539
8891
8902
24675
28223
12483
9309
22991
932
30422
7580
28908
1546
10166
13580
13734
31479
21209
7198
13376
7156
28860
14888
1097
31143
2426
2219
17356
23101
10653
1239
21192
22283
6452
23121
25311
32116
2342
11059
12114
30477
10949
6485
28973
31999
26022
29899
25535
6829
8113
13230
27981
919
19316
5920
16392
126
12476
8586
1851
14282
9063
16936
29897
21800
7284
22984
17111
21623
26972
31950
32198
29669
26021
5756
10852
4437
29364
20848
7267
30469
8675
26990
4362
23405
17619
19040
25130
6250
22532
8347
25940
23963
31650
15972
19273
25099
28322
31411
5042
22801
16398
27959
26897
11893
10909
11161
30968
19924
20103
27653
7289
31046
15767
12519
25821
29501
3458
25074
24728
32689
25719
30311
11389
122
13303
5268
9519
12541
5607
19099
19672
17674
32740
17524
14621
28421
16598
9013
7505
4420
31944
22929
17640
7865
6903
12703
4655
28369
23080
24541
21819
2203
32575
18293
3871
10541
21006
21439
30051
2372
23659
2822
18865
9770
8069
16015
22992
4573
13176
31703
15319
3693
1310
8989
6810
30886
9768
18208
9833
17903
25454
14890
32250
6514
5508
27725
9123
13437
24462
32493
21196
17960
20565
12671
18853
24121
6554
2959
23316
1860
20906
26632
23794
19479
29490
17840
18038
11349
3925
242
4849
17504
26108
23264
15548
11388
22637
29048
25711
21298
27168
3366
30804
22259
17357
26507
28700
8958
27850
20349
28880
21380
11924
20047
27914
9481
22188
12882
5476
29453
19108
8859
11569
2540
8825
8199
5995
20483
15651
6013
12269
2580
875
26995
17634
16107
19709
2740
17534
32322
7102
8800
29420
3811
8543
18740
15495
18444
17203
19979
30796
6679
4157
9125
11919
2650
23950
23464
14318
9805
31950
21220
18564
12778
16664
29403
15199
5466
17931
11393
12851
19917
11549
4160
23887
26026
17715
10047
32721
14312
20591
29156
1046
699
23625
12184
13429
3444
24546
21450
27693
26018
5268
19510
21659
30590
15566
31847
689
1414
19743
4730
2211
17255
11152
6438
20451
6176
31031
27385
20304
19301
6665
27364
29099
8769
28400
9722
16458
12032
30238
17013
9744
22604
17824
24570
24220
23446
5174
19742
26049
20152
17506
13864
31542
25816
9663
12568
3727
31375
24724
19177
10092
11594
16297
31252
7665
497
19545
6741
14198
24263
28905
21937
31615
23698
5400
7864
21742
13051
26871
8200
21367
17463
20987
17682
8533
3047
11857
16417
315
30013
25201
12696
26766
23649
25846
21626
2513
16147
15533
21552
25441
24721
9452
12167
9826
25787
19493
19705
2553
9845
24762
9261
24251
19789
24595
8385
30310
26206
23535
8774
13263
1139
10743
15756
22300
11120
12697
8992
23091
2798
19475
20244
29043
19494
27342
26110
1185
30480
30702
25411
13349
13004
9511
31894
15990
25920
7378
24251
22995
30211
18752
10129
22068
14457
9806
16719
7040
16704
20793
782
22528
10955
19124
14984
29460
3405
7992
799
6180
11737
27036
3617
28122
10439
25573
16458
19854
7001
31327
18570
3842
4255
5357
5129
15440
13719
2717
17257
16928
6297
29567
1355
28702
30706
19640
31252
23980
25552
8914
1265
1747
14174
13910
11800
13696
11567
20125
31313
2797
4832
12003
23477
15709
24569
24989
8118
24076
13333
19980
32352
15206
67
19475
11999
13175
24491
10822
9536
2723
25461
23107
23932
6807
21990
14149
22450
28031
14540
6902
10676
6521
797
13445
18885
28746
25051
22009
30369
22353
58
11205
24766
23481
6917
4764
30930
22258
25406
32646
1941
14177
29701
11828
29384
16726
24506
2448
21366
23615
6246
665
16762
16412
14167
18798
30785
5939
26635
7336
14545
26629
31312
8941
3338
23424
24488
707
20524
13174
6130
11425
8346
1358
20807
2892
7902
3322
16163
3681
7660
11305
27845
17197
10411
27069
3800
28613
177
1407
6226
25683
31310
29713
5789
30383
22989
22309
6389
23599
5622
17901
10001
21951
9176
31186
2821
25140
12229
13161
29287
27357
26525
27555
10928
7771
14928
9540
31974
28083
12446
29334
27768
24482
17185
862
23914
11825
20878
20239
26033
25224
7992
12094
19937
25351
30933
32342
1285
10131
26501
3725
3022
2094
5392
3350
6897
22987
17775
9624
2250
19808
2447
31200
12869
17724
3921
16851
27390
5275
13013
10150
14503
23928
13560
13393
23979
162
15131
24640
30480
21522
31783
7244
12706
4988
16077
26347
23118
16164
3347
16803
19916
23795
16652
6853
2945
20426
20198
32599
28579
14614
28715
10578
22686
6309
5184
15886
15286
7864
14898
20730
27886
25689
6065
32400
7721
32238
12637
13192
22928
7183
18497
29772
31539
11925
16541
14509
28147
15859
26089
12244
12191
28362
12310
123
24669
25527
28183
22877
24908
29040
31136
26090
18023
22799
22574
31552
8109
31917
27975
4439
23935
16947
8707
23675
21577
6253
9675
6912
9060
21088
11361
27441
827
19678
19744
15753
16045
4695
26502
14118
23475
28914
12527
6266
14147
14044
20387
31812
6260
2272
10003
702
32482
1849
14688
15640
12372
13476
16925
27942
18844
21433
28246
27990
22207
11898
21969
21732
13910
31789
6547
11345
19508
22887
19366
17937
18249
1642
1050
3972
32454
24496
18250
28199
10882
17608
8545
32012
31389
24929
6940
16007
21091
3237
27601
5675
10867
13000
3248
7924
24096
31968
4425
12742
26647
10999
26958
12310
21058
21598
28570
26343
23789
581
27251
7673
8488
22665
24844
10045
12908
16589
27214
651
897
19404
22744
27031
4766
15597
26693
22562
8403
29721
20397
25709
30884
10697
23918
31731
2039
12643
44
22615
20784
13766
24854
16540
30618
9251
29547
27284
27401
14608
7485
4251
30397
25559
23926
3973
14218
29716
4888
8404
15670
17791
18889
1326
23331
24070
12174
13071
27693
12831
6103
23996
3542
860
12220
26744
5793
3391
18310
6649
19387
29777
21873
9245
6624
11118
5552
21466
21885
17251
27570
32115
17938
22715
26788
30962
219
5077
6967
17106
22191
28474
3235
5372
22824
14382
3820
3061
15108
32133
16483
11349
4043
24760
26737
23675
11954
32056
4496
9855
15552
23042
1178
22120
8751
6516
2374
18591
28437
23391
4079
31908
29508
1373
10392
16384
3438
25957
27438
1403
30093
25244
13580
15502
1665
12398
24517
15643
19195
14302
21789
7004
20891
11034
9304
30746
3157
30547
31928
8479
16153
2251
12609
5613
16819
5424
10687
17584
6384
24616
25866
4978
11010
11821
28809
2446
4901
22939
30965
11623
22659
15879
22623
27225
3157
28115
17781
4848
4940
26111
2049
21336
7727
13378
22194
10261
5573
17242
16927
11508
32245
16800
20745
22594
5164
21983
12768
30267
11519
5734
9609
30917
5394
30300
1887
28511
31032
7508
5752
15188
6619
23841
25641
21556
19871
14828
3020
12420
5954
14468
6080
9909
21191
26356
14258
23123
15827
21339
11291
2431
24407
25848
2826
20127
4719
19333
16932
10836
14474
30918
31209
27053
22220
22625
15929
15514
8880
14832
4118
4259
16882
8533
17579
985
16812
29005
21901
1037
2239
9289
1602
28225
18804
1913
768
16988
13923
11305
23734
16162
32404
848
1617
31330
21733
22374
14136
18801
1707
6263
22296
3544
26012
11894
22247
14922
2285
17875
6947
9177
10679
19023
23387
29545
7839
1040
6897
19300
15030
2800
7966
30127
5022
1051
1590
11741
29423
24025
25646
23459
30424
32168
2139
20876
9738
5262
20604
25582
31441
3501
11515
27677
10628
19224
14960
3038
9760
9445
5223
17695
11568
24196
17763
14821
21488
1615
30755
10373
25521
29537
20003
30743
1151
21932
32614
26920
31490
3142
10099
16047
32162
13828
25502
29506
25838
12362
9864
20106
15167
30753
25833
28405
28568
8586
32653
7082
12241
22803
3741
29378
11765
9127
29216
18357
21736
20650
19393
17938
12365
21062
17875
11380
2982
28671
19346
13233
3261
1934
5804
30292
19780
20460
13824
27726
14264
21165
29093
20200
11147
3983
12334
30972
11393
32339
16684
5989
8539
25291
12533
15796
26035
10037
2468
13092
13095
12487
9569
3025
9657
25227
30179
25124
24438
17005
25906
17554
3926
29843
13234
11142
24420
236
30557
2971
3614
5900
8272
22543
14111
17463
9865
2421
3835
20411
17647
31913
5739
12675
26002
15881
2218
22250
9013
5346
2334
10701
1034
25385
21563
3556
20924
11628
30629
18514
12978
24327
21908
1402
26771
7835
30589
28949
22533
18108
29679
5249
15803
22250
27579
28508
13486
28867
25175
32338
29098
13686
30084
9267
22541
6011
14383
10569
19404
29826
13461
17640
25782
2985
22955
25926
26365
9201
22461
10637
9458
30451
12373
16943
11792
13263
32094
11130
28476
11878
13193
30316
10315
3785
25584
5064
23237
5360
16634
21865
5608
17584
27262
6615
17392
3559
17707
22040
23702
17658
24871
29129
8407
32641
13302
10605
17398
10560
10654
27396
9668
25946
20744
24800
543
4033
10154
7860
14777
29425
18531
9454
6171
1502
422
11846
15081
17962
5851
31639
32359
668
12546
4590
4924
10702
17050
7905
8566
28965
25281
30499
7375
26630
25500
25429
11822
19271
10233
12062
22129
11492
31795
11901
11882
17396
30294
11614
26663
30939
8580
32108
30071
448
30872
5671
30633
9026
29704
31542
23703
26982
12048
23806
19684
27860
26637
10099
20353
30788
24615
29486
18038
8755
24114
3265
10463
11994
22742
1607
7732
20064
3054
1855
24270
2895
32047
20122
32167
32069
13322
6930
32610
5100
10451
28094
25227
3627
12066
23267
32031
29086
24442
23822
21327
5700
17448
24159
19329
6776
19822
27688
25496
21283
20705
18615
19317
3119
6160
20335
2237
11583
16998
24350
2013
5789
32338
16010
15948
19059
23972
12109
16912
13887
18747
8931
31364
12417
22493
17922
20056
32438
3174
22057
29401
30602
16165
30076
16499
5450
13955
28879
12404
3224
13029
11265
26642
15202
29140
10379
29872
1045
27740
23128
7517
26893
21681
16088
28062
31825
5913
27216
23917
30589
25093
32628
14977
4095
31105
17719
14032
23430
22991
20194
16467
22712
27983
27235
1545
28708
22947
18664
20030
375
10255
5549
525
20722
19750
28434
4644
26907
21411
30193
6343
17587
11925
26414
23832
21737
30399
29584
7061
14285
5950
18895
14306
13063
11628
1774
15305
18121
8197
202
18303
27906
12680
7924
22312
22741
4576
13756
414
19017
13124
6030
5230
19010
26204
20610
12580
25264
421
16430
20425
9990
6166
1471
19113
8430
772
29256
22362
30010
17219
30041
4345
21790
32142
14292
30647
3997
5672
22780
2452
22338
12228
463
22635
4112
4515
17046
16687
14779
14588
28346
10356
18969
6560
27353
24625
3027
20958
8473
6852
21856
21924
4028
3894
11316
21736
9717
12993
10292
24902
25338
11151
11118
5867
27483
24773
16903
19633
2194
19392
15988
3979
18139
28318
26093
27940
9542
5121
16671
20931
3082
15375
25890
32114
32028
23230
18602
21599
13056
19278
31105
3714
8672
7447
17973
2688
3803
7556
12302
18384
12703
17248
14658
19484
5178
24400
25452
30698
9517
13729
29243
3707
12226
25924
18023
29939
11936
16407
25834
27835
11421
30823
32364
19748
10195
18354
2815
77
10998
29361
19980
18246
4325
20117
22157
2421
9854
11154
20349
13113
7863
18586
13453
26574
3306
13419
16153
2673
22897
16331
8026
25284
25715
25874
21981
24691
19197
18666
16692
16920
597
14419
13291
9052
15755
18410
9918
13919
20816
30826
23304
11355
2571
1139
383
4484
10282
15242
14623
8242
30390
3682
31332
20289
12331
12377
17084
8120
9606
29254
5180
28074
23455
14962
7570
18522
4793
15844
7739
5538
27736
24290
23286
1174
9043
21684
13944
4964
2601
171
16993
11391
17304
5218
23663
7932
26988
27972
11249
30268
5526
18766
4991
29899
381
14614
27369
13960
12185
29453
5485
15878
21309
27649
18477
28979
27316
22758
5344
18743
16272
32213
3271
14751
16703
28245
4066
4795
28127
8922
7269
25412
15699
1931
12902
7490
17047
26696
8152
557
30544
24044
18620
6739
26024
8399
16278
15225
9304
25744
16926
25285
22790
8465
28217
26076
13522
27842
17191
16199
7980
19491
17150
31259
744
6788
18519
217
29076
28687
25671
21395
4361
10505
22673
26960
1856
29269
537
16562
22631
32570
18332
25558
27444
19558
24735
25468
10106
5170
2213
3432
25338
22567
29349
25096
4219
9153
4283
3414
25885
27764
1054
26368
26602
13037
18770
15814
8110
18842
29855
29220
21256
25708
4801
9266
3778
21980
481
30920
26206
7468
22212
14821
8945
10735
8771
22098
21557
30923
11003
1154
30681
28030
28485
3261
11035
3615
873
32382
6809
934
8206
21785
9316
943
29941
20384
24663
1915
5095
8
679
29752
2028
21896
19642
6274
27838
9794
61
9001
6781
31781
2161
30517
14756
10514
19909
295
21308
26173
26538
29058
12624
727
8355
138
9120
26090
155
8012
31897
26500
20860
14814
23173
17687
20989
28392
4352
13600
2748
24675
18091
24071
31116
417
6948
13382
1808
1678
26933
974
31369
22581
31051
10406
24556
12934
14378
15062
5176
20310
17888
12675
27654
17063
28919
16731
10337
27690
29167
31284
11737
8706
31468
26607
12755
30923
28587
15011
21027
19675
22970
14840
19165
28871
27881
2000
15975
9513
12284
30253
17363
15777
7586
29775
12140
5914
20907
22300
18831
17231
5749
197
26557
3469
26279
11175
7149
15546
14114
23663
28199
13974
7477
16258
21582
26689
9488
30108
23614
6142
27772
5046
15383
1078
21961
23086
15575
29632
26375
26402
13103
7007
10617
26652
31375
31884
7494
3829
9860
8566
5490
19955
24131
23112
4109
7989
5766
24490
24234
23377
7574
32394
13075
25403
11689
12572
25659
8553
31087
18719
32628
9780
26344
3939
31202
25474
27768
31880
5680
19362
17469
28424
21121
22391
27040
632
29354
14297
5418
27658
31390
13880
10906
87
11561
2178
19764
18011
25314
7239
3675
15297
19803
7452
27234
11873
31386
14909
1952
20232
11469
28534
27586
24951
23097
21827
7013
11694
26996
15414
22501
5738
32212
6041
28527
30956
26663
31573
21342
14844
4004
12562
26820
9262
26402
10400
18246
31588
17032
18325
23086
27028
8325
23608
6075
10443
15489
14238
17083
3698
31955
13075
27228
23505
4404
9404
7232
30673
21875
1914
31951
30214
19563
23056
14801
3820
18227
31113
2876
28017
3220
31444
13898
30132
5312
18354
18127
26893
11584
722
29386
2893
6447
30521
23610
11591
422
5864
9523
16527
19063
19641
2608
22657
7966
9611
30379
15493
19444
5278
18411
28562
14246
22336
12830
20721
4326
15274
31655
14916
1120
20261
697
16070
3824
14193
16677
28628
16402
15206
17008
19117
154
16092
16425
13174
12709
13769
22649
8577
14287
21161
4860
24782
18086
29731
10191
3282
95
5609
15595
10360
15816
18656
3505
30566
4734
30337
12485
31873
24928
29567
28704
16819
5443
9641
26465
19692
20968
16659
23652
26214
12587
24688
1558
5166
24700
31939
13704
28384
12947
2103
5442
13233
31072
12362
29401
14259
15425
2865
18116
8277
7800
13432
28267
1321
2524
7402
19585
24299
29134
4528
17300
26558
17007
16061
16098
20664
20497
12393
15727
28833
23275
6235
4948
20472
31504
22957
21850
13879
2210
8267
8903
7257
21570
1948
16760
10392
17356
5221
16432
6011
10049
1514
4912
13840
23045
16982
24328
20854
1099
25180
26028
16287
4301
8223
18890
25940
10944
11599
7259
23930
22535
13461
26745
9619
935
2610
12656
29576
3195
20451
5911
6309
11305
4103
5217
5605
19028
5123
3119
17776
4115
31206
6248
15714
20386
19785
20300
20430
5208
10106
29445
19459
28377
6873
16255
25869
20877
28033
19066
24959
4433
26411
10718
30832
24172
13904
21582
32708
18884
12430
28671
20397
10834
29261
971
32624
30419
8610
16001
24429
26560
22644
18560
21594
30081
31197
21380
30671
1758
30418
23743
8711
25526
17927
21804
16613
16371
4877
9248
8245
29373
26813
14370
1845
11758
23258
6652
20307
18886
29426
13842
22585
30945
25733
20467
32007
30821
19562
21550
28383
4224
32621
31847
6311
30994
11325
31145
28682
30374
21638
6398
22464
17319
24922
5693
30480
6609
22229
4388
10899
28645
27393
22694
29242
16289
1015
134
146
26607
24903
29989
20295
32605
29850
409
23784
10957
11670
31742
30697
19565
15618
3089
15086
7914
4907
16379
7751
4321
7558
25450
17078
29847
1942
19686
22905
22505
784
5475
19844
6278
23358
28178
4623
2139
22433
2173
14928
13903
12762
17619
16010
12081
8907
6784
4678
19182
19193
28417
28640
23048
31284
20215
32070
18243
6779
15738
11773
418
16922
3503
1637
17041
12565
31389
9277
1124
15817
28988
12393
15616
29905
16591
7667
12504
28711
9588
23121
29212
10635
24826
21222
24620
19497
22002
29643
15187
18806
22793
974
8370
13659
11413
443
634
11669
23149
26331
28767
20572
24574
29371
17481
1602
24731
25646
1868
9055
21013
17301
8922
9131
22412
8798
12855
1707
16004
29643
2094
3664
21051
25333
15619
25884
31035
18960
22696
28550
20779
12016
27955
19616
15594
26828
13712
18935
6367
21315
3187
20154
2442
12956
20369
543
6239
11602
784
12547
4821
32464
18748
14033
24506
18297
635
28068
16073
7659
10627
27056
9854
17797
16330
990
13353
11815
24126
30646
25154
8504
15927
6274
30972
16366
20138
25008
27932
14025
10655
26233
8460
19041
32229
25792
15403
8546
16644
32573
3176
28629
15731
25306
9743
26529
20747
23389
13794
4689
28604
6984
14700
30743
15999
15101
4498
14353
23179
13094
9067
30156
8396
22100
31570
16391
2449
3558
9785
21689
27781
24109
13632
26197
16608
30158
8070
17996
11742
19559
30270
6355
32625
5237
7942
30184
21298
1141
2165
7055
4510
15177
3315
5474
1919
17374
30670
32072
13224
31756
24714
14725
7397
25277
20600
23539
17458
4434
26250
1678
1835
25666
28005
31030
1732
5892
6072
11441
26170
22320
22220
7920
30282
4833
32605
13459
8352
1629
12457
21423
10130
19704
12742
7118
3598
31029
14648
24375
15313
30767
21187
16752
12762
17463
22398
7938
25375
10943
11305
8828
1406
10615
14784
10938
28406
9909
21584
26215
21271
2330
1034
18625
29879
29299
25750
15260
8167
8669
3754
12970
38
16685
16346
1017
9940
8590
13490
10685
21993
11116
26882
20816
25318
1425
12921
23415
17932
14222
26997
12775
10700
19293
5146
5640
3712
12868
18338
19704
22104
28924
13299
19667
19863
22291
3447
20274
767
17807
18728
27889
1161
18644
24298
10038
21594
2504
1566
430
10739
23092
8308
4634
21416
24686
18176
10507
19539
9781
11665
30697
22857
3804
20542
22586
17549
30891
8001
6177
1860
3458
7433
28709
30825
1727
8842
1588
21442
26722
15832
8680
11539
30575
24308
30217
9105
28564
18149
9042
27033
15372
27915
22648
29858
14275
20145
13160
26993
14523
23777
18384
6284
27310
31868
28386
7920
15605
19594
17493
32518
26536
9934
29868
17876
19463
3741
16570
4208
13336
497
23142
1467
13714
24762
32428
6219
15354
24180
28900
9385
32268
12798
15175
16317
25180
30634
22703
18822
5949
31121
11166
6159
25058
21033
26242
20126
26819
7449
18743
13614
32066
10827
22478
9247
10383
26435
28301
22573
32713
29360
22326
17055
870
3649
17293
10688
3540
25274
20756
11667
5472
19015
31257
1219
17752
5392
6130
1497
12908
31757
23176
20657
11866
13852
22802
11311
32459
25425
8227
27694
31607
17037
24807
29625
22416
25938
9641
10110
6750
21973
12185
25727
2855
25429
25037
20235
5201
2220
23941
3565
25034
8484
13235
17891
16040
24459
20411
26962
30221
15242
32631
12343
15182
18738
15486
19553
23892
11992
6822
11742
18754
11555
32711
27571
8279
28003
2242
9424
25879
2596
16322
27970
933
1540
1986
7083
14708
9409
24912
2799
8222
23190
27792
9265
24468
17864
19587
17662
19320
26236
20361
21959
28615
2251
293
9365
20667
5400
2305
22520
25072
15009
31538
3648
30917
10325
32188
31984
15877
18406
26457
9328
25287
12062
15222
27650
7314
15222
10111
14839
11461
3045
25948
23587
30518
19702
10044
21646
27674
2845
28817
24172
18725
32587
91
16208
30194
2496
12458
14492
32676
20257
28510
11580
30670
11210
13362
20372
14992
29029
6137
27574
24579
8891
28967
8665
23767
8651
6546
9479
5691
1049
16762
21013
27901
329
29639
13016
1011
12268
12179
16790
17817
1178
15080
187
27899
18241
4811
15053
5590
29372
7289
32418
6138
12968
31728
11217
12786
29555
13233
9062
18151
14517
29125
28890
13250
11716
11774
32578
32657
9347
32127
11974
27436
30330
16254
24149
9240
31788
1865
15767
7851
3748
26503
31523
23409
18258
705
8947
7119
29205
1313
16660
18918
26009
27513
7330
6074
13795
15238
7924
6548
29994
4471
15124
24485
30441
9897
26994
21227
18738
13749
3033
22873
22597
24492
19873
1330
28769
30369
21543
21430
4570
20840
21370
16128
19308
3230
23383
10031
3791
23785
28760
22212
13195
22145
17768
9803
7182
19952
10618
830
12540
13846
32123
24102
9926
8047
18052
17411
16766
15513
12373
9966
2794
4112
5119
6653
11991
10045
22240
1127
29103
1711
13780
4072
30030
11176
20650
22119
16402
18139
2517
4823
14897
5236
3684
22875
5456
30041
6709
6829
21073
11695
19557
30400
22892
27809
8202
8868
22657
348
23845
26027
23468
24926
5586
29130
21531
25585
962
6977
284
22258
23019
13182
28538
20695
24190
2879
778
25585
24858
24568
16001
5869
24895
14452
15752
18081
30981
29886
5395
21766
24590
5442
3566
18816
6841
32048
28056
18022
10648
13345
16725
30654
19749
27389
24447
24392
12720
18460
4893
8639
6044
16043
9655
14683
19403
30034
15208
12698
1111
19
13620
20544
30083
29046
3484
20380
13041
1763
25456
3598
12565
29775
9957
22214
31465
4891
7399
10190
28642
30776
11440
6475
7715
13712
11162
18944
3314
19105
6961
29971
2920
2155
3469
5396
22380
27789
9183
14395
12514
14251
23369
27121
11551
17170
7155
21906
24224
22943
15963
1650
9468
6109
31468
26910
14616
5997
30675
29156
18842
27051
26894
3221
15264
9614
30405
14729
25521
3280
24030
31716
19188
3151
32460
32024
21663
7092
20135
2475
22451
16466
24194
19259
231
14161
27897
25535
4321
2827
13833
19983
19116
6070
29989
10151
9831
17220
19845
18343
7226
27783
3266
18207
7055
21913
31648
24202
638
3451
12586
15512
10632
7420
7173
14897
22409
31452
13822
4022
12776
2866
5605
28554
32017
11787
21406
10705
16677
8532
29301
15735
9967
14842
17842
31348
8475
14415
877
6479
13730
15280
31140
27617
31625
6501
6539
2908
8395
6856
19747
10124
3220
26281
19214
23388
29103
6642
23714
10907
25922
21383
19004
3328
19897
14192
25047
10860
15872
11578
19421
11376
4341
23962
8764
18703
22813
13140
32189
27333
30869
25435
28050
6600
30028
16442
3373
2701
23920
23730
11353
30094
20518
16805
15747
7243
32382
15155
32344
8078
14502
290
3734
2804
23390
16003
26907
14761
12715
15506
29507
30835
7888
13535
5744
2290
9338
3755
6122
27174
6459
2965
8938
2609
9017
10102
14577
17758
19240
12169
31838
22115
15221
21711
2368
7139
32708
15793
20585
22327
22685
23272
10436
18542
30562
922
2792
19346
13957
7365
10988
23341
8695
20449
25725
7180
25572
5313
11567
22083
27037
4795
273
32626
21718
7432
32132
14918
3345
20077
7757
28482
1370
2075
20712
25279
2613
22485
21023
27697
11221
2384
2524
12973
6286
26335
22844
4776
31629
27984
3812
4354
13255
30480
30104
32579
30511
8854
12554
13604
13868
30719
23791
849
21322
4598
8792
17261
816
19927
14144
10582
26834
18196
31841
14763
16871
8663
11597
2444
14238
26857
22201
11169
10124
722
1820
28254
30953
578
28025
20357
20989
21935
23160
18668
16853
6720
22460
23168
12858
5610
18801
30090
13796
7385
20004
11569
1770
26129
20696
20544
18813
4949
342
20522
26326
28743
9924
6476
5229
11474
121
16497
23404
5829
10512
10651
13411
5824
12219
3073
2877
29780
23514
30548
16243
9574
20173
15942
29823
11476
30726
27213
18068
19548
3938
7332
14220
3513
2489
148
26658
26382
15284
13041
29025
32392
7902
17127
29276
20799
27902
12279
9760
16734
1445
2364
5607
20356
20995
4595
15246
874
6910
3898
10313
18373
1414
8984
918
15726
10530
22718
30319
18880
29903
17932
22212
25665
22027
26199
10024
26501
22061
4714
16075
26960
8695
14794
11688
24059
12142
16703
12543
2841
30185
10895
19462
3418
27753
27021
22748
30127
16936
2642
9662
16814
1397
3275
29309
13113
11454
6516
25135
19290
13807
29538
13605
27762
20475
19335
24350
26515
17079
22834
19898
31018
2287
23509
29490
30945
20660
27147
26949
16579
22003
12761
16502
4001
19276
3636
20340
27317
17696
5572
5850
17030
23276
1768
3352
24331
29398
13562
26289
22291
27526
23252
11944
5861
6199
30355
17204
14883
17166
4763
2747
15604
10666
8155
29950
18529
10236
17746
7314
7680
1369
18641
7311
26320
6093
29955
28300
26981
12723
8364
25802
27461
3458
15150
5295
16785
11242
593
17782
21736
22560
17731
14118
7304
18038
22750
21952
21686
302
8490
11453
29793
6032
21539
11959
9730
17210
22972
9575
18374
30648
27939
24015
14063
4180
25415
25784
27255
4143
15000
26463
8439
10385
22541
3180
9672
31102
5484
22819
29032
16522
1222
30430
10527
27118
3392
27835
16866
14298
17690
8594
19063
29709
11497
14890
8410
24484
12327
10156
5856
21807
3822
31319
18970
20746
5377
19574
13052
21483
16908
22927
12094
21431
18221
5598
2947
11930
32178
23041
20537
21590
15141
30453
21952
6619
9862
17985
25550
27417
29399
2673
24594
20242
8926
13254
20503
29235
14886
23852
12908
10980
32583
5484
29442
11358
13159
18595
32469
23484
25345
24051
15054
31573
13285
23928
25064
8266
21632
12926
3731
9819
28766
24049
29526
5631
19949
11540
1719
12467
31108
18550
9823
6034
8611
12067
30074
16422
2173
29207
31325
11134
11955
17400
16235
4992
7011
12548
31545
641
25953
4936
1008
2323
25028
5906
4595
1566
7077
25514
5570
13619
31011
15421
9503
30492
12714
11546
17263
2232
31094
6433
2402
7174
1618
15223
28630
1919
20902
29055
16889
32681
15280
24838
31406
3817
29714
20158
4403
16280
19341
14574
30976
11354
21260
2663
22770
27307
27620
31162
15784
955
11610
26792
19246
28540
17254
22490
12760
17913
10934
17107
27249
6889
28150
30754
32149
14212
18511
16860
23132
9877
20781
29257
57
18129
5446
10462
33
22375
16600
25451
6383
13016
16177
12182
29447
11273
29557
4232
16185
16791
28316
27878
15593
7018
18106
6403
27501
1677
29571
20820
27319
25404
21518
14628
20276
14655
16857
12680
27891
26231
21774
7318
24074
7095
15876
24786
18486
7125
22537
16617
9665
28928
22879
23458
5545
3155
17540
26641
30462
939
32438
526
21388
25014
12215
6885
23994
15437
20174
25167
1458
1284
270
15265
27074
18431
11482
4932
9730
19719
26281
10341
18232
20188
6919
7917
25848
15565
6621
28084
10000
14983
26353
31985
14883
21035
29616
2294
30611
3235
9772
7450
17572
25653
20833
15094
27871
17752
700
468
31669
4551
18654
27236
22885
22997
22429
27313
12064
16384
11595
5716
22122
15048
7483
3815
22467
10434
25474
22717
15495
27368
9723
26576
14355
31027
1678
30971
27689
9580
10929
2922
19606
63
23598
3662
26129
5265
10023
5845
3175
27923
6488
12889
13269
6167
1693
10456
31157
7587
30388
17316
8286
7108
8259
27739
581
32037
5405
14362
16488
32224
961
13038
12268
29332
12836
32651
19204
1464
5552
8001
10518
24367
11404
30251
16921
27164
31774
24490
322
11511
22734
26385
27359
26593
23309
30882
22915
27956
9622
7866
5731
26719
24820
8008
20736
1777
4165
3459
14854
14323
9021
9181
17780
30075
26990
31282
22526
19582
19142
27718
25520
5862
26969
17518
14291
7140
4192
32397
2068
2696
5250
14146
28387
655
2387
7008
28442
8060
28699
27551
14559
14826
17368
26769
13771
21280
1670
15063
8268
24294
13213
11156
10823
24471
15324
16674
30466
2168
28229
5124
27714
23112
29289
28700
7856
28184
14309
5662
23937
25181
32557
12613
8534
7748
24456
21829
25185
24389
28252
6272
6602
17659
27564
7804
29265
20275
6111
9877
27700
579
5827
29423
30803
9629
977
7087
20114
20643
7091
8811
895
14781
7939
23006
8501
31657
21078
30177
18304
17683
16249
22423
5953
9830
7162
27111
27924
29153
30954
8751
12081
25069
8162
31030
12944
31150
16708
28771
31569
21464
22467
30509
23642
21444
25894
17619
14914
27843
27720
31309
30062
29618
19556
8322
16249
11982
24975
22203
24537
6090
3718
17752
11200
1055
5034
10434
13633
10148
22345
2208
30132
9566
799
28494
30555
8857
6941
13706
16966
4151
29033
13937
4211
7753
7077
32683
3386
3548
19828
20962
9192
21781
15418
1400
8619
18817
28708
10105
11950
17574
9833
25294
25220
30430
10447
2484
30666
23653
15984
21357
25352
2224
6590
8757
20697
15360
26565
25976
20300
30520
25776
27714
9865
491
6543
15351
9400
5818
10071
16196
24862
10717
17194
24917
14985
32255
18393
26953
5359
31567
168
10723
6738
31956
4433
22914
742
2048
8011
9811
10358
8841
8267
23237
26884
14964
29196
9789
7344
21619
8012
24076
8923
29808
30231
19102
19083
29802
21319
21747
6673
15744
18252
10323
14826
5963
30761
7230
1764
369
25791
31395
3969
19319
27982
30290
160
24279
17721
26034
17754
28499
12809
5559
24107
1416
15285
18703
13138
6086
12833
14236
26234
9503
11236
8743
26521
1726
25166
20051
20761
27515
3754
32463
20278
12716
11456
15312
5799
4925
18078
32703
11904
22531
11672
7214
4439
589
17550
27409
27045
10684
16237
8235
28016
30805
31736
20166
7463
32213
22473
30631
27086
19780
10130
13121
1626
6349
13225
19497
26719
16333
24004
24010
15336
810
21505
19290
20134
21478
29993
8973
13902
28660
18997
16776
13884
16714
14609
18840
10332
13111
21665
17444
27978
29175
28162
31840
10168
18565
19218
27716
18193
4272
9778
19773
9563
26993
23370
8482
15458
10108
26126
18281
13843
13333
5504
29339
23590
20005
6326
4613
11008
24973
18654
945
3031
26810
21631
8852
31255
3193
12290
1289
6148
30221
28528
32638
30369
1920
28029
16237
5329
28214
25542
4751
22973
17352
22615
11852
3701
12559
1136
2933
6874
18302
6281
10805
2491
1205
403
21061
6206
13396
4993
9056
21634
9229
15623
2551
3970
24062
10401
27685
9789
23869
28376
8933
26132
28852
15809
4995
4211
16431
6598
32080
16819
10163
7080
20378
16191
23826
20421
7131
28918
5052
6807
30769
2513
4824
18046
26126
9158
29075
7871
4401
21228
28088
15308
31445
29663
4226
25798
25896
14694
5550
10816
4862
15699
18643
7750
12231
6315
19702
19869
29630
18183
601
24141
22628
22842
32405
30557
28973
15156
19176
21982
15481
4391
23760
13099
197
28648
31961
24686
2595
29847
4019
15206
23527
32642
30087
24680
10916
5703
29579
15780
12887
12601
23509
27562
15585
30725
26477
28461
27835
12694
30373
18438
8165
27445
11181
29051
32543
6901
4962
14274
3420
16718
20583
1729
19316
19976
31863
5656
17433
19546
13305
5729
5132
6740
32725
17334
17040
12154
4487
372
32288
14002
1394
25407
4445
32608
8054
18247
9290
2511
13764
26057
7611
13011
15857
31192
14603
17068
12362
26461
9230
25390
13672
605
14662
16671
20996
23418
10842
23777
1292
13757
11971
20048
3061
2450
2761
32750
16724
14612
686
9534
18856
22923
3625
28781
634
13875
24598
19255
26537
28736
5739
5897
25343
24606
9838
14435
14855
7165
22821
29057
3619
18317
27662
20538
8921
4358
10769
13096
24174
32620
4275
10761
14518
30225
21900
13669
3114
4443
24571
10610
32059
16583
2840
14388
27622
16942
17386
26344
9097
25160
22491
29347
15605
9838
1896
26679
26308
17316
12573
29526
2029
1750
10433
10490
28821
4706
3790
20739
3368
5335
15396
29474
20393
23804
5629
10999
17222
28437
24100
1910
32304
32609
21346
31119
26025
30183
13881
5646
30815
24435
1493
11968
4856
28635
2368
1751
25326
31110
30933
9871
31645
32303
23543
4626
16794
15591
28419
26521
8263
24921
9602
10453
15780
14418
7332
13197
8296
3457
4586
11656
31825
5755
12834
26541
6328
3841
21656
31849
1384
27270
30347
11601
4528
16108
2782
17417
14775
19599
29200
31332
32272
18308
11886
11724
22926
17955
10375
25061
18778
30914
6113
22125
6978
3780
25578
13415
30292
27859
4401
5752
20908
6249
3798
28817
19850
31893
30784
6862
8872
27644
7949
926
7114
1054
29007
19749
19862
21978
4085
23006
166
30516
10631
3205
476
25175
27927
16180
19701
17878
10612
13772
17761
10807
27808
3990
29010
4274
14212
31786
27412
28470
6627
14224
31900
11693
19085
4518
6499
2177
4053
1217
10869
31839
3140
8087
24772
7995
17295
18013
451
2708
27591
3884
25136
15097
24272
15785
817
2252
16404
8677
1443
7750
10872
24194
26543
3771
31376
23064
16542
29471
2318
24534
28398
12234
27009
13165
27813
18296
316
7209
15845
24468
2707
11105
11713
22966
22606
16914
19791
9834
27991
6599
26878
13619
15542
21692
26666
9679
9663
22850
19182
7869
138
31845
14906
27901
20132
16333
24101
20759
25604
9954
28292
7518
7233
26420
12731
2422
28674
30745
24019
24340
32437
17816
4045
25605
24708
2693
19766
9586
21636
5614
17404
2146
7984
32694
15488
17280
11543
4224
29164
9759
19921
24782
17607
20603
6967
29546
31687
16705
24788
20230
1766
23634
6038
23327
30903
20164
18889
1063
10747
29738
29510
27362
15216
8470
12776
8977
27113
30428
23104
17742
26787
9368
17546
22583
13783
14706
26079
21710
7564
27680
2476
18976
24239
31661
16226
25637
9829
3449
20591
23016
21920
11394
21102
1767
17649
19937
10650
13245
31389
32408
3977
20990
1778
7818
29207
12131
31451
19659
16032
25639
11443
26906
28018
176
16215
20140
24961
15986
8063
11308
28765
14353
27470
7423
9826
27845
30759
26572
6958
4867
27331
1596
27225
32346
5504
23038
9312
7323
4348
13071
19425
20028
17123
2872
13070
7678
18181
6872
19804
7118
28332
10979
18811
24297
18988
18475
1931
29508
28859
15326
16269
13867
31363
27984
27671
26152
24822
4347
19788
27174
14690
18629
6156
5078
32197
6529
9576
24914
22498
22967
13913
513
8852
32168
8113
8890
5475
25741
29265
17708
20053
2848
29597
9853
11782
18269
31277
31025
14843
29066
709
30286
31028
7797
4488
2493
32512
20221
13160
7668
6166
14547
13281
19154
19936
3202
23271
27594
13338
23725
18205
24900
13468
2712
14407
320
19828
23531
24066
31549
30008
7602
32435
13145
6555
30887
2749
22713
27709
23220
28663
15147
29128
6580
16733
9226
1848
13178
1797
13923
20858
20244
19029
6741
19257
25424
12916
30654
25845
9856
17662
1044
27477
11131
7932
10128
10174
20452
14867
32146
28452
24495
4603
13377
4896
4576
15923
3953
26947
17046
21491
4811
23723
3657
9315
5927
15827
12880
11018
20285
17583
22182
16521
32637
30969
9453
25993
27963
29894
20659
14834
18703
13660
29941
29789
6268
28231
27361
28109
25295
4778
32224
5529
9546
2260
8404
25005
21122
15379
2206
3827
24838
205
20452
17931
11585
32460
2065
30786
12962
5594
23453
2242
24570
28814
9614
5638
2853
14693
8767
30609
18412
9748
7520
17376
9770
19741
16702
29341
6958
31137
27460
28437
6753
29045
10690
12012
8488
24952
18158
8463
14860
25635
1321
2283
15129
22113
28803
6621
17283
28321
27008
26345
15504
18986
19741
31406
25009
25775
24078
11161
5106
11812
21322
90
31893
13008
12233
14484
17146
2466
18316
19929
22979
31944
5599
213
10037
8318
18651
18121
3296
19492
9774
11068
4738
10644
11551
31213
14377
20146
6604
17675
13208
5445
11702
7080
7404
9477
24960
1132
20095
25588
25588
4230
31757
16626
2631
6888
17685
3212
5534
1972
18050
21526
29136
6129
28555
29433
20846
9603
7640
20045
19201
23386
17638
28331
23442
15849
9388
27708
29296
6106
21375
24854
27181
7936
7987
21961
4842
25997
2435
23604
12756
27525
25522
19614
6639
25714
19827
22786
16915
1370
6919
27305
31796
28398
26277
32254
12774
2052
20766
28831
18975
23623
13761
30128
7231
21293
21884
9332
5199
21290
15685
21790
27782
9508
27576
16356
8210
11302
31234
4694
31509
17752
19453
28398
27629
25647
2972
2792
31160
16097
29578
24147
1047
7964
11534
6761
12339
10999
17714
23068
9982
14889
32036
16625
2236
2936
31196
31761
14785
28277
5887
22942
27772
13671
24836
27203
3252
901
31381
24847
28690
19304
28984
9603
28640
4543
17710
19433
20496
18501
10395
26600
6016
21744
14824
27990
15740
6507
15718
4941
20613
3783
6708
28033
31312
18798
7778
12240
1298
31064
20054
20507
17915
14977
17263
31317
4352
18842
24041
2777
6622
28926
19969
769
26204
16873
14425
11252
13776
28132
31133
23487
484
21636
19815
4264
31898
6484
23648
22206
12174
22032
30121
11189
8316
15636
30585
21745
7937
16403
11015
23521
8102
3852
6058
9358
18458
890
4414
21108
4287
19404
1483
28560
8040
27412
20065
2490
16226
24835
1862
14901
6833
3605
13140
19333
6299
10249
11932
29056
1387
21140
13391
18344
26479
12374
31711
2488
9539
13
12641
14973
24913
6665
19766
11495
11929
25056
3818
9056
686
98
8028
31068
2305
31183
7711
2866
15202
29768
7713
20522
25540
17028
21898
23255
27457
1732
1255
13223
6750
521
22920
16824
11919
25476
20262
13805
26878
11342
21706
11330
31368
31577
14569
30556
28936
21927
8404
19045
2521
16057
3920
13590
3478
13643
16000
9749
6436
26686
20748
26498
30707
14294
7804
18892
29568
22309
7909
28874
15391
8647
14792
30471
20215
31184
31799
23389
32078
16899
31289
27845
30983
18501
24432
10349
2664
13393
29433
15883
21281
20140
4756
11890
17034
13276
26885
14434
7981
18389
25530
1957
18820
32180
11181
23127
7172
18351
9612
4230
3162
17228
15640
23035
29172
30162
32715
30294
5571
11517
19133
15201
28479
22518
4040
21918
12972
27778
30186
30498
5276
11386
22764
26790
26294
24443
27713
12508
29109
21726
1329
17919
12468
16875
20535
32174
20904
20553
30119
12026
7982
28857
29075
15038
14215
17925
8944
28207
13536
15410
22005
29619
10967
8189
19908
17911
7484
19078
4428
22843
21524
13638
32622
28401
12516
2630
28254
18311
26924
1171
23117
9857
18993
13549
26437
23754
27135
32447
14932
19788
27055
24916
28140
8126
11494
24903
9610
5565
10910
9787
1174
13855
15145
8397
3210
17028
1906
19655
9815
11053
32135
25494
23301
29970
28244
4863
32665
17966
14513
3085
22587
3102
9632
32334
30360
28906
22991
21311
22406
4643
101
15876
998
11822
4859
29532
14543
15327
25319
7637
23273
8266
18369
25148
14614
30421
5920
2136
25176
8082
18853
7128
4847
1996
28987
6537
31937
24800
25756
31948
28415
14670
17432
16712
8454
11280
15250
11484
9347
6699
9675
30167
17115
8835
29923
6508
18890
19443
1052
30304
2890
5533
14050
6
5302
24959
2312
7533
24879
27976
29781
2264
2879
19817
20287
17262
16828
7790
2294
28979
1007
24719
26276
12599
26870
12674
9715
17934
30311
22676
10449
8831
18998
22776
3696
11904
7129
32351
23952
22627
22697
6089
9216
17994
24460
21658
12130
15328
8145
30704
17200
2123
8027
22068
28668
4188
11266
20719
28668
18697
15414
17631
11461
13854
17125
7755
21079
16687
31391
1939
4954
31953
27641
26123
679
10250
13103
6409
9738
1541
18701
12093
9798
24074
21263
1601
16474
14254
16071
2161
23555
10055
11391
31997
27522
16035
27936
7741
30879
30202
5970
27204
750
8480
30693
25015
4945
17663
24944
10464
10430
24901
7991
16126
25155
602
3922
16351
2631
12181
10252
25521
26386
2479
27786
12566
29840
11640
5293
5494
27473
11976
27704
22425
14549
16313
11574
6261
19719
22547
22934
22084
24839
28936
22553
9690
6956
10530
22638
5686
13386
25721
17051
29271
560
15657
13726
21841
2933
22531
22868
17567
2165
29059
1947
17595
30102
14082
4275
7148
6864
16429
7915
14175
11372
15542
32121
26234
26891
10826
18089
24685
22763
9922
15674
18442
4710
12957
21764
8662
10171
30638
11999
28768
8721
26642
3009
27345
11705
18789
31526
453
23476
53
18613
9817
7285
12215
27936
1925
22503
441
1612
14765
18098
10968
6834
31858
28859
32499
11269
4814
29929
10720
23828
24928
32303
24669
12019
18180
2503
7497
6485
25511
25275
16148
573
16730
30378
6516
22742
5028
26569
20313
22430
285
40
2340
12746
11064
27191
23315
12263
26721
21128
28672
32701
25672
22230
19532
15224
6780
26183
15638
27658
24379
30446
18352
2763
27273
13460
11603
18018
6527
3256
22289
3817
23014
15316
15884
11596
29700
16354
9190
27122
9910
21535
12152
1696
18879
23055
16839
3994
27232
21441
5939
18443
5673
21332
2290
13734
18446
954
701
3982
11197
11964
201
5235
11055
25662
10745
3070
31357
9925
23122
30576
5622
16694
12719
13702
26222
10721
31414
7583
32728
5821
32266
22048
11800
9973
5570
27160
17426
17828
5403
25120
24839
10717
22633
25734
8225
6127
4436
8362
26188
18407
9024
2471
16968
5462
9229
9270
4860
23636
21761
27600
26638
10180
10242
4883
20656
5338
9481
9063
3261
4059
17363
16353
21508
20004
3546
3944
10212
10606
7299
4630
25369
16464
18329
26080
31701
5
6138
15994
11282
31600
21136
5237
29735
13149
12163
20395
11162
13322
4525
28892
5174
11238
21071
32409
9053
24472
29954
14689
30111
8003
22512
23307
8331
8457
13379
25955
22212
25806
734
17432
4696
1342
6475
17878
14670
6673
4853
12463
28798
3981
23192
30143
4262
5965
26613
18448
29113
5698
1482
6843
122
13303
13313
19024
21066
28441
31272
30072
11070
23350
15905
18649
10869
27589
29467
16954
4265
28775
13505
12008
21763
9836
8880
26968
31796
921
4143
6669
26049
7720
23578
32700
926
22033
1312
687
12287
9096
20015
5991
5483
11975
1835
13445
23826
5389
19942
24555
5984
32487
23373
5918
4818
27566
12511
5870
5385
22097
14948
18010
10781
5972
14299
18606
32307
10265
948
31470
30034
11103
2367
24695
30066
24328
32613
17124
5846
23327
15254
2351
11932
16921
12546
2584
26515
18011
28684
24011
23884
10493
14843
29373
28020
5582
31987
27095
13152
152
19493
32214
25066
26533
10306
31218
28540
8065
11317
957
18538
3074
29201
15439
31621
27270
17480
31904
5357
4476
28447
12597
6950
18726
18014
6399
25198
8604
13132
27520
10830
27157
24282
10799
14704
11618
19487
8478
27568
22459
30468
23258
26229
27070
19265
2962
26434
23733
1928
14204
24712
7192
24831
6261
22719
14419
31476
1768
16308
14024
1741
27120
11813
8984
8253
29377
17291
17822
14782
10052
5687
9021
11579
1
27040
10844
17676
7490
7932
12590
20776
22389
5133
10551
7318
11987
25662
11276
22309
24127
16366
17754
18269
5489
19980
7721
22709
7763
19428
28002
23047
29099
24376
20879
64
32507
20115
30691
348
11173
5082
13434
23442
19795
32036
28641
7371
9110
20427
3545
15961
5326
8644
12632
26854
12873
23851
465
13482
18351
8738
21941
14818
31133
31452
26170
1405
14224
5621
28763
17944
1285
31493
26400
17708
24030
28020
6943
134
14856
29072
31555
30712
29787
10204
21196
847
6337
29355
10391
17540
23963
6638
9120
2615
19552
24907
6341
13912
23943
17519
9677
32040
2984
19876
32168
4192
8670
15014
18936
2735
18799
25522
17873
12138
6831
6369
30141
21120
13601
27060
8452
31916
8928
2800
28714
8174
2877
20140
21688
28731
30890
25256
7744
13428
13783
18656
24731
9109
1562
15969
3957
8751
15636
1116
29452
29720
31122
16249
23092
13920
1969
24941
11679
13704
11846
20687
18523
29679
27516
17191
14748
29837
25791
32073
21436
7651
3545
28129
11392
18738
19291
22094
29341
20972
5183
30132
15482
14696
22219
27212
13368
13017
9401
15615
17648
11137
27284
19252
11579
8994
13925
742
6904
26806
20879
9465
13385
3935
12792
462
12767
12193
1641
25621
28280
18639
25144
7650
4005
22211
19492
27651
11217
28626
13440
9106
4479
32512
5780
24006
5075
28271
18752
5646
84
22046
17122
28257
8688
720
21626
3535
30017
26953
8204
19805
29198
22976
20038
9999
3605
1938
18275
6982
23815
14644
29519
76
29141
13419
17676
28718
25898
15039
5460
18634
9528
10797
4224
29224
29368
5660
15272
24334
12076
27794
21772
31694
24680
31656
5042
32611
3408
27451
2641
21180
22499
32485
12654
600
30841
13355
23749
28179
32328
4344
8170
11072
31021
13899
26160
19703
28842
2860
16842
1712
19499
5092
13872
23825
4237
18797
453
22789
5856
1320
10934
28942
8300
21710
21285
7388
27635
19113
6279
18206
12342
7684
586
4504
8122
12256
17339
8054
22988
18408
21800
23008
27843
7591
10305
25294
19845
505
31684
10782
26701
15551
4698
22756
11947
29399
20668
1793
18124
10316
1817
28407
16379
13001
27068
5115
28776
12372
31978
3660
24616
22072
30729
29124
25982
11331
25608
684
22105
2098
30970
11477
29469
23914
32516
28900
28326
13545
13946
15342
14219
24955
2885
23877
26271
17457
6024
3729
30398
13583
14723
16930
10694
25605
16567
11140
16099
17953
30282
13908
24080
25346
1198
24403
23770
5776
638
9145
16487
6890
9384
31436
8376
28320
23505
3504
20779
27427
24821
8577
29252
8057
30030
26527
20652
17205
22904
10313
13690
21927
16338
31598
2994
15696
15911
959
32523
31640
654
24585
30710
18628
20366
18114
6363
11298
902
32738
8358
25734
12108
12532
22146
13562
21
12140
25316
27058
149
19771
14796
10558
30055
21409
31304
26115
22702
8258
26425
1004
14589
6269
23897
1629
32628
26361
27261
23145
24876
14208
27160
4420
32726
25873
19201
7931
32158
20016
25206
29026
2134
17281
28768
29518
8144
17557
14552
20485
7051
32516
22251
2803
13202
17340
11418
16287
4258
26264
5157
7645
10123
15413
13962
30276
25560
10753
11080
27362
26034
31892
17768
6191
22274
30788
12734
19008
7126
22515
19053
4669
25094
11820
17321
20501
21527
23663
5569
1136
29535
5320
18524
32486
23914
6566
770
15470
157
12267
1759
2585
1049
30528
30148
16384
26339
7339
2671
10362
6721
7011
9740
26515
7015
32739
22268
30394
20562
24893
15572
2234
11253
1201
28073
27116
23955
24446
16523
12458
3948
27384
8527
20998
30875
32475
20882
28348
17983
9695
15098
27750
8153
8332
14015
12015
19189
2640
28266
1610
12813
21711
14813
9316
21162
3450
7828
12119
22220
8547
21546
17376
23948
4943
29215
31763
14080
22541
10968
20045
5983
19719
14311
22635
1381
32023
23437
27449
2041
10140
7037
27181
22286
15820
6371
21334
5063
19020
10661
911
19422
30462
5865
2808
19526
9498
9431
9639
1807
19328
18336
11418
4235
3916
10687
4848
30639
19115
26495
17241
32187
30190
9149
29132
28958
9949
23023
13688
12179
6734
4453
32508
5009
31734
21967
16090
20706
24702
6400
20521
1169
9689
25073
31627
31754
11734
27913
9823
30589
9969
8603
568
27523
22383
177
20621
1540
7850
28936
3762
31320
8361
3163
7686
22700
20467
20964
15471
29864
18853
25121
24835
8015
14275
10196
20744
14374
11724
4685
287
22936
13201
17643
5820
9369
29254
24545
7641
28554
14298
17974
18156
23644
17540
1296
16662
6649
5791
16433
1181
21727
10423
18370
8604
6926
21988
15183
26361
14117
22614
24084
30104
18120
5682
119
5070
4164
12445
8917
21785
23414
2325
13697
27150
20969
12552
6666
11410
10814
30623
18877
15437
8913
2523
17771
16220
3993
22756
12909
6982
32592
15006
18660
14898
15316
30844
30533
12375
10702
16537
24342
21939
19345
11525
3826
10240
27461
21852
7635
2276
12356
7838
2961
11368
9156
15674
2725
19371
26807
7532
5939
28632
10991
9673
32584
26965
2438
2073
16480
18237
125
5220
24107
25361
5539
16976
5776
21674
19640
25770
5875
25202
9939
15170
5811
16852
12545
22268
31479
15345
26159
1060
26539
2709
26698
12034
25029
361
21668
30382
26317
22378
14234
25126
7580
9369
25460
27550
1124
26612
11916
22039
16368
10662
23731
307
28717
3451
14288
12104
11754
27030
7114
29107
5596
13670
31144
12143
1253
25814
5623
31206
27029
964
1644
9222
20210
9653
13003
20376
1140
32199
23815
25805
1876
13031
29867
10266
4359
17475
14712
25158
28421
4610
29008
20162
1998
24115
13651
17464
12591
23044
6727
19302
15297
4917
14397
6189
22452
21964
21873
6373
14026
22025
14451
4084
4006
13980
25988
27551
26183
16150
19267
20512
15824
22174
8841
2040
6026
5861
1425
20102
25387
2908
604
10457
17497
28836
11347
16579
20842
2117
28975
30254
12142
21668
13590
6835
12143
20783
31238
2921
20727
31451
5751
7419
19923
15568
16188
3582
4887
5474
26795
29569
19298
1860
17149
21477
24163
11000
22008
25583
2460
29834
32715
6683
30310
382
23353
3123
28982
775
20729
19233
9758
6266
22621
12546
1687
11777
11059
21883
15485
13204
28905
7248
20059
16421
9460
4658
22761
29979
15473
3033
467
13826
20237
15187
1980
2177
18211
12188
4995
12428
23845
29294
11973
23770
25149
14426
931
30618
7732
22296
18885
28514
17554
30236
1182
3176
17671
11625
30450
9716
31497
1706
28566
19477
191
5247
21368
14740
10526
5141
2271
8742
25938
19705
10227
12517
6495
9006
5247
19201
9224
3965
25846
27315
7664
29196
15028
9843
5119
29490
28551
14443
16647
26250
15470
6699
2727
25670
15776
2206
17776
3270
30672
1085
1095
10858
17072
8578
30474
9636
15540
15776
7287
32593
11288
27505
19273
17737
28964
11440
22179
13620
28079
19304
20914
416
1506
26540
13967
27985
7742
3465
29794
12504
15072
26425
10445
24168
9220
24473
2184
14308
13257
18654
15176
11068
12596
23427
12006
26874
23670
8581
9661
18712
4210
8659
1108
29205
7546
24576
8765
30280
16729
1084
8764
23411
24727
16258
5548
16539
25848
16403
28447
5655
25926
18978
2117
7144
31312
18641
16143
6728
25907
27484
28179
2181
27352
8852
17459
5648
2238
4752
16249
18897
26362
19615
20294
11198
11132
25984
25004
11436
4755
15318
24600
16485
28852
726
24372
24058
375
25923
1547
23131
10210
21660
28783
20772
1002
22676
4247
4026
311
29378
21517
13975
17192
27290
4040
1250
4631
5532
30612
579
11742
28619
9403
31477
10649
6241
28638
541
13486
1729
8740
28250
29963
2989
16791
1181
22191
29369
31946
17723
29804
22527
31167
3904
32235
1557
3081
3591
16112
28732
5678
9479
11231
7386
6735
19952
6016
5163
15883
7415
30207
10035
17824
24429
20791
8951
19027
2199
21039
17388
12307
24762
997
32176
7769
10869
13131
27384
82
12883
4240
31178
20544
31905
30112
10220
12830
1405
30190
25500
8578
18224
7025
25729
14024
31422
29932
4322
18285
18107
22899
17174
26041
20575
1323
827
929
25309
29521
2347
15595
8433
6526
6828
3219
29880
26665
6631
29038
12741
13421
22556
17933
7537
28428
147
20452
20850
19637
12246
18859
11440
17282
2845
27909
18004
453
27658
16224
5921
16900
29846
9756
19719
8258
8012
1519
31989
21632
8117
29064
9968
30340
10003
11122
16482
11993
24913
32572
14516
30999
15931
13783
11294
23397
23275
10559
14526
14139
8067
15197
10728
5997
25890
13357
28094
8037
14352
19228
2304
32687
2620
24500
32037
5052
27113
9594
21674
3295
4260
18199
18858
20124
24185
17591
15023
24610
5478
4527
25032
5910
26896
13666
475
24466
14005
29541
32317
17774
31074
16097
4224
8894
20070
32057
4236
6043
7686
23533
753
12071
15474
15807
24956
21963
5880
788
21001
1219
16760
12700
16279
18141
30744
16181
2466
31357
26936
1037
15789
29925
23465
6151
3870
27315
1305
8033
334
16811
9426
19091
30689
12215
13989
3450
8531
19244
21024
20917
28628
28751
2568
10320
5206
8216
24579
16031
12260
15414
8340
6765
12085
17490
15180
24919
1153
30872
27455
12146
13203
1396
17334
16692
25632
7321
29987
29841
28247
8008
24154
25956
5561
15823
15869
10513
26155
12368
6200
28008
26441
27843
9391
32461
6654
32318
22709
31126
29777
24948
25023
10933
20354
2685
9240
25495
31830
30677
4566
17740
29103
30374
28172
18151
18783
31818
20545
31528
32574
14603
31777
22872
9851
18478
24947
3445
2351
8497
22603
5007
26168
11856
28033
8818
16708
11342
21345
10629
31020
14193
19108
26098
6276
10703
6048
21255
5232
11976
22459
31197
28088
12244
19237
25655
26655
32383
26311
13996
19441
24497
17014
13833
26076
23603
14189
15345
14592
31343
17146
24262
5961
17783
375
20685
5117
17737
21884
14988
1169
19538
3923
5239
961
15920
10412
17356
10976
13244
26770
32444
30060
8264
926
15307
741
23589
3179
12409
10975
14441
18505
8994
5975
32750
15414
5155
22851
2462
1546
574
11116
16366
22001
20032
22400
16809
7198
480
29027
32751
16062
32235
23751
32125
27691
21406
20732
4911
23907
19795
20233
24002
7352
27233
15867
14559
9417
21053
8573
27477
27568
741
7849
26791
11901
15998
17182
19398
4324
31803
16979
28447
25906
24706
7467
17880
12421
74
26569
23127
16189
29640
8613
5637
23982
31818
21471
13905
2327
16739
27092
4855
11480
26952
30704
6530
16351
4218
25795
8719
22116
25765
10326
341
31702
26312
5567
31714
26901
6295
25331
32423
27361
6430
25308
16567
3219
29862
9643
12876
23306
11228
29552
23819
21481
13872
21735
6537
21760
892
7829
15885
8199
16614
12820
10904
18066
25863
27052
22050
4673
18253
25123
16679
15671
18077
5845
29026
3790
17213
1031
23257
12425
28658
17272
23065
20299
15973
22329
9155
23750
27339
5823
19783
1333
27333
29239
21232
11598
17285
25
16161
3186
2867
2304
22238
14120
6543
1465
28557
11721
11223
17305
20990
17277
32747
8980
20138
29029
10927
9356
26424
27162
11697
14183
12614
343
4108
32612
22117
15346
32396
1071
21861
7185
14098
32563
26836
32154
17210
15279
14017
5867
17980
15628
11717
29132
25104
8046
13125
28833
30678
26249
1777
13285
18292
11958
32656
29651
12929
29765
1280
8806
9826
25877
27512
27012
29106
28771
5137
22902
2280
2272
30341
23452
32307
19718
30774
15711
12457
2475
13426
26470
30369
19159
6645
5389
18269
28371
431
8211
10221
28546
8904
13458
24399
22004
2018
309
13787
3129
27038
14245
17375
371
4705
28996
4998
21551
12120
19486
6654
30454
12985
21533
19417
798
11084
3196
20660
11750
13611
11645
6679
5059
26566
27231
24989
19956
25897
21386
21077
1628
28290
10510
24935
32145
8669
12619
6651
14129
17715
26609
24662
16501
17059
6444
28742
17672
14847
15640
6849
26137
19338
10107
1737
1967
0
24499
31122
2108
29143
13549
27111
5750
7109
25240
25290
6498
28802
22810
31067
24241
8143
32449
23035
848
11447
31996
12464
19003
14613
28107
28875
21906
10838
32116
16329
30190
2944
21624
1912
1013
20595
24005
29531
30764
24176
15661
23886
13581
32215
2583
28013
14170
6453
8820
28979
8368
28029
10741
11743
20575
3990
2427
12828
32377
27414
720
27360
3369
7758
11412
32661
1094
22406
27258
14711
27432
6025
13748
31293
29883
32101
18859
1531
12753
32620
2292
9287
15805
13694
11903
23707
6429
6283
7954
20986
9975
23379
28406
470
8
16496
28657
27186
4184
4503
23412
23300
13074
7195
27924
30429
16531
22194
318
9931
17089
5244
3111
1407
17310
26945
32003
1451
27165
8955
24951
22446
22836
31892
23888
21107
1330
28144
19061
25494
29523
15662
5402
19145
6033
13611
10295
9335
17598
9544
32313
1959
25296
3694
10743
15138
24444
8527
27623
17880
3334
29166
10130
24192
25431
1121
19781
32383
22352
5845
3082
7179
15454
19668
24534
20368
25678
8131
20484
26706
29027
14511
29186
13397
3750
5961
1099
32634
638
10798
13717
3562
20352
15468
27723
5559
22408
23618
8765
31681
13577
7976
10391
22487
16033
26383
26639
1055
26865
3306
29027
15288
31403
5229
29187
3229
18156
19733
24842
8397
25037
1128
30835
8873
821
11646
20106
16541
3057
8640
9120
5122
24838
24304
14339
28483
4421
26218
15918
22335
31009
8617
15676
11247
22718
28684
30627
17481
4170
16858
10782
356
30352
25733
14059
7388
32202
25643
4407
13944
6839
9826
31959
25866
8686
8757
30264
20119
3954
22890
22169
3000
27782
30471
2167
23104
18371
14100
24649
25375
29543
31649
28014
6023
32240
13067
22372
26957
6378
29564
6970
25233
25093
28593
15688
24737
17002
10496
17181
30235
22607
665
2489
14418
7881
6668
19453
31731
18402
2315
27999
17641
31980
29809
23778
28029
30997
3204
9286
18626
12859
25207
30587
17456
1025
14132
22620
19599
4386
10072
8858
31255
20229
22654
5110
18389
28562
3008
9396
23120
7493
14715
17484
6509
15744
6739
20066
8592
11558
16759
19448
20484
11109
11302
21731
28317
26323
27251
9595
17051
24765
17733
15511
722
6843
1441
5561
30984
17032
16684
21381
21151
20497
20459
28280
25716
18892
20302
15318
26118
9035
22125
24804
26587
27153
16273
1624
2335
13476
10998
24590
12431
2020
7887
23804
19605
9882
26763
4968
24244
32596
9047
15704
22055
11377
2020
22859
32197
14968
26986
17190
296
10414
1005
22897
19726
22503
32703
707
20223
23452
20038
10107
22577
24894
17407
29617
10152
8650
5059
30061
24481
4510
3913
27414
27185
17035
20717
22061
4394
11307
12975
9787
19774
20084
13951
4103
4199
25230
17336
25869
3974
3554
24042
32556
20298
19316
14556
5279
30803
32626
19921
2094
13975
26893
22027
2469
10245
26247
20110
6790
7785
16269
26918
19195
14480
27080
3755
17166
5804
31663
22148
27676
11769
16799
5994
20103
32673
10541
30062
30636
14046
30395
4414
31765
29278
31049
15524
27119
15595
12430
22607
16318
31051
6471
16086
15183
17765
5072
24826
5358
6310
6385
30508
31450
8611
12538
27727
24822
9984
24850
26046
30913
28560
716
3217
25992
30141
14843
31772
219
27179
31944
31161
17213
18840
25089
22984
9503
2567
10676
13811
3088
8989
13309
22711
6190
30155
23068
543
26080
22317
24010
27091
6087
17074
25294
8786
15601
30590
9931
16764
26448
1292
27484
29267
1643
2840
18018
21506
23124
12476
19613
18975
4826
5849
19066
8749
28415
18872
32556
12901
28845
30193
3582
21942
30884
25740
6632
26890
24247
615
16224
11723
23096
30423
24690
13733
20145
3474
30483
15246
20692
30669
25011
3588
30645
10401
24081
28310
20023
20659
9811
2726
30916
15636
25686
29037
25410
7526
28483
11072
2882
30017
1891
22033
14970
15573
1076
27448
17781
29904
10428
4724
8841
12674
4637
9772
27914
24894
29802
19707
10429
20996
6585
19564
22927
14942
22393
30978
17287
18824
28166
26492
26362
723
1659
17238
3326
26699
17096
28307
30752
14488
5124
20154
3418
17442
19204
27423
2367
7545
5932
16483
5497
10483
26501
27966
21109
20375
25104
7292
10589
22841
25946
20550
31303
12775
18513
29347
31404
7812
19542
20287
22555
9395
30099
23146
29486
10743
15759
26979
18110
3608
21503
16343
20307
17608
25056
5797
1758
12934
706
32740
18603
20675
26727
19495
12689
23875
23692
21759
20588
6343
5383
20674
15053
22761
3602
5003
23023
28999
24295
24962
1005
14307
15501
13918
13619
10442
7921
9768
32306
27892
15416
15169
31065
18540
20052
30118
23872
13232
22229
20339
32550
9307
21762
27302
22941
18689
8745
19494
27524
15451
26675
18436
822
29604
26235
768
18945
27714
30945
11599
9178
23721
5402
23195
14158
27773
12874
6988
12732
14326
20180
15110
7106
8841
2160
18546
20981
15557
31359
19010
30165
16763
22172
17775
27392
28193
27508
30917
13477
14968
3543
29090
18236
13165
6159
24059
8820
32061
29552
16287
18285
16605
24624
25792
24360
2201
28537
18863
9532
20475
25533
18407
27338
19182
27466
13901
17842
10275
26910
24246
16391
21172
16380
27818
7105
30472
21439
14696
32434
20214
13551
6441
6844
31021
10898
3497
9792
24531
3652
484
14553
29292
11914
29469
24651
14078
11108
11045
438
30322
289
28634
23312
2110
13687
19438
14545
321
23251
21738
13296
18926
24046
4722
3087
24493
20897
27338
29171
17790
11514
14489
22070
26592
12175
28141
4160
30705
24594
26752
29043
470
22822
23354
6310
16989
22641
28918
6613
32737
17395
3209
19990
27247
6550
18944
24527
18214
32006
9514
26407
27364
22466
26967
10938
18463
16244
20062
22673
5136
5758
26341
19281
18199
6869
17372
12210
31835
22290
29003
7731
29873
10694
12366
32013
16575
22286
4701
15973
22113
22632
22993
20165
5451
24261
17316
18381
32496
15072
7801
15142
9635
8141
21212
10680
5884
29653
16586
31517
17790
9089
5748
2389
13686
10997
1088
5307
28966
18815
29201
13367
2083
4976
6600
5558
7676
22059
11019
8919
19484
635
23621
24039
23282
4394
3309
2832
5711
5583
23820
31181
16655
29671
24057
673
27643
27175
16487
3337
13294
26641
9122
12719
11063
25030
27158
19680
29247
5659
14097
5440
17260
31470
31178
2749
30276
17339
10657
20929
15830
13930
6056
20140
9813
17003
31075
5505
5639
3589
4300
479
21853
28139
5530
2868
25188
31505
17347
10541
4956
15037
13120
23665
19621
3297
23824
12174
19939
21672
29055
17459
23130
3919
25512
16545
16538
19766
20025
12636
1377
16695
5494
13094
13757
23094
27265
31021
9329
6905
5080
900
5786
9274
7967
6608
9106
9467
24608
24132
19477
9498
24848
3279
3234
24101
10259
14995
28452
5743
30211
10650
24530
12900
25197
1220
18772
28697
30941
6148
15399
296
15196
22732
9538
30394
11830
21190
22522
13285
20737
19653
28451
23097
10458
14843
18808
25749
16370
19308
9533
25663
15946
13730
7970
5172
32698
32419
6251
14013
19256
26656
18510
28995
3927
18927
31900
6756
18446
28860
19876
11847
29115
21755
18773
23852
11623
15904
22946
26695
31308
9747
27179
16590
10388
28894
4377
7505
26980
19625
16201
31050
8217
19945
15278
13045
22738
7124
28144
15201
2094
16664
15449
3271
30807
29900
242
23324
1855
28583
23017
13026
6697
8560
22838
31299
27244
23221
22398
2144
3955
16064
28216
18151
27145
4551
23822
4579
21715
14179
24198
18905
15902
30019
12257
19472
3804
20002
20548
17712
744
2294
15125
4623
22162
14443
8616
8903
27991
22159
26651
5132
22000
18639
27006
29372
20367
24610
18231
23992
13413
10628
18341
31219
28007
8870
2052
27848
21330
9956
1425
20625
8428
10359
16878
22389
23181
2540
1735
4225
20191
11220
3254
762
5346
702
2404
5106
11059
18786
26866
27162
7309
8991
13975
17367
19856
17064
30858
29592
22465
26874
802
30310
5587
20625
1851
22717
17701
22747
24541
23962
24715
1517
25368
7125
6225
10357
14898
1457
2941
16879
1285
3762
9813
31004
19618
25518
18977
12976
2362
26919
8754
8779
16191
29656
18979
26539
30662
28558
10591
3104
6192
26681
10211
29760
23817
10563
8262
6619
31792
26400
13046
8754
12856
10023
24260
9315
16143
22944
675
13352
5597
23070
11436
1217
17455
18959
23142
14383
21589
31121
3653
11939
12040
21127
24176
27190
16465
31212
24775
23258
25510
7016
6181
9873
23381
4897
18146
16861
22310
27092
19101
27767
20027
22308
25912
26179
12348
15922
5923
28804
12721
22637
28382
28493
14255
684
29113
16184
9911
24698
479
4953
6363
18864
26002
28533
16162
13898
21432
4720
29230
7283
10647
25861
13852
29922
11741
16570
13740
22889
1251
8978
30882
29131
14898
8452
22892
8911
839
11948
32260
13202
8083
3905
22552
23841
31174
327
28777
30791
28237
31493
369
15780
23321
2874
9544
19455
23715
12812
6856
26846
23597
17985
26096
12115
21322
15025
20358
8472
26784
22523
2048
19934
18925
15992
29093
1251
26440
17517
22000
17603
29610
1157
2613
23952
20140
12414
18310
31012
15250
31778
14808
32182
2441
13433
2658
32428
4397
22333
26950
12208
11086
16014
23155
3590
1268
13543
18890
13341
29856
1361
10880
2916
13525
23510
9667
20574
10199
2617
7328
7417
2227
1252
292
27932
11647
11298
19137
20863
16099
13710
2548
17599
2265
18892
24357
22194
18608
10870
22735
8696
7255
29785
31968
16338
30424
20962
355
11831
15907
12755
30812
23589
30221
22074
29427
20534
7320
20388
24533
7539
7029
14478
10456
6764
29383
17692
21470
3721
298
31502
11003
18843
3316
9711
12250
22966
29371
23439
24156
21315
7447
9396
643
24401
10664
7693
9615
1068
24411
9575
22118
23601
23018
26403
20793
12000
3746
24552
19045
8243
3689
9877
24727
27182
10495
4730
31284
21688
21892
4551
4600
24489
1083
17476
14045
21284
15757
11843
17214
10791
12881
6100
3900
2912
8522
27703
8801
17475
13809
11671
10371
31321
17525
20725
11755
1755
1793
5730
26295
12415
16445
12657
1405
14226
26391
21996
25905
26695
16323
31942
2633
10063
1536
30033
16158
11433
3230
5809
20374
24764
30269
9617
10240
4003
27479
16916
23359
26312
29057
29198
21547
28852
18413
7029
13876
805
27956
786
12617
21345
12882
9084
19704
9419
32498
28743
28374
17844
10989
22905
8225
20083
4365
9021
22180
22200
16150
26076
17627
5405
26375
18920
30040
7422
30109
21691
13669
11915
29209
22816
4843
19739
2883
24655
29074
4036
30127
7967
31530
24616
32575
19319
28490
7057
31721
26117
5686
19009
28602
19507
23302
24835
6683
9815
20741
16646
18004
1578
10328
27115
1358
18812
21984
4637
13469
5414
29281
6497
30397
31807
5347
2478
156
10131
11352
6718
24665
4432
7296
26853
8524
10499
8714
23970
28998
29635
16892
27764
11034
31916
18516
10606
27228
10640
6639
25358
3176
18408
23979
14027
17062
26129
16585
21485
6669
19637
23189
24737
7142
11399
29512
13645
27603
21555
12845
25121
1807
660
30467
13039
2295
10536
25251
9532
6346
12994
21218
1175
25773
8831
21945
8489
19954
7931
22435
21646
10905
15813
4423
18659
16407
8976
30807
13856
23383
18859
14264
2472
10751
1843
29411
11295
14580
8327
22667
22908
15392
636
18560
16223
883
29394
4307
21924
16679
19815
1595
9528
1353
8619
31671
28971
4725
17492
23925
30215
28641
10579
29427
13153
23708
6662
3172
29613
2072
7087
8021
1623
13287
6693
5776
24591
8898
10953
22848
5476
30927
31676
19799
25492
28964
17231
22829
15266
3207
17339
10345
938
7543
14099
14373
626
21873
14198
28237
10561
14188
30601
16456
12276
5030
24356
11483
14158
28834
24652
3402
26000
1393
6242
448
12617
10546
4505
31984
20080
23509
14510
13053
29104
19492
23251
28567
24067
32515
16364
5992
28802
31734
13565
22702
7804
8933
6883
20265
6597
3868
19779
7991
3920
11158
30145
19518
13312
23675
8050
20042
5052
25063
7827
10999
22210
22509
8315
5522
28989
30684
30670
23163
28953
32448
30964
6605
24086
23852
31433
5441
24603
5175
20374
5456
8142
25541
19009
10648
5473
11784
9152
18561
14766
13382
21715
4640
19847
4316
14323
14940
11079
4739
1925
24143
22189
23762
3156
18671
16107
29188
4158
27373
26361
2556
26926
2525
26671
23174
12362
27288
787
13536
31085
31454
12912
7289
7895
15936
29864
15096
29987
573
16202
21888
31610
7596
20711
10034
23559
16218
21794
17652
20650
4083
3847
28273
16369
11046
32158
28769
9796
13316
11967
31755
8031
2217
13351
6152
9222
22815
28364
3657
20467
9599
9326
31580
17428
26457
4975
25322
30963
27222
30948
28037
5494
6172
15596
13216
7624
15218
14657
14815
3735
32421
19980
658
14464
10538
14590
22652
28615
24708
25244
14040
25676
28777
5594
29342
13754
24096
21996
2306
6146
19245
18009
14141
7176
27440
22865
16273
28827
4363
14400
32647
12203
5955
6819
15228
2998
10153
32539
17243
29060
9785
31423
21676
29204
17218
4791
24014
2262
30919
21511
1664
4635
30501
7592
8615
1481
17655
20701
27723
19027
5687
23492
15842
13288
7846
21035
3537
1003
25453
2214
29232
31908
20484
26078
31693
23861
4691
24108
4980
22991
535
19815
15470
25637
6024
8954
24648
22561
13625
5177
2006
24790
18751
18677
9590
10679
2453
13901
21657
12294
20415
7112
12928
18575
22446
22177
13380
11669
26084
32610
7705
10509
6360
1460
32723
12042
27036
15990
23210
31865
8125
6156
21562
3598
15467
26874
6862
894
8409
3249
24285
17135
29671
17064
1493
28844
2815
943
31256
3870
23100
16769
15428
23288
12242
17560
6584
14257
16042
7237
11348
16439
15436
21759
1919
20450
5634
26876
13935
6054
314
7934
28581
5006
27437
19312
8630
29797
3006
10161
15697
20918
8101
13232
24702
14328
3532
21945
18212
26370
31737
11406
9422
21701
5806
18362
19374
18489
4174
14882
17635
8344
7040
15069
15863
7371
25816
18501
28588
14113
20405
334
25080
26951
31333
10519
12622
27765
19856
2239
14623
18917
6867
9082
18337
20361
3755
28900
16079
15613
31125
4501
18097
15547
13427
12789
29917
32142
9266
3921
3390
73
8362
21295
16404
28088
17093
14559
2364
2263
24036
12627
5298
4418
10366
31025
19540
10733
22538
21797
29416
6165
13344
26748
28769
28278
25819
23023
13150
30911
129
15036
19444
31555
7270
25596
9133
6897
25869
15920
30416
390
401
10013
29411
4609
17987
27098
7791
16727
31381
32039
28163
26473
13879
31744
10875
7219
6527
3186
3202
30022
25870
10414
12630
14200
13489
32348
19660
20698
24965
22577
15507
12010
20319
17860
24764
17674
10602
30109
23930
22321
21010
30095
10791
23777
2593
19785
4488
4185
4904
10023
1874
32267
20769
31566
30445
10320
12114
28919
28535
4955
19573
27147
20748
19819
12821
27889
24389
18245
6971
24739
23806
4322
3658
20232
5469
20069
20008
8574
30224
31056
26270
2997
7893
16886
22530
6340
2624
9524
9747
3702
13241
2652
20004
6885
24260
32114
26749
75
25477
22939
30974
13076
9347
30674
13061
7736
4524
13789
13458
455
23705
27007
31913
8134
16916
5104
8440
11065
3287
27018
1722
11649
13719
453
8923
21992
17473
17253
1373
26491
22148
24818
13306
14616
28559
31081
6155
31687
29980
12593
936
15181
32173
22352
4625
19711
21525
27359
26444
8405
21563
5307
4880
10431
1307
27006
6882
19004
5133
1966
28542
3624
5450
26164
20856
725
11692
26383
26915
1118
2485
585
5554
24376
17875
7466
14237
266
11234
25005
31303
11199
27123
10800
24797
24281
9804
21871
6785
27400
5296
5811
25000
25595
28896
5703
27328
25718
609
30252
9751
22693
3456
3853
22776
17072
21908
31093
21015
11663
5251
14144
15662
16928
2951
4432
23017
12918
4402
32129
6656
28532
16560
8414
27298
23707
11853
16917
11546
30241
17718
16424
8877
7491
12932
24934
20417
32476
374
3738
6725
18485
19710
20098
10060
7711
10880
5506
15355
2623
12758
15770
9638
21162
18071
14998
27958
28594
1689
24196
22990
5119
436
17003
1710
31457
7881
10042
4183
28900
20995
25343
7407
19109
2141
11865
17384
15845
27749
26160
6365
20700
26687
5539
23996
21455
2284
23618
8234
6373
9933
1150
17955
24119
30562
24157
19937
7718
27736
12915
17664
14833
963
24845
15071
12935
28072
431
12873
25497
10942
5825
22101
29940
2165
10629
30346
30222
7736
25164
3655
22494
12271
28906
23394
14577
6601
22887
18448
14267
10552
30967
11269
16171
1853
22316
10460
386
6117
5995
9656
5476
29460
7837
11820
26927
23169
16678
14424
141
20738
3355
5717
12357
14090
1199
5844
19543
4207
23791
6401
31815
22385
5296
6062
10681
249
30661
28589
15678
5662
25205
25981
7534
1773
22828
11818
9271
6762
18544
32622
32372
8146
279
27420
10689
17699
17591
2494
1166
14046
30303
14461
9331
27916
17284
28226
26307
18815
22846
27675
28516
27482
31157
19680
2526
23508
1493
14358
8369
30776
20298
15379
16108
15664
18088
4963
20475
22340
23017
22891
4545
7326
5917
29260
27879
21520
26461
10763
10099
27992
30209
20206
9628
3746
6163
19241
11484
6990
18435
441
23880
6132
2459
29329
21789
4005
18998
27124
12955
24180
4397
16162
26646
1333
5267
26166
5706
27269
1570
22863
24815
11531
11380
7406
29069
27389
7287
25503
7314
8933
10011
5340
23714
4517
20301
15150
6190
12728
23593
7573
25928
16316
23403
2090
16309
26669
10279
2051
25924
628
18875
7767
19551
32032
16129
12002
26848
24435
2505
11659
13094
1056
3718
20293
9575
29011
7239
16947
9031
29170
12521
12559
32682
21538
19851
5580
5319
28942
28483
8058
8831
25060
15
12139
26348
1567
21519
12692
9532
16140
1777
21557
3776
1159
19884
25277
16960
14086
4209
18408
21906
21210
24798
31530
7530
26801
8310
23888
10100
32606
27470
18533
6816
17117
6920
22226
29118
9361
30213
9674
17482
20689
24279
5861
4489
7587
6133
21771
16853
22215
28595
8340
21044
2808
26737
9901
24112
15982
12562
26622
31715
9895
432
29322
7762
21351
12429
29398
29180
26878
4941
24653
26546
20425
99
18659
25000
31995
1226
32761
14029
14493
8693
13440
88
1236
10248
12898
26019
2659
72
21277
23101
11888
31696
25009
571
13707
31367
30141
12494
6124
32334
2533
13595
27388
32382
20854
26950
1048
3985
4429
14288
14481
13087
32757
2852
24311
25613
28943
23404
30103
13057
20471
20137
4674
1816
11684
7939
32592
22236
26064
15197
10725
28016
8025
22061
17779
4110
11240
22155
18560
6068
2768
24456
9898
21273
4921
25024
27624
17638
2429
27443
7442
4643
9170
10576
420
13551
16938
20819
15039
18293
23895
25297
19312
31515
29043
30865
30261
4092
26495
7070
5053
24729
16970
19610
18160
21963
4756
14165
12847
22269
30324
17567
4573
2711
10231
32346
24606
31421
24330
31187
26078
29242
2714
15442
23830
9655
9465
19951
2122
32049
10116
28328
25431
4522
24963
8625
20843
13086
13904
779
27733
2744
1724
7000
22783
11590
18862
9710
17720
12779
6157
32042
29367
8467
12256
8454
29533
20396
12980
3054
31419
31380
9022
18896
26836
13901
26178
1395
29220
1784
19124
9
2273
13441
23836
9991
27520
12055
2623
15412
31867
6111
21755
17408
18258
16873
9075
11800
22224
16227
26476
27703
16527
20236
9719
27455
2494
15852
8785
8840
18722
4419
12295
11640
10843
3263
28765
9044
13929
26865
32497
8533
1390
19970
20892
15103
15797
26274
20377
17582
1012
8002
25577
11378
16590
25987
3829
21788
24476
31726
15222
10137
27245
13797
23186
20095
10059
12249
2887
20454
6849
22462
20749
31097
5018
22972
7607
21197
9194
17704
12955
2545
11091
32178
7410
3654
22145
19680
20866
19856
14327
10171
11130
18254
24078
31944
21149
27207
2618
7737
19618
28774
28048
7269
15835
11463
3717
9334
7446
18
15353
14177
24257
26376
12660
19740
23377
22363
20655
14347
29924
24259
5206
23739
16420
14414
8204
4562
13423
19448
4528
15430
10038
19579
30686
31694
5795
26472
4537
31638
1919
15223
15336
15159
31314
2331
11999
25574
15308
20826
29280
32235
5219
22236
10817
6742
6974
13634
8303
17645
12370
697
12339
21096
25035
12238
30388
24289
16557
6532
27838
4230
26811
419
19905
29329
16280
24916
28701
31866
12076
18923
29340
6506
24393
18436
25408
17396
12942
31953
17216
2560
2700
25010
3149
3335
5928
27142
6937
21126
13632
30530
8986
30892
8338
21312
3980
9046
31961
9433
30133
13630
31288
4789
31852
10607
6364
2146
23772
8445
20446
20900
24710
30962
7014
12
133
31883
13846
20172
2582
1957
422
30922
27735
11634
25291
13555
4943
14192
5214
19666
29743
4252
13754
353
11991
28899
6246
12831
26780
23769
4340
31330
17481
19885
20264
14575
7011
5469
349
13768
23730
21286
18213
23109
13308
3135
14128
12134
24340
15558
31855
5736
21524
29947
20088
28566
7398
22188
18733
9058
3081
1776
26520
16820
11921
26648
9754
11138
8048
12259
4037
31393
8181
11761
15110
7131
6546
22138
31111
20289
27874
25920
16211
706
12778
11458
1340
15101
19872
26035
10874
32340
169
4778
6548
30274
21351
19483
13444
15086
819
2182
19478
32000
21735
13550
9873
435
28832
12685
22937
9515
10946
1734
31572
22282
24124
26203
28364
17726
15373
19680
20372
10524
13319
22384
16559
27315
23250
8606
8877
3674
28981
16302
29975
8332
28817
10502
26381
5110
16558
9951
23342
17869
31418
6976
25272
7269
23951
13357
29680
29696
22325
24348
24517
19940
18344
4264
19120
30128
24795
13449
11486
4335
18428
22980
7569
19694
23546
28447
28100
7883
17733
9176
22030
18895
13013
16534
15304
8189
26733
3232
20850
12523
545
4941
5715
23249
4374
23996
31072
29152
30089
29892
9055
29141
6674
16174
11340
28109
29738
4130
16380
12891
28140
31200
30208
19928
7448
14513
24780
29434
27485
18972
6169
27048
5080
1116
17031
525
6616
16914
25223
15852
7396
30264
27256
9267
11775
15446
23568
29394
2602
14584
30462
8909
24107
24159
15053
29328
30605
26999
16396
27268
1768
11017
11436
4063
22370
28978
18345
14784
8054
9492
28653
15483
20212
28875
31345
24369
32329
418
15269
20389
25345
14983
16402
2122
28042
27325
30781
23713
29755
23761
23503
8129
3988
20943
18420
6455
3016
15541
7425
15377
4984
21032
24409
21558
30658
16486
24465
7673
14714
9084
11730
31725
14263
2489
23679
16122
10130
7266
22040
13488
14634
16551
19039
28636
3564
17622
30393
32601
25617
28111
19926
1833
7015
30904
17044
28612
30549
25842
14881
8112
16921
6731
26976
29522
13653
16245
8591
26372
19402
21687
20518
10088
24675
26338
13826
31739
15989
28295
6594
16365
1861
12135
31090
23856
4299
11307
32615
32207
8629
597
15977
26497
11951
17015
31000
13694
31970
6306
30856
25745
19898
22818
13871
25966
30701
17768
23809
10567
4537
7496
26073
23706
4205
20581
21275
17485
298
25577
20375
28924
16107
24697
13489
15506
18883
23656
15295
17942
9062
30250
24243
24520
21739
21260
11258
9069
464
30243
4516
8423
11327
898
25540
23304
3727
17328
8730
1704
11790
31578
16623
16373
2814
27460
31041
10763
4573
3205
25632
11461
12778
23796
25944
17618
15588
20446
10576
6667
29717
14074
14898
20483
26255
14238
28748
17632
1206
8242
16823
12906
3326
12774
13622
25954
13814
12960
31840
32533
14726
23352
30978
30001
9588
30184
12735
17366
5421
16638
31225
1520
14531
27092
20725
26565
19762
13314
15417
10186
27111
8402
8505
6587
18307
10997
25139
24554
25564
27252
16984
20184
10052
13545
21804
12034
28431
3566
32047
20733
8527
31702
15805
10181
11746
5275
25651
23891
8367
22296
19539
5485
10540
9336
17386
21186
15140
28143
20911
12854
11447
27304
25455
28795
30114
27134
10087
28129
29632
5614
5362
9327
22737
14796
26724
17458
9595
24886
5685
27093
21902
25415
31074
9074
8588
11788
16656
14248
31081
26172
24946
25326
7311
12067
3054
32550
29477
12000
29307
18806
3217
8912
23118
14931
26427
6218
16821
9182
26004
7565
7491
2676
5208
32502
28717
27520
9744
25719
17396
26260
18394
25412
17220
31929
13164
22479
31773
23043
8791
7159
3376
23912
1673
28028
17036
21201
11286
6327
25977
4978
10296
15240
17316
87
14740
13455
12669
2880
32190
4767
3038
16815
8192
6255
31981
3647
25943
10387
2115
9271
14783
11691
8782
18783
8880
21211
22259
29203
15081
8315
17272
25493
7020
20751
26530
20648
21962
29305
4634
9306
25504
10093
27669
28449
12130
7462
26676
10793
6743
2391
6313
17645
9189
17509
12444
12549
5647
21459
13517
24638
23356
30974
8058
26864
24890
6154
31619
17548
11650
2844
15052
23669
1726
13769
19427
22801
22408
27855
13027
26399
11893
1539
10648
26443
32594
9355
2787
15359
2477
5453
3424
10621
2200
20391
4423
31787
4009
28257
1424
26925
14661
13536
10331
23865
2590
29852
9870
11687
11771
26324
24256
24520
29112
20096
19286
31353
7821
30343
22507
5624
6803
24626
9718
7670
29315
13792
1190
31213
12481
22012
8209
4019
9626
2605
11150
21584
1226
16076
2911
24333
31810
20123
16788
13005
10280
14004
8747
12704
2078
18111
4732
28310
22983
8552
22485
20945
31879
8465
14689
17118
17035
29891
31054
19782
21258
2411
26926
29535
458
4931
7582
9064
16357
19342
1318
725
2509
13960
26209
1000
30350
1437
2398
31105
19539
27097
4165
7479
15916
27296
17214
15271
14094
5279
21390
31500
22044
5378
23043
28689
36
5351
5267
29923
10861
26899
10048
30345
17072
27108
25663
11384
22628
1927
24408
28258
27454
28267
20624
7248
761
20470
2566
19696
29779
9078
1307
13872
30552
29530
19157
1035
29410
2722
15238
4515
8545
5780
31144
14481
29400
4273
31756
10873
20520
1255
2868
2273
9105
2056
11773
12099
19062
29307
18816
25440
21600
13106
30779
24536
13126
20187
23660
27896
16652
24411
29118
31699
15945
10104
8743
30612
11853
3797
8721
16658
13411
6692
22456
2213
22099
13207
20947
31289
18475
22423
4470
28576
9535
31161
11063
7469
14959
13806
912
27774
17832
8698
10884
31129
20142
21287
6789
26171
32024
27706
24214
30572
3996
18342
25517
12631
22668
4608
31067
25945
25505
26803
17838
26200
10488
20725
12375
22358
29018
6905
2312
18501
20416
1382
27936
5405
21526
13577
12426
15149
23360
21702
19938
6318
8283
29141
8666
19102
29509
26667
30173
7372
14431
29493
7666
16431
5521
14028
11746
15227
28815
21606
2461
18934
8795
24713
21722
7304
1036
19590
1534
12562
14541
6243
8255
13313
22824
24857
22793
8227
25477
7936
11424
4281
5613
10375
9736
31181
5396
19752
24098
15046
1175
7323
30231
16185
29826
11850
4345
8706
18453
32006
4264
1684
31176
11000
6643
7309
24716
16858
9216
398
23124
17255
5870
30025
32724
7695
15800
5083
17800
23024
3933
2653
11769
4610
4926
31157
28988
3473
25799
31666
15803
3569
6737
32345
30264
9325
4935
27001
4366
9344
29064
17030
31930
1608
16909
17059
11675
19767
6348
4865
14582
18188
9180
9064
8509
14081
31193
20243
14225
16710
10122
17345
13957
10927
16577
24329
31269
16554
30851
30190
31031
32115
1129
15027
25536
15499
20294
13553
2762
4966
16138
32742
30053
8803
4583
17168
18156
29186
5810
6394
23177
12370
17547
22615
14331
25256
30144
29517
17815
24470
18927
24851
23437
9499
29547
17854
7277
24344
29665
19544
14058
12803
3132
26419
29917
7647
25541
27260
15245
3436
10895
13587
24877
26011
15122
23450
31654
10564
32534
2509
3223
1307
7123
3601
11930
22497
10582
17231
10186
2775
31014
19714
1410
20088
12328
22927
9575
3943
14272
24278
20392
14247
19001
1286
18052
4106
7783
13237
28429
21996
30346
30000
30508
22816
5750
9231
7398
13867
25841
5901
31453
176
15453
16151
32282
29228
11927
27555
26889
28900
16414
10563
1989
795
24184
28282
31126
647
5585
2766
13241
9222
18918
3102
8543
10126
30241
3638
1271
17506
14597
10401
32432
9612
11981
28350
23610
2695
24400
13847
5581
24636
17192
5869
7277
26160
9235
23320
23916
13307
23705
20238
7984
13052
15088
10561
6967
24651
2844
31662
31063
27375
3162
25522
4171
593
21951
27680
3947
26865
28189
21906
30139
8024
6950
14588
31271
15182
11220
14471
18701
16204
16904
12956
15100
1588
24433
11070
26812
5952
14767
24478
16526
30264
6584
14313
180
17385
19067
2917
15156
17106
23236
27324
18138
5152
13920
25752
16764
16605
23169
30831
1921
25444
10596
11169
17572
1304
8496
29888
502
1109
31266
28974
21794
5799
28647
6382
5365
15162
14921
25780
14110
12690
30990
6718
15154
18556
5917
13031
18163
6469
26851
4218
22481
809
2549
29764
11697
31502
15863
27757
21230
883
22716
11144
26013
24739
29102
32360
1558
23854
26225
21557
3760
12953
28867
3264
30923
27221
21415
276
4884
19182
25538
31310
27908
9605
28421
2734
7082
6016
18316
31981
15275
5248
30150
19921
21639
19603
21975
25600
285
17068
9274
31250
370
10064
15787
28393
6574
19345
5700
28741
25191
16448
11238
13203
28194
30047
30682
12550
26647
28117
9144
5353
4149
23397
1416
23348
14438
14049
10024
18781
10004
10395
23790
14960
748
21789
12173
29026
11234
25114
7485
26019
9589
18340
30230
15858
30260
16798
22461
28021
8321
30069
3139
9993
6293
8203
20554
6871
23492
24564
17514
12840
3330
28645
3539
15738
15015
25961
27187
18642
12655
18390
15066
2645
197
4992
19228
7954
5185
32044
22006
2595
1647
2504
3829
10740
4306
20057
12884
6114
15656
27700
24676
9736
15344
7537
18481
28501
1066
26013
25955
11746
8286
15023
21858
19331
19679
14909
1982
24733
19281
16112
19917
5431
3945
27190
3478
6227
10484
30262
7149
8574
3867
25609
480
12454
12517
23079
12626
44
28413
18207
27878
23866
25270
7308
26399
23127
5708
13892
23749
4152
4717
16850
11914
24793
25847
14887
15853
28877
1284
19340
4447
19155
14372
13275
932
25001
23785
29423
637
25637
16041
24409
8324
6017
22143
29524
32343
11255
7571
26108
20216
16269
21659
25786
31604
819
25762
259
10691
13835
15624
9794
10992
27400
21195
11282
5242
19642
9476
22705
2297
21352
27317
26545
29700
8544
19905
26865
15699
31115
22332
3020
14113
1092
28901
10896
19412
22122
8177
10802
12000
28340
23819
576
5353
7493
11672
278
14120
2433
25151
8277
9743
18974
7849
32145
12080
17278
3717
19274
23131
16444
27600
19998
16902
30725
14931
14908
19186
30889
23661
1308
32524
9585
25874
32622
3986
16564
19220
19280
17014
13221
24993
707
20231
2159
14862
8800
28110
19076
21202
3143
8118
16689
14294
14169
28785
14455
30700
24231
14358
19478
5020
17705
8207
26858
18727
25012
28466
30842
25030
1830
24878
27343
25651
23780
3369
4738
20586
15238
8103
1817
18609
16848
27566
404
19414
13796
5928
26434
25784
1719
26248
30425
29448
450
27568
19398
29009
4346
7186
11202
23606
5377
4630
21158
7932
12190
32188
12416
10568
4715
2179
19942
4649
9677
12425
19082
27736
7209
24307
10767
12223
17749
15759
25371
23609
13901
4024
25774
14745
6440
4731
1458
22765
14666
10232
4819
15108
8154
21002
28304
16429
21623
16426
30610
17730
5670
29840
10557
4581
8335
17564
10886
31754
20842
14453
16132
25782
16948
3568
20041
29189
10790
25267
30066
10866
7271
18842
22269
21843
30337
20313
7387
17571
4882
12899
24774
27652
5316
21003
28373
26884
23934
6377
5710
24736
1500
26240
31931
22023
26845
15389
10048
24224
6108
12546
11819
22349
19138
29124
20173
32498
8313
20210
20361
6705
17316
7927
27178
1144
18317
30530
12409
21054
20830
164
7952
26761
24981
27385
21097
11700
20914
17418
4666
14191
23090
13746
9989
6663
13505
28480
11754
15592
11948
15901
24257
22624
16277
6575
30821
165
30826
9852
18258
25114
24216
29843
31347
4814
1915
32040
14901
7493
2073
9086
13792
10364
3345
15626
6951
24871
11982
25813
11262
2109
22016
7714
26283
19126
17485
2641
29728
18068
5443
13827
20616
24864
19346
16767
25120
21110
15992
26708
29256
2627
31612
11328
15578
20942
28767
10065
2490
20277
29008
18762
1198
19961
28511
1096
18288
28861
29492
11429
18946
12363
12289
4125
11586
19416
17077
2095
5054
3721
29043
3014
31945
3638
32578
1049
21967
18285
26630
26832
13797
15034
6319
26472
30628
28453
30640
6616
9528
32253
20914
4213
27316
3028
32394
13075
680
21195
21097
15725
20726
8720
12115
23239
8161
30372
19155
9425
13159
4450
31724
2511
9937
11837
9554
24055
18568
16585
4059
7194
26666
23037
18736
6535
19165
6967
23240
12589
14820
23168
27927
10751
24432
23569
11010
23709
26040
17687
31127
23600
3147
11188
22523
9877
10149
26694
31651
8127
16129
3051
31943
23638
15471
8261
10004
32676
25382
5242
17058
12466
27
31615
26917
27310
2259
32663
15207
11408
7285
12054
2806
19454
6947
1643
19481
28524
18314
23389
25609
29575
9912
3477
10078
16340
4654
8285
7368
20116
12343
8615
22527
27628
18040
593
253
28738
6855
17319
23402
31210
22081
7722
25176
27138
7830
1424
19504
10394
22952
11787
2796
29721
20309
30414
7303
16347
7568
24014
16306
26143
12983
24773
24777
12577
16928
28541
21253
32643
26358
21323
10739
2033
26947
12249
18213
5
22861
297
28711
10856
29990
15063
180
4155
3199
27807
3370
27061
22205
4126
2364
31245
28495
25565
18151
25242
27710
30603
24999
12601
17157
19850
27114
11759
28580
13742
25797
11215
4592
17729
29670
24862
29997
4170
14794
2742
13790
2062
20016
24232
31196
8920
22221
4645
28326
12534
6209
30367
504
772
4938
29227
2207
17773
567
22314
18315
13614
19104
24360
4902
4573
14165
19716
30948
28906
3732
31313
10011
22054
22655
21501
1814
13697
27084
2608
15717
16920
1727
30583
1142
11887
12885
802
5482
16890
32195
747
4897
26595
27678
24536
11159
6919
15964
610
25460
21314
15227
18902
16350
22508
18688
4860
17042
7075
26531
4599
27699
1355
26697
876
14561
19028
27954
30950
19214
15931
2932
17529
14477
15188
8360
18342
11756
2246
12515
10623
23556
25047
24808
14347
25550
618
24731
30956
13433
23749
22969
11583
4025
23704
14023
19652
10337
23355
22088
15423
3892
10552
32307
17182
25080
20745
9124
1115
28877
30499
23250
32420
19901
31539
833
22458
31380
16039
1081
30487
10482
13424
11638
13267
16542
7686
4129
6600
8221
6573
25599
2549
19332
26104
19689
14880
32138
32395
5244
22463
20193
30244
11281
21017
26567
12765
2799
4009
28632
27051
15552
4803
12326
4651
13378
20858
7051
5022
13887
17600
12606
29233
28863
29391
28069
19331
4732
30920
15722
19809
30358
22426
9937
2516
14472
2086
7497
19549
17499
6817
13121
21631
14106
25913
7740
6526
9093
1531
16680
31591
3849
15348
12523
1360
15088
23446
26432
9441
3542
25182
6081
31507
12636
28084
23364
10808
14368
6419
9579
17724
24556
1897
14455
17450
17453
7105
2909
8689
5287
9503
22044
1897
9320
427
14413
10129
25850
32018
11772
12571
8669
28202
18102
31018
4148
22485
21219
17242
1727
4391
31575
19201
29193
14539
30499
29108
22755
30626
21425
14093
1296
22190
784
23980
9282
11311
9356
24956
30022
25611
15234
9015
21883
10099
18546
27949
17032
10180
30806
13633
9294
4267
24114
16436
29468
25997
27373
2598
3618
20006
5983
6233
22057
5744
29867
6201
24705
26054
5839
28569
22074
29001
3449
8768
21399
11651
24349
12452
23487
17226
14916
21493
13494
19431
20775
15197
16268
6264
4988
11911
8404
2195
14992
14686
19800
13356
23446
17687
20235
27833
29758
17009
22079
22931
9610
18747
27416
13216
4318
20759
21313
25647
2902
26495
32733
2851
7003
1797
6081
12372
29817
29663
29152
9266
25963
16802
5126
21420
27768
26190
2506
4944
26115
32395
10174
9651
2397
10034
3816
275
10205
4111
1142
6203
25139
11238
29101
10919
18425
8627
8227
24553
5515
25398
1582
12875
1049
3247
14236
27830
24570
29159
20132
16338
22851
31855
24861
12911
17049
16172
21998
28964
12867
25364
11974
16693
14723
20786
6669
6842
9767
15856
24858
11774
603
31125
1702
22566
18113
10765
10624
19219
29380
20969
32643
27785
32553
18598
31942
12432
24294
2098
31506
29466
568
29612
30105
5351
4080
31595
11492
24486
18701
16963
18190
30045
19088
10243
16432
20234
8588
23874
16156
3723
25981
25692
8782
10171
19674
9143
22815
9438
28654
27979
23868
2623
11747
8033
24663
7447
26656
17050
540
4529
2005
18740
8807
25804
467
21385
9140
25665
19618
7640
12759
10981
31949
31560
24813
5041
31617
554
14482
26656
2902
19839
32596
19929
3949
30650
23144
14222
18619
12999
5532
23844
32164
8523
10125
32532
16332
21806
17946
30993
17450
5975
7960
26603
350
23734
2375
26291
2116
3208
16773
10016
19145
31702
2114
26929
17661
16959
13108
5652
15466
19448
1868
583
2469
19729
28392
6909
8226
31226
24650
707
18508
10565
2121
24931
16341
17069
3398
27400
13387
8024
32354
25252
19437
16217
17134
7055
12476
30841
7716
15985
20949
567
6932
21857
20221
781
29920
25422
17022
757
20268
2718
23858
26412
21201
1814
2269
23350
721
32506
1215
19234
23952
28533
12394
21263
7745
14394
30930
18415
12958
2668
7075
15755
14556
16060
13527
11720
6622
22225
19079
9512
5033
11756
19201
6291
18456
7372
12572
18520
9168
5327
17096
21615
12663
30299
7657
26113
11553
9852
1894
4649
27659
10190
12412
23037
27788
15006
26201
27592
8776
18508
24550
2458
21159
7667
7652
14595
5510
14924
4410
8219
20012
13008
31629
13253
12415
29725
15890
6965
9847
24987
2720
27824
10708
6239
11018
10131
26124
22864
21163
3991
13960
24200
11842
19795
21775
8189
9729
30723
19587
19296
1504
27783
971
29509
55
5551
29968
14725
16012
2485
25900
30944
29865
8459
12127
12775
10738
27223
31044
16154
11510
8125
25348
5197
25924
348
1994
3408
30592
14619
25207
4046
28598
11173
27286
1142
26093
23218
32146
27481
20736
15497
26662
3987
31657
11458
9238
7726
20447
23121
7709
9283
27746
22208
6182
14434
14484
10940
31679
21300
27274
5075
12490
7007
13155
20348
19573
10410
1496
5976
11373
610
11029
12983
21071
23804
6599
16734
4960
23291
17271
9096
28797
21781
19478
9002
10837
28049
24537
17019
26069
29427
6983
21428
29924
21979
14736
15892
5969
13867
32032
5160
18441
19304
1652
24393
27278
11363
3372
17510
27812
14872
12130
26116
12366
12758
19259
10114
20984
10912
5819
13730
7926
468
27102
30789
20525
31498
28388
20854
23824
5951
11500
19882
31439
26419
8388
10566
7114
23823
22528
20322
844
24907
16969
13773
16758
11983
11512
14929
11129
14936
7396
25912
9225
10526
31351
13582
18446
6836
17416
22441
21404
18991
14948
29799
21285
19082
15278
27575
29933
25161
16490
12251
3775
19037
11988
6892
11231
21576
30838
26142
14143
15233
13817
9797
5621
9754
13628
29080
17901
6304
11683
4789
21723
24899
3762
27878
17268
15926
7386
30115
10462
17241
20626
26456
10853
17174
11178
4456
7023
16008
30940
26993
22962
8419
10661
16850
14756
18960
18003
18794
5939
11415
9310
14499
24247
706
22267
20399
8741
24320
3567
2578
3717
7047
22177
11105
21926
27965
29556
2377
24592
7641
15699
14034
23354
12613
17294
29925
30717
31303
7652
3085
27977
25185
9441
29562
4887
26870
1130
26955
10654
7597
23702
24589
8394
6683
25791
25982
29674
16028
17625
26263
28073
13953
6403
29898
26687
1905
21340
28809
24040
12297
28696
15623
23957
6598
12243
24898
14306
25125
19492
14913
30793
16136
23158
8858
32405
604
20755
13112
19609
249
25218
347
23585
24777
8979
32224
4393
4653
11448
22979
7245
30876
13590
5090
24961
1678
18908
5124
14082
20632
10068
30489
4237
23512
23864
28868
27342
11155
13766
26134
2843
21021
4886
9629
26466
2297
13996
24733
19040
5186
10058
18845
2068
30025
10503
31781
22132
12416
31653
4551
7774
10903
21280
2140
22737
24804
16003
23952
19549
264
28927
929
16088
9168
8510
4963
28499
12121
29429
24456
27724
9336
7865
19742
6694
23384
19475
5465
32214
29541
20950
21651
8158
31337
20656
2705
7039
3829
23552
28680
11818
515
9447
17759
23353
15321
23458
32439
30684
26673
15127
28969
13142
11670
29357
25934
28521
29713
25185
13061
32014
32517
23831
19056
4458
24152
25901
20032
1790
31443
5974
9011
16158
16844
14246
6362
14244
13314
5353
4000
10469
23496
13881
16392
16356
28262
1744
1846
18630
7356
29722
23729
23942
22312
12814
21863
27882
2218
6591
22514
11702
3398
22062
26137
21023
26538
21347
8090
3970
31249
9148
25127
20054
18023
20356
10926
5728
31150
17095
7133
2853
18080
19813
19942
3237
21398
26982
19327
20550
16296
15245
24621
1551
790
560
7107
24086
12007
26183
12069
572
20431
25282
1618
22551
30806
13856
17314
7984
13879
4669
76
16239
30470
32363
30250
23507
8214
8133
30401
32102
23962
23488
21372
27249
27914
2307
6968
32236
26313
8825
20741
4920
19204
12452
43
23057
21981
23860
20844
9918
24265
25816
1417
4746
18230
23380
30984
120
15474
30164
5427
23091
20680
20351
21092
6468
12268
23632
12160
28807
29337
32289
17090
10720
21880
28681
18362
3114
22340
31720
20117
23920
556
11840
28830
21856
25720
31815
11781
5116
31856
4154
22751
28819
7033
12275
12655
13552
1154
29118
6052
6353
18846
13161
30178
4507
11506
1946
18694
19019
2258
3429
27044
22448
807
26142
31378
31960
4116
15724
8363
5064
2009
6047
26573
28271
21495
23108
31012
17373
30613
17142
1707
32177
30498
16503
4079
31184
25404
25087
25623
5213
2768
20691
1313
3557
6275
2074
20590
8665
8017
16108
4225
24898
23156
14509
23556
9648
9352
28569
26123
12403
27116
19871
9117
18958
6763
26483
27249
30185
24092
28127
27893
3654
4486
18778
14228
23670
19720
5083
4921
333
31609
25839
28943
16851
17419
9226
17292
3132
19317
21786
26797
18715
4177
4962
2435
19666
26306
11910
4846
32077
22363
7650
11177
32752
25916
15904
19334
973
32638
3338
22523
31771
8658
22428
27102
24291
26724
3678
8301
15357
6918
13297
9617
16443
29578
6631
18276
30948
9071
24536
19184
27492
23745
26801
23610
21825
25146
14928
16255
10321
25261
31566
10173
5931
9125
796
22133
17883
16201
12370
26799
29402
31106
31043
30016
11325
28768
27349
24648
25900
11194
2448
2046
32662
20501
18676
11952
7715
30919
3344
17925
21098
32093
27216
32646
31589
9785
6039
18012
26657
5248
18061
1627
4794
24883
22075
25664
1927
14235
5077
19255
19602
28395
32214
29601
23883
26401
15698
18195
3709
11565
18824
17826
28288
10837
27064
20574
30129
25304
2356
32028
6943
2001
4536
22393
8583
24671
16382
13083
12419
19971
9870
29498
3582
28745
21204
27487
3051
11179
18548
15724
32310
6066
18146
22749
19707
6238
3373
32589
30455
9928
4123
29244
6204
3334
22139
11791
18728
6479
28599
22104
27031
3167
14505
14168
11352
18205
25263
195
30430
31612
28930
7618
26936
25759
8259
20030
8772
19008
27735
25948
5151
21330
10357
20804
31967
27621
23933
20519
22405
16971
25228
30336
22829
8057
25549
27290
20104
7855
19346
31058
28044
2140
16803
26654
28522
21564
13525
10318
1729
5827
8927
20370
1553
23998
4714
31165
19058
16440
29543
30664
16006
9626
22949
28698
2476
2071
17827
21510
16246
13895
28579
20118
9054
22546
18687
4231
21684
15056
10176
7572
30427
10414
20589
32504
10677
20308
21025
32558
26204
31173
26848
21243
5139
8582
23083
21422
27004
6914
32722
11943
28171
24877
29962
11798
12218
17512
6591
32517
254
165
24620
6297
21242
32459
6312
10388
32755
17756
12227
10527
6661
23637
4753
967
4628
10325
11590
26053
19205
258
14339
10626
27949
1704
17904
31066
3593
31524
19083
4000
48
8705
2368
14307
24455
27616
9017
30064
11700
28957
14199
29464
4821
32687
18722
8244
5745
16464
24605
7910
25774
14047
6110
26529
29637
8706
4221
17899
7604
32271
30218
4705
563
12077
4644
19964
17640
5814
7111
660
31710
6112
14694
3234
25140
20381
26938
12874
8978
959
17369
11161
20705
3424
19722
11
23740
17025
18136
23888
8737
8945
15077
19279
23277
19569
11777
24940
3975
31253
12795
24838
22363
4845
18871
22852
32138
3045
21377
14354
24031
8426
28065
27750
3590
10574
2352
32200
9976
2926
7978
15633
17082
5010
15300
29299
583
12820
21503
11449
12235
25797
6525
5584
20753
20364
16531
28807
15935
18512
27809
9107
4289
23064
13982
30166
32387
881
503
24545
30051
13329
5018
5815
2790
19897
8013
13267
5161
11360
16197
7789
31259
31117
2548
6650
7658
20229
14882
7666
25019
27814
7487
23253
10654
1427
15352
4208
26817
26769
28936
6493
3812
1969
25169
20425
27148
9008
4139
12153
20604
7067
28412
22799
9953
12086
16137
23178
5837
9887
5771
24845
2406
13487
20998
14305
14944
3489
24278
14524
30504
31094
5130
4420
24162
26007
3446
463
13206
14781
15620
31085
6950
29710
9803
13096
21124
20617
30819
14474
14497
32675
31223
28000
15017
12338
31643
2238
30957
28811
17504
8003
14369
10983
11430
8862
29383
16652
23346
31313
7915
2857
22657
6581
31761
15873
27739
14143
32108
31819
31147
2305
9296
5977
19597
10868
24298
17145
3753
3956
16175
16537
21952
10380
7698
17838
132
7284
32506
8534
21933
15064
18291
25915
6473
3163
7971
5563
3155
9180
3073
9543
2696
5368
7873
16137
14966
13264
17298
9418
982
524
2828
9234
16411
27936
32612
26257
22859
16845
23011
8637
19214
30955
11414
27069
14853
16743
21574
11142
5468
27528
18090
4676
30371
6518
4316
23547
13273
22780
6666
24942
22474
2701
32366
21824
29852
14725
5760
32345
1188
18866
32362
29067
19838
7699
12732
3701
31068
7391
3937
17320
23198
13513
22994
24073
3491
18307
1929
26487
27871
7553
30649
22701
2862
18175
24380
8809
10344
3653
460
20942
21558
24362
2935
21510
13092
18391
7757
7469
6647
30413
26716
13930
29504
23082
21982
30559
9009
17447
13232
28356
23984
14566
22022
15950
8874
18795
5982
28118
21674
8168
17330
31159
7594
8509
17394
8312
5673
18367
7601
13227
25213
6968
6943
28692
14955
27184
12087
8462
3829
10347
27193
4907
17011
5811
4699
6683
9957
6104
13499
11727
13960
22260
17049
25309
15015
8947
3779
16935
21684
9043
16208
17336
7575
18985
1937
28910
20294
10085
15941
29150
11414
342
9228
2548
6993
22129
28191
18394
9352
11342
26941
27803
20266
20467
18665
19977
2262
27477
30418
14428
4334
5148
30355
4891
6637
14247
12700
19776
5370
2128
16240
21655
23485
20465
32274
7271
11377
19367
3769
30548
11322
29909
2763
18564
25529
23404
1289
20481
27102
30058
11015
5726
12542
1953
6880
15262
10790
3002
16679
11601
12974
14201
21281
2048
17
2371
14641
10187
32252
32221
32147
11345
21156
21366
4941
29648
32093
32232
2403
20877
17257
12347
32331
887
24333
8042
26528
11015
9450
25194
539
19818
5003
4969
32190
7906
315
5716
14930
7530
23577
10395
10260
16025
12398
7736
8364
13512
26941
28654
19550
3959
32540
32462
26500
15085
2371
12544
31804
8991
25827
19392
25694
32211
26297
11943
10161
5
19170
21548
2654
650
22257
15210
24484
23027
25151
7972
29902
26036
14466
7686
10338
6790
2721
14381
412
3081
25031
17898
23578
14766
18615
19395
31705
8916
8031
20411
7520
26161
19631
5076
22075
28788
17067
22993
22955
32296
2239
5184
30108
29916
16467
10424
23511
22401
22432
10080
2937
23059
24258
7088
28324
22652
13070
23164
116
13493
29861
28974
3893
24622
31305
6739
28371
5232
14192
23385
12177
32513
18583
12182
11518
25735
6617
25741
2342
32561
23488
2925
26629
7251
14939
9179
32577
15696
2705
25585
19992
16317
25012
16775
4502
20675
19290
8369
18700
12229
4456
19336
24255
1091
19055
5934
18653
19199
8764
23052
14005
7774
4266
5982
7718
24080
29371
1010
15704
31219
14823
18476
25771
25653
9652
9038
7405
28346
15239
21494
32208
6077
28858
27113
18587
2489
15086
25870
6943
21130
31395
17854
20205
5583
29702
29243
22726
16020
18953
5501
15443
29742
12217
23349
26646
22117
17357
11532
3489
17625
19066
21803
18950
13726
14735
10753
12942
24362
19133
10048
6574
14705
2102
6185
8246
6734
1915
14090
26316
28965
18030
26117
29593
26055
24239
25874
8258
24213
805
10567
9242
12777
31707
14680
3734
1713
5134
13146
17921
10333
11908
24524
24176
20988
29727
30167
23801
13473
20657
29909
15136
15628
12818
14097
16018
23686
15728
8653
30998
22797
28391
5770
1216
26801
22353
2435
20583
7230
27744
24955
4186
23835
7914
1208
10063
626
11139
14160
7068
16785
22865
11939
27818
32145
6940
32297
23718
14901
18085
16750
633
13844
22073
10074
14331
28667
26757
17078
14435
7053
29356
17388
771
18732
22679
14
22066
17693
24461
26906
22153
29158
12035
23421
13906
8699
21429
25813
28989
13466
30965
26619
28757
31220
19523
16961
10803
8845
16159
22008
4977
15845
6939
7734
29538
3160
7220
12246
28928
10307
1378
19391
27686
19048
25454
26218
30464
11668
29188
18590
959
21887
22281
11646
6801
15603
10286
454
11216
12080
28358
10322
21113
20624
7637
26592
6881
6759
11881
26134
8611
20013
22061
21447
7901
9183
3131
11890
12700
14242
20530
15115
32660
31402
26504
7678
32021
11098
1314
13426
28986
6316
3874
4810
2660
13524
30465
19570
5862
15136
22493
26840
13826
27939
20244
10680
5397
11026
17169
1693
3342
27502
3174
421
13348
21987
13595
14724
14281
1393
16966
23755
4825
13769
15324
25195
29720
24570
26311
11124
26843
2636
25913
29219
8197
20332
12607
10780
22837
24778
9625
13812
21566
2112
2249
5618
21720
27892
20074
29719
3733
8063
707
12635
3350
12623
5276
22586
27774
23369
29008
6255
30247
30643
10020
12288
30100
21330
471
25978
22951
6607
21883
30590
30228
24928
27523
9596
30998
6564
17948
13759
26977
25038
11713
7338
16471
2565
15625
10561
29822
17419
24260
23275
2098
18205
29255
17525
28823
27419
2564
8283
26834
32489
30814
31299
1401
24085
7867
4555
7239
2490
13018
23172
21525
18596
28263
15678
28933
4788
23756
32391
12545
19334
15179
28270
19556
4178
8009
17805
28406
7440
22253
21318
15646
3296
14314
24908
14675
31144
20633
28773
7636
16127
12107
12911
32409
25674
13277
26017
18313
29220
8077
29972
27373
14084
22283
642
21541
16153
2772
15693
29337
889
14779
10947
28915
5243
16840
17312
27788
17249
29510
2772
16675
3899
23064
391
15573
22792
12620
7259
20553
8989
13555
7665
3884
24523
17967
31406
5341
4924
5517
10687
8553
19614
18325
1882
697
14979
18336
11335
7690
24200
15594
24224
11678
9269
21992
32725
1713
24357
24028
7154
31663
29799
20646
32293
11940
13091
24797
28283
26612
8321
9246
31978
17740
15046
22948
32148
21720
30657
32537
6730
28855
613
10156
7503
28332
31671
18788
22879
30742
17131
29876
21232
7714
2249
10831
3768
32319
12886
17213
10607
2770
20145
7983
7382
19499
9275
3344
22008
11704
6394
8668
176
11129
31296
29109
11371
29620
26503
24372
11823
20714
25760
29949
25565
28681
22285
32150
15539
22243
29355
19833
11028
7903
22932
29543
25484
18415
29507
17152
3343
14274
16121
28049
18049
14650
9568
7469
9596
4128
3438
17919
4685
29975
14477
8670
9535
3534
10745
2594
26909
13690
7529
9142
9970
10628
20721
4463
7955
28286
9767
8348
21343
348
24197
9183
18118
10465
30478
28731
22024
31575
26420
12397
3519
27779
18170
640
8608
30680
8278
5020
26878
15083
28633
11807
1167
5159
6289
28142
4467
6594
20271
3854
3442
31983
16485
2670
20614
11606
30354
29959
16281
20673
17057
21799
7311
25368
11310
25098
6023
4751
11499
25003
1374
11294
15171
6361
24437
11314
26685
397
28853
18338
5282
15227
21456
228
354
27367
9929
7553
16180
31162
6070
4038
16765
28373
11973
10428
6259
20389
31101
9819
5762
16376
31558
29179
25839
21519
1836
8971
19387
18676
26336
6661
12490
5902
29439
18337
4676
4850
151
29770
60
4220
18408
7118
22927
15391
10343
12633
20495
7801
28169
24484
30689
32298
31677
6506
26148
5095
32570
3612
8915
17610
4604
22229
29165
22252
27529
28560
14291
21558
2297
20633
31985
3956
28085
15425
21664
32683
24959
5334
11083
26029
20403
20178
16337
28650
11212
21331
19499
20617
32553
26315
8527
31160
1042
26617
14932
29760
29174
31512
2774
1116
24310
30038
3228
4299
23208
7303
20600
36
9748
3867
5743
106
11523
26701
12570
27872
9338
29854
14412
17950
29313
2690
20214
28773
17192
23385
71
11312
28364
20640
30743
32011
5527
18793
6789
29352
5190
19464
16095
2096
13871
16
4547
3543
18562
1150
25220
20659
29391
30259
24527
29902
30920
15016
1935
13690
18761
25309
19981
32740
32405
14994
16476
7148
13283
22458
9716
22324
21529
15917
26013
26231
17879
27549
12687
28957
6327
24523
16087
31500
6099
29946
3068
8384
25992
7332
31459
22942
1146
21613
16880
13445
29144
26453
30830
17063
13538
20273
16945
9367
1960
19036
24185
28066
32020
31146
7706
20835
18474
6813
1242
20370
2191
12764
6683
21021
16456
14816
11450
29050
22213
10737
3638
21307
19742
26961
2325
22243
1948
695
5763
1272
20603
11262
5949
29785
30702
30239
5037
6610
13668
14685
18262
13806
11786
4543
31603
21772
17553
32707
29915
5557
5681
337
31016
10541
18670
14062
12056
16968
3866
26930
24116
26239
1051
636
20911
21827
18030
20708
25232
31122
29420
9329
27924
6599
25932
7565
13645
14774
25066
16309
32528
25336
3270
7285
23822
18308
20944
10900
31553
29311
8803
7564
26762
31574
11279
20796
9112
28425
27803
7649
28427
25546
18250
10307
12505
27334
32606
556
24817
21571
15323
12062
19231
31211
30861
24901
10288
871
2124
683
21078
22832
3199
24235
6350
14754
1503
32680
30399
9299
25214
5375
12646
4002
11527
30009
8560
7315
16711
4230
11175
15578
10732
26471
11473
32565
2957
22954
23765
30207
16619
24987
27936
27651
3191
3961
26183
23438
788
22823
2286
23496
5149
4644
13800
30787
21162
8125
8608
9941
25615
15745
22199
20387
14246
26102
19438
7039
27599
13194
4423
31860
1076
19916
22631
9374
21842
14044
23615
24383
18741
3360
27627
16
24962
5433
7386
23765
6843
8246
26672
1332
5311
8711
14184
11463
9360
3124
9278
31600
13145
16591
28620
14317
3760
12711
29939
172
3608
32702
6652
1760
12746
12029
1407
32724
7861
16935
6788
16511
7107
21260
32745
14170
29790
31487
14084
14446
25651
8073
1416
20401
28725
30559
13997
3474
20709
23442
30603
467
20945
14598
21191
22679
19035
13861
3954
19900
5052
24788
30510
27242
8265
30886
18323
16620
6132
10576
21201
6847
7701
18782
5014
19689
9323
28964
14386
9868
28509
32246
26873
11707
12166
21916
19944
7820
21617
32256
6028
24687
31905
23850
3872
26046
9941
13678
29174
10645
2186
12772
7192
16355
11712
5913
17966
11201
17921
27652
23202
28675
17056
12092
9731
3597
10815
27752
26279
26345
17811
17910
32661
12950
2412
18192
21153
418
25071
4555
1497
31995
17190
15778
14368
22530
8892
31268
26905
10465
16129
18921
6215
6942
22324
27082
24434
12401
14594
14417
3148
979
18250
12655
32084
17112
24099
21101
17915
20798
14368
31269
24069
19142
14547
6514
24627
22338
16527
18405
7199
1264
28018
4282
32615
7430
28067
3082
6669
9870
18137
6210
16926
2932
14109
18387
6802
5086
4816
22315
372
11195
17391
16101
10563
9887
20118
13884
24983
30158
32451
14790
21255
1175
9053
27231
12875
12003
31349
22626
11934
1549
13003
3872
8038
22516
9876
29834
13591
11343
13178
20785
12629
11329
21477
5233
27225
10286
23929
10472
7573
12236
2272
27949
21915
28797
9929
9407
26427
19932
9776
30012
18923
26773
20448
17364
20333
1915
23351
1788
32427
5844
16426
24679
5606
12791
27272
4914
30735
27418
12931
10847
2421
17765
15980
25476
16289
5451
12734
12740
26750
15129
19806
27903
27838
27599
25889
326
4472
31792
20111
12946
32022
25109
11495
18613
878
24582
15971
14224
32047
3851
3772
6023
11903
15040
13041
562
226
17320
29253
10069
5214
31683
134
11795
27613
12643
11669
13918
14546
23611
11811
3762
2591
8377
25017
29187
25143
7574
14843
25076
30847
14251
10029
29001
10747
22534
11766
4767
23846
20541
2660
16218
23841
22786
1073
2784
28688
24312
22597
30213
11458
4549
23419
5829
21392
26985
15016
26681
11911
5582
31706
22212
15561
3231
9437
23694
11568
10590
11012
16947
27701
5041
4133
22460
18704
24573
20710
14798
30241
7734
2103
30497
26767
19190
27680
10804
23343
22220
1981
23359
30887
14294
22151
15978
28883
14738
9428
8764
32103
32497
22946
8790
6614
27309
3472
29281
29299
25053
4909
21829
20182
7367
21621
5275
31618
31221
10649
3174
30405
1931
3327
7933
25823
14039
20618
9548
3942
28202
14363
12092
29672
27878
7512
10352
9683
13785
172
13618
1938
29641
11150
23469
7929
3152
18439
19804
2275
21739
4462
25794
20505
7757
631
11100
11126
2553
9324
31700
26441
24079
25529
5239
32251
19302
3502
11753
9202
23004
23425
27159
19124
28394
11922
12142
24400
8828
25075
17483
18426
22015
21800
16050
25845
16827
5163
7234
6326
27747
16564
5736
6982
16618
8374
1748
7400
13977
30253
28713
31740
16223
1047
32505
4643
28776
25792
5872
23716
6384
5443
16463
1038
15194
23118
2460
1823
7292
25125
12696
3301
23870
18410
11634
8739
21091
23579
24378
26102
3750
22108
4248
27064
21257
21623
1470
18469
22890
19105
15515
14268
11607
18687
11346
7272
1827
14952
6378
23648
23865
109
20295
31820
8113
4246
23897
18089
21025
30447
6803
622
30646
25027
5279
31984
1411
6824
13392
27395
20248
4283
11992
25954
8535
22573
5947
1105
32643
17151
9219
24192
13978
30473
32054
28467
15077
9537
9861
10144
973
17978
22982
12184
23024
32747
26020
6506
19316
6322
25749
3333
15003
7065
24589
11868
15000
4567
13298
17167
11938
30106
17999
23367
24390
16899
26444
481
31233
17522
27998
14288
12046
4869
25019
16060
24957
19547
20753
30447
7557
1182
5239
21618
18715
960
9892
12147
17091
14596
22878
29674
25255
1985
32566
29821
4582
20835
23923
25760
27694
24754
31308
15872
8077
6743
7002
5410
32388
5787
2124
8519
30814
2163
26077
31636
27583
5562
15619
22895
1920
1213
617
17964
11706
25340
12832
8169
3361
2351
21394
23478
25748
8328
31159
21754
9458
3384
5003
11282
25902
25140
8383
30778
23718
16953
7854
20657
22448
21005
16788
28952
23158
8201
19962
32027
26117
9428
9845
10068
5024
16753
24976
16236
31322
24188
31751
27524
4836
4272
31542
4307
3491
26285
5072
12176
20229
17400
10452
13842
1558
27972
14013
3894
4430
10736
32506
28673
9645
7888
1949
10374
27659
17968
17239
31754
2217
10518
30116
17511
16651
15816
10051
25774
13322
3982
16105
20240
22565
5049
4662
8703
13336
20452
744
8336
1456
13690
31823
2596
19165
22137
25857
5447
24841
22389
22734
4568
11944
17119
16118
30315
2832
8583
4250
23787
22667
31840
25457
12932
1195
11139
3260
7871
25310
5751
28796
26095
5442
18864
20706
19149
30651
1365
12807
13151
16706
10567
9693
5406
20352
8798
5222
27735
20635
15606
21539
17106
16208
170
9936
2482
25922
31071
28238
19100
22417
4485
11745
29723
8623
24985
11163
17731
4719
6382
17944
7317
24415
25518
21100
11811
4696
29211
5722
25845
30035
1307
12999
29610
28798
9204
4717
22626
3728
24404
12500
22492
7001
17812
19838
13276
4253
27709
24418
8400
17698
13004
23709
16050
4616
8882
10851
6448
25177
4255
18747
29451
24801
25344
4460
24765
14400
8647
5042
30302
6461
13162
29238
3272
31581
27438
17853
25082
19381
19621
25376
6330
32252
10357
5372
23423
13284
30300
7594
9869
28330
4209
5490
32098
32492
13229
30971
3921
9916
27049
31750
3949
8690
16297
29788
17320
2246
28378
28933
3900
16542
23000
20923
31818
28452
883
29343
2241
9116
25267
16426
14978
10869
14362
18277
16066
16157
18472
5725
6319
4122
7973
209
9046
18775
16922
7471
27332
6331
28961
3519
8299
24832
24286
27165
11976
3779
334
23788
12355
17367
24511
18889
19799
19679
544
3966
17906
5404
25979
14968
10783
3203
6592
15228
1506
13331
27844
30357
1123
17509
18057
15953
20047
8837
6848
3884
10108
5888
5004
8013
4044
31550
22921
5744
27475
20754
7437
548
30140
30864
17582
23094
1256
30751
25860
10605
24281
2767
26032
11895
9935
26860
30620
2340
9648
32467
16517
18386
29101
1540
24503
26921
14627
13433
12312
9736
13503
30262
27496
6078
1254
25890
4807
3710
32340
29461
16504
11277
10755
31282
18148
5822
31822
10103
16610
22688
1878
29586
30517
16118
11429
7670
16214
19943
4625
24111
14197
7287
24035
16242
954
11446
32313
23161
28880
5175
32681
24974
8100
2244
14119
13029
7786
9552
17193
25902
4834
31533
10249
619
23001
17280
2986
25855
16370
17649
21598
27400
14246
16807
12039
29679
12426
371
16509
23614
29648
19531
1584
27569
10769
26875
10767
27023
28234
29719
19880
19258
4644
9012
4240
12549
30584
18519
22021
9543
8978
10670
3538
20910
27829
382
1139
7893
28768
14941
32378
29208
9424
15265
9009
32167
15174
23064
31361
22233
11402
16634
530
18115
5936
26395
7604
2314
21274
25701
26366
27893
24126
15238
8244
3270
1705
27622
20078
3915
30148
24540
16119
10160
215
2849
31732
18327
25291
19845
29766
14186
17204
28128
23217
2288
11919
16716
61
6175
25543
21137
11740
3634
6911
7649
16718
6907
10635
13510
4418
22649
10047
24152
23742
3245
30957
1971
18880
15786
25641
6312
14118
19436
4175
179
26059
1770
6344
4141
15603
28654
5256
29123
11753
7973
14043
22567
31462
32498
28002
13317
25909
20872
8024
1593
1685
13496
29210
8767
23007
6151
14055
29931
14056
22788
26084
9050
17833
31193
19043
5672
11421
9759
17508
17635
32363
31223
17244
21952
10949
16214
24118
25997
30352
5536
11416
3047
16197
14201
17767
28589
3479
21208
1677
32693
15190
10076
2554
9149
12435
24292
27624
31140
31749
21594
18020
29402
19115
15567
1546
26133
691
26317
31760
26949
1435
1000
20870
1995
23958
12439
16347
10469
23089
11842
12964
14957
24630
924
13977
29636
28880
30515
23008
17673
11249
6214
24975
18062
20977
18902
30828
15500
2168
1023
15095
789
26269
16265
17578
30283
3151
16315
8831
10960
18676
11887
20147
2685
5457
15980
6601
10583
25770
18415
9427
26302
4394
5003
20717
12008
26501
18227
18442
28814
5595
10646
755
6885
480
12203
28812
14288
19002
2188
8793
30292
30506
7047
8770
14668
7791
11378
21907
32350
32359
6720
4423
12589
21624
27602
17286
16080
29358
7951
22124
32132
22693
28215
12300
15517
21418
32628
29621
4291
27165
12979
26740
12378
5657
433
10457
29762
4952
9817
32766
20673
17488
31565
6086
23229
29346
19139
23651
11567
28341
32658
14619
17108
21150
27788
4683
6182
27716
7695
8364
10634
4801
27095
4565
8651
27403
12566
4609
19655
24531
2247
8979
8808
20653
15423
25815
32214
15474
24069
12939
21739
27362
23267
14750
1000
22926
17213
28087
358
28662
16034
32249
3727
16110
23969
12166
14221
20294
15838
16705
14403
17321
13413
15577
6459
20934
29245
22787
6368
22190
22337
20742
13550
2685
26411
21885
26662
5949
5362
31320
28742
5895
22614
17957
12344
15723
16824
18062
650
12307
48
20002
4126
21154
3546
16216
32547
2530
30320
2256
3651
14879
27678
14045
28702
1230
7825
15937
31480
2419
2130
25655
174
11713
9810
26551
25327
12546
19910
20469
14248
3769
5172
1067
4544
29830
32206
4248
16902
20299
26112
15560
9320
13197
22085
22295
19813
9501
16190
22897
11205
503
18437
19291
29319
5226
10175
1335
24347
4217
15728
14531
12241
130
23060
25316
24210
25885
28907
2722
29646
3143
8724
29043
1461
25536
21341
6332
14250
19121
19290
16533
19956
9874
692
17357
10679
16203
8132
29997
16675
9881
20576
25089
26604
11956
30197
7637
31738
13359
22486
31613
19041
16159
20436
22360
16531
16255
9487
22229
15829
26835
2316
16693
6383
28940
27399
21907
11816
13996
5514
16930
2417
4650
19006
8375
225
22168
20482
7303
21345
17795
10042
9521
8105
31259
22633
21247
18283
3987
4355
24680
4813
1739
636
23770
10269
12077
14245
31927
11200
5845
21560
10910
7276
17908
29361
15851
16280
18806
5216
31361
12848
20706
22461
15815
29068
25474
26875
31984
28835
28869
24800
30848
3452
16353
1491
18699
31462
700
9015
10560
29289
4109
27383
8487
17020
2238
5474
30375
3320
27798
13114
1867
18893
25108
26119
28486
25076
13726
29361
8628
30373
21467
25166
22050
10441
17245
9529
28497
29874
24963
27748
16183
30218
26269
11503
19527
10249
30034
505
31730
30187
14655
24758
18030
12194
22753
21185
22454
14024
16053
10932
16850
30679
32157
26359
9304
924
21638
14037
27955
23785
5448
21973
5795
20107
29389
12615
1669
23931
31350
3101
29397
11097
15546
5372
28529
23829
26897
8851
2335
23024
24848
2604
4562
30371
1749
17536
553
24797
19109
21712
5177
24307
15316
9777
31628
14291
8421
21288
24169
22331
23283
2934
29782
552
6224
3125
28124
12176
6763
24100
2442
22867
4855
20032
31293
22896
23625
21652
670
10100
4354
23889
27115
2617
18159
10273
11771
4556
28973
12729
5756
28079
11665
23469
3456
29505
326
18057
24888
26746
18616
4637
21246
26331
24241
30744
6041
27301
16066
29913
11453
25162
9957
29313
10194
21025
31840
10829
25078
24669
30701
12323
9541
23872
23831
23658
16216
7052
16615
2079
7435
11579
9152
20261
21380
22639
25224
19677
14961
22700
17160
1783
31632
16453
8086
31368
15221
3604
30193
32604
16264
19310
23916
30093
13645
18006
10319
29012
32488
15345
13434
22816
10464
1851
12107
10725
27939
10231
20674
21943
26442
13804
20963
28823
24095
5198
8796
8077
18012
31099
8552
32247
25270
7912
24051
27936
9498
11610
8703
532
13623
14681
19782
1459
16444
25569
17185
15109
30179
29532
28584
24525
22190
30925
10267
7009
14192
21838
27265
20408
7696
13244
16526
197
23434
19121
18890
17923
1846
31410
12528
31314
16205
7338
4244
7681
21161
5271
2825
7980
14284
31876
6530
31816
29988
31671
22135
29948
24206
7723
18251
15666
19480
16449
26923
26223
11787
25266
1337
29535
8745
31432
4074
18869
28211
4814
6060
30258
942
20165
1741
30466
28903
10584
15512
79
25397
32018
16833
28433
7806
11727
7171
24099
3580
1648
1287
4508
21057
7891
2184
11356
28793
24067
19893
25573
1776
27819
4054
9837
10964
11217
2611
26417
21307
960
23345
1291
30055
8006
8895
32583
13897
26400
24560
27827
21829
20915
20969
26869
13365
23293
24574
27681
8368
14538
19736
16523
17036
7979
14938
2778
21409
10532
15620
6238
1232
14757
2967
26532
13381
26811
1594
8007
22776
20744
7772
26376
18298
20849
24987
22305
13294
5910
11236
29143
5461
903
17628
23375
19984
17205
27775
17314
15775
10278
6919
14131
8111
7405
30736
18753
23636
17370
19705
19640
11667
5742
30349
3917
15907
6417
6627
19145
9588
30471
8322
16549
25841
6817
16329
13272
19075
5552
3983
13549
23638
28223
29702
29784
12767
9090
24293
3850
24094
32521
11206
2371
20256
1593
7116
27560
18121
8189
13450
13973
20688
17081
1568
8116
23051
16000
7335
19919
19693
30598
8400
1762
22349
9432
27591
1141
15720
26442
4702
25128
24106
19633
11111
23184
19625
4947
21857
17985
8947
16796
16216
4396
29193
26131
14598
6700
29483
5004
3646
12507
24150
28062
12683
9642
2572
22871
31252
8241
14419
9775
30914
12227
13568
17211
10405
19014
10549
21667
32404
11585
18473
15702
7188
21815
14631
28924
10620
32564
25306
8749
6998
26789
31687
8416
26375
16748
1051
32038
27315
1076
3239
16920
3163
10498
28457
23821
21576
26125
23501
1297
1709
29392
24563
13971
136
349
18995
5982
23497
25076
3998
22219
7862
1236
5703
24116
31374
20049
2307
26027
23916
28967
6252
16620
23407
17166
19756
30865
13080
16271
20344
901
28915
11541
18394
13499
30330
6215
15668
12576
26678
6549
5122
462
18215
6417
4831
5762
14694
1153
4171
19536
17929
11186
11691
19605
2119
14095
17297
22574
7645
27761
25406
21223
21679
13881
4453
9014
23475
8349
7730
14890
31499
16703
16011
22430
6001
15620
19094
24242
1240
24611
17787
20092
27728
31868
4715
13050
18731
556
31457
8779
16734
1630
27175
6687
23850
11363
541
20845
25083
9478
27958
21092
21648
14361
4547
28835
26204
3156
2676
28588
21036
8544
2075
28054
27659
12334
180
26115
26722
25997
20387
24914
7780
11004
11068
9238
18857
29116
5000
29382
3865
13354
7750
15798
18700
8524
17457
18757
24240
9898
4993
9816
10922
19551
27572
3848
13568
5999
9870
31640
17462
26203
21087
938
2487
31731
24964
24498
28023
11372
29488
7850
15575
24754
6509
25608
16585
25599
16477
16877
32564
12205
6854
927
11162
10569
14285
31801
2808
1768
9730
11681
20205
19902
18333
23483
11295
7916
15367
24540
12251
18074
669
20610
6395
16710
15024
20802
14349
11099
9424
7937
6833
20230
18762
11367
1603
17477
26607
25233
1466
22337
5399
23046
3792
10461
10214
8173
612
15759
24014
23421
3100
28271
22357
26548
9550
28813
21017
13644
16161
26248
17425
2283
22511
12380
15381
27034
32750
28028
11169
21368
4368
25889
32214
687
7719
18657
8129
27304
23885
1411
24032
11643
4483
5650
15074
10154
14232
3376
9135
25614
31309
18605
9384
3089
12726
856
1072
10270
29155
14613
26219
17494
27840
4400
24133
19845
11066
17137
4023
14932
24995
10353
18246
21696
25432
29611
10956
14282
31137
14806
26490
21872
8664
18675
286
6365
30414
31650
9890
30941
18794
32569
12245
3731
11411
16407
10351
1134
30800
28726
3151
29017
2094
23552
6406
29746
14563
356
22681
9086
26928
7464
18819
9563
524
8833
18426
949
18942
20705
7283
4285
1995
23568
21352
28567
14417
23166
16985
5459
23475
28120
24081
22047
7606
23001
17962
21179
23915
32099
10707
23085
22543
25038
27089
5045
31535
21632
7108
1283
8719
16061
21164
18600
16973
12225
20651
2251
19394
19724
1549
4637
16297
7422
389
4879
17155
24483
13753
23362
12346
27088
14337
12094
27652
13935
23660
1128
394
8727
21253
14638
18890
1248
10836
7557
8761
7797
23335
24469
30381
2154
16786
12466
8827
8912
10036
13967
27868
12039
17084
7342
9366
3284
20652
23067
7896
19891
10589
32602
7525
4719
30787
8350
24564
26351
30835
12348
25815
4179
23138
23902
7388
320
14064
19196
5745
26743
13221
13064
25611
3501
15418
18921
16840
28823
30043
30251
15955
24132
19627
12405
27400
28847
18953
8123
22360
11413
1554
17844
23407
12676
27110
20367
30229
12341
7215
24290
16850
6939
16224
24291
17750
17724
25915
14810
8983
25408
23446
726
27708
8903
13918
26527
6842
19456
15068
32493
30397
8568
4151
18135
27465
29231
22843
26510
3617
4593
7000
3659
24296
11235
5870
29830
390
9053
29896
26473
30669
30455
27878
25476
7773
23015
19071
6338
28868
30602
28998
27292
22762
5440
18413
16524
3501
1661
11239
15045
17608
10013
21107
7969
15353
20472
15062
4699
23907
31159
5607
29054
817
486
18129
24477
7804
17994
24853
23493
17774
2676
18382
29488
27816
23446
21049
25531
20450
26262
6516
17050
19921
29793
21382
31563
15182
130
24480
15048
29108
7667
26531
6913
7306
7730
15073
8841
2658
11928
17960
27792
1280
24551
19709
3345
29887
19490
18469
1356
21297
20129
3434
23671
12550
612
9371
12465
21295
31400
28117
21559
11075
27064
32001
19162
12065
10758
20126
15281
21463
23930
14785
11019
12226
5898
17241
4263
2039
17035
14008
7720
19682
16070
10063
18883
18989
24015
16313
28987
3555
16274
508
10511
19158
15023
23819
3058
14910
18312
15247
7803
16546
8599
28646
6942
23036
4870
8556
14939
4376
7801
7930
19253
1597
31535
15021
12262
18703
5961
4841
4817
2484
5225
27805
26552
25910
29311
712
3375
20776
23776
28476
8784
27277
19865
4258
25777
11253
31490
4542
10899
20201
17302
30196
19804
23689
3073
20235
6216
12660
17275
50
3931
30952
597
12864
8858
25387
30417
23872
8570
6953
5175
2861
665
16222
14373
14330
21420
25078
14887
29397
26040
21555
6535
9389
2438
16656
15719
8178
28753
23332
31500
23964
1217
8648
22141
2926
20509
380
12621
20348
16316
21383
23477
25835
24252
222
15334
30200
22519
19527
32668
22331
21555
1982
3063
2093
2201
14616
8071
7401
2409
29158
23205
29999
13547
24220
8714
25774
19113
20723
3994
12419
731
18827
25985
1533
14883
17621
14209
20131
1402
20272
16010
1400
17002
9298
2700
29053
30591
24042
1673
27000
6392
30083
750
1268
1473
7596
14883
24201
20646
13910
865
19293
10689
24701
10180
11243
31796
29963
3489
14851
5150
25337
11801
30738
24775
14519
2286
9636
10014
23758
2710
23847
14438
14788
6286
16114
300
24895
14321
19846
1148
27246
585
24339
5972
4005
23717
18494
28761
20295
9452
9249
24521
5097
18800
23955
17329
10164
32454
23978
3168
30475
2006
895
25883
26222
17454
18737
21778
16287
30876
14893
27795
31235
1531
7852
21118
25162
589
125
17913
25939
26634
27908
26724
585
20408
6275
25488
10259
26556
18072
16427
491
7792
7175
127
30540
12917
15802
21341
25362
7499
24838
29523
17885
3102
12592
1573
30646
23267
11824
4219
7413
17828
26804
20952
25185
17432
16232
7371
17562
17271
373
32617
26292
12940
6727
20474
15397
5132
10900
29171
2529
2854
12954
26405
707
5723
12712
307
815
27792
24287
18249
12278
12386
24378
25611
31865
28089
7372
12236
23570
5536
9033
11009
8879
27732
9672
31989
22720
7578
4551
19134
1620
27478
21360
31343
14718
10842
12059
13967
19454
380
21523
17866
11293
7915
3229
2791
11481
22467
12086
16634
8514
26078
13597
18395
18212
14318
6673
5334
17638
1992
26972
7076
16050
11011
7184
17306
18135
20930
11409
15649
11627
10190
851
19302
29492
3048
8421
22099
25545
20829
10543
22717
6900
16346
13304
32479
31067
17794
1707
2311
19551
3902
7002
18063
11589
31572
6403
15631
23443
6716
8466
20433
5821
12719
5672
31621
15105
30208
16411
31286
9616
28079
28990
25469
9198
13116
4322
7413
29339
2361
12060
12014
3827
29859
1481
20838
24659
20850
2768
17717
31869
5487
30631
19847
2878
13638
27161
23951
3406
24540
582
20090
2679
994
8683
12706
27385
21419
12515
4869
46
15162
2798
16373
106
31904
31410
26129
31269
26245
26111
7795
604
22788
3927
14635
8756
3260
4270
23788
18401
20515
29550
20230
16070
12062
2494
30612
29405
14543
27908
30199
858
22446
17832
22915
26763
28636
16412
21111
12547
14260
21273
28467
6647
32418
15147
14757
1768
22072
20335
18693
7298
20862
5019
7106
709
20106
11072
19900
4706
32337
4684
32435
29032
7869
16083
31999
25375
6912
4111
2178
20276
1575
11941
16860
17431
9202
16937
6621
30882
29667
8165
21824
4347
29333
22230
30870
10939
1359
15608
12416
29776
17369
25028
2593
21408
5262
2550
4051
24558
20147
6291
7705
13058
22279
2347
1238
21892
27291
24411
18620
19114
3044
12183
6406
32531
17935
9510
19818
7922
14996
10606
73
5998
11534
4210
6442
18249
330
28313
23398
8896
24478
31665
19748
20147
29564
10035
2696
30470
30790
16841
22824
25671
2148
24589
4032
5265
25237
23188
9766
23472
6530
3883
384
20101
24985
18272
20660
32172
28952
26693
3360
17245
9832
20336
29580
10384
26797
326
2396
9573
30363
3194
522
16578
6027
18128
6356
21310
25294
18215
12978
28990
4417
16566
23691
16477
3361
9110
31144
15378
13345
9856
13929
11661
32698
7641
4919
23265
1987
17387
7097
12648
4929
22134
7755
28515
11136
11623
30636
4322
25955
12007
18166
996
21752
17559
7636
26558
24399
13850
239
23489
24205
3285
19625
8471
19516
25842
21006
5102
26085
20395
16391
16345
32737
10949
11473
4978
31340
4442
21422
30533
3323
18908
23259
19433
23504
21847
13761
4976
3019
1014
30575
18946
18563
13001
10568
12740
28821
5829
31225
5630
23612
14605
22703
18814
29218
2160
20614
25655
32374
9266
14404
1070
63
17423
2631
5527
24816
24957
30908
26170
19004
1586
4626
2076
3627
25574
2478
18268
21870
6490
30945
14171
2032
18585
11287
6943
9133
25213
20561
11514
30151
19318
5333
2406
27094
15751
5411
16692
25472
2961
7980
22246
22091
10708
10687
11097
4014
8115
3908
7591
26478
18103
24748
25163
18984
31447
25768
21894
21033
8183
5913
19714
25222
8366
15560
11446
30826
19020
24408
17161
9898
10780
17785
12346
28575
20454
15198
23807
28980
6584
16240
17516
5950
27878
26436
5399
18444
80
4298
28026
16191
7139
13256
14232
2780
29027
26503
26596
24224
29287
28877
9054
12692
18341
27658
4351
23009
19823
26582
23127
6884
14718
923
8053
22917
19951
26255
25095
27333
15755
8934
11202
12439
9547
22853
29700
30961
16155
12409
2232
21282
12767
30057
32379
20326
8884
30537
27644
23736
27512
29713
29865
14567
6796
10542
26248
9964
8152
23671
28514
24443
19216
29026
11559
28632
32566
24184
7566
31468
16225
5894
12540
4248
30908
15638
1191
3913
11729
12189
2043
17357
26376
18678
4413
15205
3178
24975
9582
31771
3243
27363
30578
5973
30056
13992
25201
19115
24749
15945
25470
8950
23482
32406
22134
21929
11015
15291
31275
17509
3973
16750
32706
24263
28967
29549
10586
22149
4769
16936
15343
22969
12912
22458
18557
18300
15642
4382
4200
4791
29879
6048
2331
18230
12720
11921
17135
25854
8391
2367
14159
1505
8791
15653
16923
335
11997
9310
19017
623
25784
17504
24018
17518
9005
3302
17612
26904
22190
814
20435
7589
23132
11621
26030
469
4810
21088
5168
1343
9732
24972
10331
12005
29904
5928
4556
781
14643
12465
5459
31564
28215
17822
4833
17636
25836
6222
25255
14672
10925
29503
3452
17692
9380
26240
25727
12538
1169
31081
15358
275
31430
9353
19863
24219
18806
10208
1437
16296
7472
4430
16318
16708
20135
1868
14050
26560
29108
11226
11349
14668
21918
11192
2601
26309
23192
19929
1238
30414
16523
5909
36
10018
21270
22046
15179
30761
5844
11189
2136
5833
23517
25374
4818
6270
22927
11985
31134
15789
14222
7538
16416
11829
10249
23299
23203
25672
30527
4697
23035
14713
13378
716
31336
18965
22267
7731
6590
8887
1903
17168
22723
27671
27200
26375
27609
2339
5751
17813
24285
23377
6272
26366
20558
8499
9846
4999
26546
9036
27042
1766
2869
8994
318
30711
6292
16532
8830
18608
9529
18798
31185
29271
2472
10043
12644
498
15385
24410
16615
14592
15974
22868
27285
9830
9000
24429
2414
19372
28189
3449
5319
8809
21454
8689
32005
5628
7278
25926
17830
17789
11780
7029
129
8692
461
13276
3662
15560
2267
11084
18536
23162
17411
21599
30674
7570
4854
31244
15736
24026
32430
4216
20408
32715
780
26639
12577
24645
7103
5844
17531
10371
6247
3061
25095
7757
31738
419
21000
17519
27495
16672
20609
24427
28538
27930
32321
12907
3584
17975
25373
2169
32299
7665
25981
24050
31800
27556
23322
15928
78
14309
5893
10664
23722
21014
6380
6092
1785
1079
16793
27089
4357
14591
12475
24891
5268
18476
12265
28375
5773
23831
20196
28145
9565
11147
5404
8136
13977
26327
27766
31551
2021
12066
10573
9429
1812
26879
21431
8919
1425
13122
5641
8661
15101
28433
29853
23890
23321
3646
13010
191
17127
7124
2389
5291
268
13039
4511
19508
15737
22481
2751
18113
17482
26419
23386
6643
14318
4057
29936
14296
11913
2665
31840
1378
16022
893
23471
13592
16081
27639
8453
14860
15700
9109
20216
26381
29184
12741
525
3613
12318
186
3964
13350
6982
20159
308
11496
9088
18891
4895
13110
3242
2390
5543
20834
1306
23148
22905
11766
3972
4608
2185
4260
17437
22914
4182
13184
11520
10676
367
13421
16849
26553
2102
15061
18081
22638
25316
9630
4626
24062
30925
21849
32444
13233
30438
26300
3023
7173
5508
29010
28921
13568
27494
7793
10634
26308
29174
11373
15062
8292
7884
12811
14810
22262
13940
13880
21539
31466
15473
28667
24556
22426
9345
17065
14215
4385
10531
19032
25598
13425
27479
3221
23289
3488
16293
8538
21474
14467
19552
26682
30792
8062
23852
7647
29569
23706
4030
26038
9620
12504
15843
7145
32086
1478
18628
910
15826
11599
10600
9502
13038
21463
27258
28968
6476
22664
28493
31558
15727
32742
11293
24913
5663
13482
13208
13009
24078
19149
15772
27831
28859
30947
2883
23887
28311
31658
19485
1136
27751
6115
26812
17398
12777
28256
22134
29809
19386
22111
22630
12831
29815
12822
20916
30232
6434
29071
3350
20425
31944
14262
7575
21155
16225
21937
15512
3092
19448
4207
18708
5559
29196
25732
19496
6088
11829
15412
9938
20442
26123
19405
19705
28620
6979
2107
12717
26873
23067
27606
18609
30639
26361
32126
16694
739
28494
19946
24042
9250
16833
24381
3633
27595
20874
10970
11442
13692
2331
14714
1814
8394
12294
380
4876
565
26651
32636
29841
24666
1488
15654
14702
20843
18407
14924
28162
19677
12874
27703
28481
17760
4154
18235
7677
7956
25000
1678
22373
22010
14307
9819
22219
26793
17780
17425
25770
23362
9542
22785
30439
26277
7435
808
9815
10213
24282
20553
7554
25594
3613
16192
25766
13238
2986
27538
12031
11259
19760
5960
3398
22058
17365
1790
10616
3294
5661
25655
28632
4315
12558
6643
18743
27201
29842
24452
19059
27142
32540
26013
32062
24482
23694
22956
9760
22284
7259
13161
11199
29414
4840
175
863
14068
19001
9100
18085
22227
26057
13972
22176
23784
32185
2938
12298
15766
13613
30689
21706
10932
4084
25711
28350
15166
19303
21027
4024
15178
16019
18921
12998
14398
1434
27244
25271
7489
31830
2092
10714
29679
19520
5072
12041
7505
4496
15037
9190
5900
23462
30183
26725
8408
3241
31463
1931
22068
23662
17231
29045
4185
667
7738
5787
9324
19468
39
18518
20983
8053
1287
672
30106
13641
22676
795
21502
1755
30949
20822
4363
14532
1855
7243
10075
1156
6959
4396
29678
25964
19413
3935
10783
3259
25475
24007
17366
24839
29063
17733
16896
3294
11844
13438
20796
24750
25992
20703
9943
3042
23321
6367
10747
29006
23953
31620
15651
6861
31596
2345
15314
4136
3680
8574
133
5434
4333
17104
1766
4946
29236
24203
32322
12761
23564
22269
24637
25141
8019
2652
24517
25324
14978
3851
17476
32269
11908
1305
1306
1740
5577
8459
14666
23148
12694
21467
12147
26722
24991
13376
16899
1463
14807
3376
15271
4014
10887
13731
24582
8615
28317
5531
27822
25155
13383
31841
9806
11209
13249
11281
17959
5064
10348
15960
23485
5630
24607
18045
30418
26233
21697
21662
11668
12028
1048
15933
21270
15268
31196
20475
29181
23243
16400
19618
24444
29741
10642
23913
31362
6985
10992
22388
27441
8459
13693
31387
30355
26791
18596
3436
14984
968
11645
31347
26115
23018
4254
21177
16758
24324
28212
22922
7051
7531
1106
32123
28181
5875
16264
25260
20294
16727
21944
25163
802
8667
805
9049
16691
19503
7629
12465
639
18583
29433
12358
27575
9545
8978
8108
10161
14102
28598
14810
17944
19789
12299
27182
29283
23773
24403
28849
5891
26297
31169
7069
16609
7553
7051
14876
22279
3678
5697
11347
31389
20782
28765
13471
8984
993
795
28190
19118
5410
10891
3186
16141
8762
15332
18625
27212
27698
13851
8192
10274
10296
24756
18034
31574
12101
19673
29803
14198
20732
27817
28762
29388
19924
13522
31238
21646
15481
31842
31512
4949
24176
3802
8410
14288
10234
9348
17214
30650
32572
13575
15650
15625
30364
22585
6610
11625
1646
10548
15311
17896
2512
24492
24783
24307
722
4992
9988
11393
27099
24206
30625
3726
3144
20684
31387
17867
15957
27285
30636
24724
25665
4416
18590
29730
5805
12791
16582
30210
26182
1734
11727
18885
675
12787
21945
22266
18544
9102
5664
15193
31437
32072
2242
27969
11249
26761
20796
25189
6419
4796
30740
3778
32138
17390
30460
20436
8499
17303
23125
6153
9747
32695
7155
28278
22845
10789
6944
5832
2806
16420
21987
30078
12824
12344
18306
1110
24244
4664
4165
27397
16379
9635
19069
4139
16735
2615
12485
13958
757
26304
31112
31334
12574
29231
3011
17249
32614
4843
28940
32327
19116
2156
10452
13145
9860
21253
16617
19637
23001
19969
22334
8469
3799
12274
26863
5817
14855
25926
4736
29346
31932
31003
9574
10241
1711
85
14024
15343
15078
15085
2950
4446
7130
24459
1403
12624
17112
17752
30207
25415
26280
24589
31152
10748
13677
16977
16755
30803
1484
6721
27829
12943
9040
23632
22775
20418
14861
4177
2697
12168
9604
29906
4757
30709
9927
27820
5728
4044
17886
27352
23501
2290
25192
20612
32547
3874
14213
29030
13839
12001
22260
12881
17389
2229
24441
30214
835
17554
29314
19532
10382
22933
11529
5955
8770
32245
10172
6901
14860
21302
16988
11054
23386
8863
15971
27534
8989
15855
27881
21980
7373
22604
29640
31389
20654
27516
28159
12261
1875
32087
27476
8814
26208
22908
4926
31975
19092
4932
28417
6542
774
25588
7963
29185
20910
14647
32735
16721
21800
1995
352
3161
16309
13946
13968
1102
32643
13644
24489
30615
15406
5371
29644
17630
19846
12967
28136
1127
3987
19403
24798
23456
14294
3696
5859
12026
4050
31136
16421
9720
14539
8734
29873
13701
23758
12116
3476
9355
28913
9357
6464
16065
27868
19044
28466
10693
7048
19580
9938
4202
26951
24434
30107
6227
21253
784
14459
21953
23245
13508
11389
12713
9615
9808
6821
30218
9760
19650
31515
29821
31106
23463
21389
31502
22630
124
21710
2890
16879
29285
31683
1945
17337
10786
14719
19150
794
22078
26285
24061
27559
24457
1582
16524
9978
4553
6916
30349
16819
15533
5487
20811
8637
24834
6997
9763
12755
15913
12263
26518
26178
21449
32386
21660
32496
11201
19667
12858
10909
97
22591
17238
28521
4825
8834
29387
31894
17905
29078
25529
18832
20731
1750
23582
9770
7942
20835
15787
8235
11861
8135
208
25097
1040
5336
26138
28404
2104
25567
20926
24598
24032
6138
1398
1818
2971
27327
11403
6635
2097
28194
28211
19390
32662
3481
31262
30546
25628
10878
17228
15990
8167
22452
23841
17101
31393
30861
11963
23502
1904
18155
28803
28174
12069
1190
10242
18370
10935
23598
5623
9855
495
13426
19110
19013
25188
31744
21618
14780
25258
12141
15534
7101
1479
7927
18097
18964
4838
14185
9512
389
5456
21055
6577
21261
6295
20747
12965
14953
29972
2071
6964
32221
16532
15436
12728
15150
14159
14418
22595
17904
12570
15609
13178
15112
30429
20696
19367
28009
3142
13108
17417
4129
16831
30243
7279
16793
8862
1008
12549
23576
5020
5058
27757
12170
13705
20857
24593
2176
24638
15577
14008
10359
18898
1002
13656
4957
11793
23710
15915
22097
2601
8629
2565
11179
16551
14046
3045
8252
14754
30751
13002
7639
21302
14454
32200
32527
13877
5057
5722
4163
25368
6107
25850
8664
2876
2312
21487
4038
2635
17811
13415
25174
5111
3253
31173
27690
27119
11449
16188
2429
11787
23646
19357
25772
9418
17277
1901
25589
31743
30443
6459
9343
27079
27553
7216
9883
14270
9498
9448
3914
3699
8957
2176
8959
5401
20988
6641
23974
14719
1020
20892
19428
13378
13174
4902
2465
7489
5661
1413
2500
9297
17089
12635
2877
16946
28275
22915
24393
30146
1258
16874
25841
24945
8229
22689
24020
23797
9042
30000
39
20287
31983
8748
27130
25773
21551
9484
22973
30081
9631
14392
20482
12434
4873
11107
32389
24129
27288
24091
10345
20399
10558
18590
22468
20013
31827
1776
3166
7924
1663
6698
18358
28439
27609
21525
6726
15285
26960
8439
5640
2675
31563
9133
19001
1577
22412
22522
11357
21468
15962
12063
4739
13293
26335
23212
8906
17295
2767
14741
23588
29310
21834
7048
7258
239
14596
20094
18257
6594
29091
10897
29579
23807
13416
4109
16368
28288
21522
3017
14031
23787
23551
5560
25120
29924
26261
7611
29964
21632
13024
23225
11951
21244
15740
4082
23068
4271
24758
15504
4001
17213
16366
27007
6989
4622
576
2431
11440
5886
8291
8056
13282
22358
18896
7949
4039
18684
9511
15219
29072
14310
28623
6276
6533
8148
16605
4623
20738
20031
29496
3443
17856
24716
31482
2412
10838
29318
10777
24620
16384
4363
10310
28590
11678
17669
8725
7239
18432
19101
29535
24958
12128
18603
20709
25885
26160
7280
13621
16520
17687
3463
5330
29774
28726
32281
7567
14846
12719
27473
1340
10300
23912
21007
11140
23827
8716
19425
4886
8845
27475
30767
30211
16769
14724
1461
31079
30381
4664
28726
17484
15876
28256
18031
32203
26697
18825
3147
30324
11997
13919
3413
241
14806
7280
13170
15845
19536
819
13776
24346
2824
3657
13338
9692
4391
3842
4590
8352
18267
20259
9872
27626
12588
30951
5344
31341
9358
16451
24457
10355
8114
12654
3452
7807
12578
18593
29341
18225
9741
14108
28859
23659
29407
31081
17606
20402
2581
8932
13372
4567
5456
635
12005
32214
17576
1203
14528
27390
10306
30443
12349
10834
18469
4069
17580
29488
28233
24962
12534
816
22257
6093
3723
30031
15163
10555
21659
5197
27126
23602
22409
11347
25267
17863
23709
8153
10015
9676
5625
17351
13968
17418
6862
18138
26589
13003
12239
10314
5491
6812
29670
426
20389
29520
17702
10255
2372
20040
29186
26740
29296
5618
2748
25437
30125
26256
26400
19387
2874
25659
13425
3344
22174
12839
8100
7379
17027
28456
28620
31510
3783
23413
9430
9830
1233
2989
28278
1779
17953
19735
3937
5361
26923
7982
189
15933
22630
26205
27093
20292
10144
15367
16402
25377
21396
32714
8999
7941
8126
3589
18827
15580
1646
16279
4396
10541
28444
5866
2146
14402
7931
15921
801
13962
6096
15085
4212
22587
22789
31414
25638
19515
14073
7480
2242
30273
15515
8060
28095
5176
19255
19561
9716
21220
27792
5770
27218
5575
2862
16145
13521
30278
1273
28188
1963
15880
19463
8248
13513
24735
2483
3363
14714
14442
30703
27607
619
2745
25819
14275
11220
5939
5270
23388
4591
13941
30035
25556
17838
19452
22960
8745
14765
3909
11588
23906
15206
28722
22391
31254
3236
6832
16535
15149
12602
23959
11560
32746
17652
30930
25467
9002
28110
5823
20354
24550
15972
29912
6370
24319
7338
32660
24394
21051
221
25992
4355
16522
8377
26066
4041
26511
23277
23991
6106
22107
30412
22923
7500
9596
3141
11473
5027
28726
10261
21924
21411
29456
59
12118
4963
29587
19628
14422
9379
21838
6217
28503
27999
29
7694
2990
20133
31659
1676
5372
28067
25654
6553
7694
4868
7314
14406
9985
5245
24945
13073
27306
31906
8673
20572
6965
25855
16662
5918
21003
13924
9578
12761
14074
17280
14498
32204
8848
29105
15731
6761
16327
25627
7749
3337
28904
23800
6454
19679
31657
18734
28002
19242
16536
10791
28002
19375
445
20957
6930
8551
31867
9524
12439
9077
23224
22669
15009
28250
16190
23192
10222
17772
29024
24937
29200
10373
27616
19919
17263
29176
21264
22753
16017
4297
5688
16345
19097
13085
16440
25126
2318
29935
15214
1468
22750
26373
3290
13743
2723
546
19072
28416
10788
23166
20750
4023
287
10099
31935
15409
14150
29561
27007
11964
13191
2132
32336
9569
8848
27532
18412
25089
18067
32542
26284
28836
29766
6769
5032
10253
24879
12171
288
6290
10014
20613
6683
23850
8443
10556
25933
712
1217
16714
3902
31207
24267
6709
24489
18022
21071
32229
7714
24983
17192
4444
10748
659
19672
32673
18794
16592
10957
20733
29668
17653
30179
17002
7117
31724
23339
12617
15186
57
12267
28499
10389
11659
1765
4818
29963
4753
10972
5905
23586
13583
8789
24849
1320
23601
8347
31869
7272
21791
2053
9440
1942
26065
24955
28438
14701
25125
27959
9985
26774
5935
12489
13693
11724
208
9822
8853
19774
32138
28993
2039
12084
29842
15266
1957
19446
8743
8599
6894
3818
32291
19808
19869
29948
28880
10479
14704
27202
18940
18600
21963
10976
11856
29541
28590
11050
28381
27581
24037
19209
32504
24198
17790
22688
31816
6808
640
9775
32029
30164
2266
14135
6403
869
20890
18655
24472
32582
10335
14742
12698
4868
27921
5114
12356
22470
7631
16632
14043
14730
15657
9525
4740
8113
26768
11693
27736
32446
13066
3995
6586
14171
6187
16280
18152
26269
6976
25606
12241
2952
26317
18095
23335
9686
58
2474
2996
12788
25545
9087
23537
9806
7371
26250
14293
21964
11796
6053
10475
23452
24236
22529
10407
29747
16071
26197
27898
26510
30967
31547
25380
26814
17313
17622
19658
3747
1710
17849
13128
18936
2434
6916
9544
31887
15666
28112
29332
5598
30449
5070
23080
22715
11980
9002
24204
11876
5784
32182
13408
10946
7464
5956
32568
9711
12739
31571
20651
3829
23508
21999
7591
23513
31460
978
7687
15064
17094
28111
19048
26864
18449
13169
27704
20898
12500
26847
29711
23543
23940
27650
2627
2241
7737
5354
3511
17955
18458
17774
29939
7251
16150
7187
17786
6047
18390
20016
5463
5038
13807
27983
19194
19465
19035
7125
3906
21977
22058
29926
9691
26355
30069
11139
8138
3601
30356
9461
7238
16482
16784
4719
3018
24646
21467
19951
10600
8530
9279
32357
7776
28059
789
18199
1009
12337
19127
1604
14191
10473
29752
26375
13462
11616
25682
19071
27166
31548
1183
19501
15503
32693
32012
26013
11095
14421
8588
30025
19482
4347
26633
11450
4169
25382
31392
10736
2294
31344
14861
16388
7399
16985
17508
13068
25833
326
21507
27455
8806
17610
2756
25434
1082
25379
32119
22082
11715
13832
5007
28650
13367
29346
3867
1399
1595
17112
20728
6306
29105
975
11589
10846
15313
19889
25624
8379
32635
10414
4719
17419
17867
4929
12138
5955
3311
15797
27063
4004
12597
7911
31053
28570
27752
17997
14685
18660
24413
3895
7813
27125
22985
6485
23880
15002
21589
10874
21691
19422
20725
23967
4480
7979
5493
17195
31992
26801
29781
22130
3253
20747
6102
27771
1582
31264
853
6
10935
19272
16088
32461
24496
18609
24807
31755
9980
31232
27293
27707
31669
9275
10750
20002
26397
23270
5771
25871
25048
11372
23572
26722
21849
28097
1998
19531
20891
26950
2981
2004
19217
29933
3027
31778
29919
13213
10930
24823
2890
1496
18126
23164
8813
28059
24383
7230
19758
27013
4662
15734
12401
2876
27093
8845
22156
19725
27460
8159
22266
27346
7169
14784
9811
16921
29047
9660
8827
32130
24275
28963
12058
3945
29971
28870
30285
16325
18783
24059
8604
20816
5533
17639
7979
489
18240
10236
18228
27190
28768
31936
30132
141
20240
26064
27749
17173
24300
20005
4333
19752
10481
18839
23381
23548
17810
24223
2236
1667
17671
7521
26189
11407
29161
10218
18542
24890
8700
4022
570
21637
2380
11381
28978
63
17275
20494
28975
7209
1881
31717
19612
7511
14517
31578
31969
17625
19571
1938
20258
411
13023
22649
16682
10634
15425
18183
10914
19960
11186
25795
1671
12098
27693
11398
28891
5040
7145
12418
11418
1436
25062
27010
17903
15575
16838
2931
9384
14152
25055
804
8936
17622
30606
330
31771
2697
19918
14023
10287
16619
6665
9772
30466
12725
4910
11900
22
14503
32515
13107
14988
19384
10685
1414
20816
20079
31694
29421
1937
13457
8702
7391
16756
14332
31677
32220
1289
9683
17335
16305
1918
1755
9898
18168
6802
10021
15476
6110
3661
16622
6001
30761
23278
20163
24067
29305
10022
18665
8818
7885
32387
20987
27895
21578
19503
5845
11283
10296
28122
26033
32549
24142
29429
16528
3900
11823
23585
28380
27178
564
28391
21067
5082
4972
29097
774
16867
1761
25560
30475
30044
28701
1640
14543
26355
23789
18561
28968
31033
20069
27768
18539
9536
17188
30973
25297
5480
14042
19094
31776
25206
15111
22860
26247
9958
3333
1699
28873
23683
19784
2000
30622
14388
15333
16423
9814
30745
7761
8147
10943
22486
12907
23241
24649
7983
21181
3071
13928
32470
12287
6360
22074
12160
17373
26851
19306
1854
24827
17862
13396
30987
1077
30581
15721
12961
19243
28840
27605
19602
13309
8075
31584
16531
2643
14007
21394
6683
9633
609
22555
5421
23721
7633
6258
8049
21057
7446
8891
28554
32598
32505
32238
9892
7729
31535
3894
12364
23289
211
28311
21637
28025
30995
28372
12312
36
8745
23696
1835
2134
5773
14515
9749
29661
21608
29199
17521
20408
22860
25156
7793
19486
9763
4576
14454
16835
16230
1995
221
7254
32144
10211
17435
20046
16849
25827
9996
12774
25350
18825
7048
31590
26345
7416
824
8357
23429
9819
29863
22988
25838
21451
22172
8028
21294
18547
17832
18803
21634
5617
30715
13387
6087
9472
4987
3587
29487
4436
10776
12706
25400
31942
20569
13145
30175
7601
571
520
30224
3228
19004
16900
27490
5401
24243
17688
16897
3564
10594
17353
12011
31856
27982
15326
9312
1847
32463
6176
27283
31729
16867
1375
12454
27791
25287
6325
10709
10152
31945
11023
2802
4123
9048
3560
31761
6134
349
32088
21124
25238
718
29518
9994
21008
15487
16409
7235
976
1596
3118
26983
128
31510
10021
32056
9004
21498
18436
19765
31651
20616
8896
9489
12320
8737
30465
2659
8745
3394
31782
2207
23224
13585
20105
31045
409
17718
16900
7256
25619
28140
15796
5394
20170
26200
1276
7894
16100
26905
4557
3686
11883
24352
25637
29526
32754
11458
27350
28097
19836
21771
27017
3130
7833
26454
2
17925
18898
27418
13990
25992
1351
15879
13370
30460
27287
6226
237
3944
29184
11085
31385
32720
10440
3642
24134
18601
9947
28001
2800
24977
1973
12128
24970
10557
27266
1219
26178
4531
15748
5588
1799
23737
22710
17076
11080
31885
11183
10667
28927
27862
712
26557
15087
6107
10113
18302
29737
7155
24609
21031
11477
1340
4765
30440
29743
20368
3771
15488
5072
17589
17271
12556
4143
2772
25510
3100
4711
30509
15833
14092
7995
30984
19332
12178
16215
12527
15200
30867
31960
2074
31501
3387
23055
23595
1020
2636
9602
4892
28556
438
20276
11125
5747
11369
8999
7362
16224
28263
3358
7236
8415
24861
18855
6631
14972
22515
10329
2420
18731
4898
17243
19464
23271
5317
20518
19909
17818
19508
28043
11207
1341
2957
4855
30297
17728
31635
1270
25449
6444
444
29430
1338
10375
19589
8782
22873
20984
31241
19070
17362
2475
3282
1720
19107
30455
8943
160
9585
5438
9030
14417
30074
23573
21804
3488
14795
12965
5683
28324
21427
12881
8771
20342
12151
31898
8685
20277
25927
10303
29435
11853
26225
2472
24396
31225
2773
23172
13791
4359
4761
1202
31277
26076
28702
5213
7612
8631
28210
5484
30705
3386
1671
24601
28710
25126
31843
6367
3580
27238
3994
26522
25586
4175
23482
10730
2103
17446
14213
9432
4029
23266
10404
31164
16271
18996
16281
25182
26724
26053
28662
30811
8308
447
14540
3018
20362
7822
12647
19744
16731
488
20024
20049
12822
24842
29203
7992
2364
69
8091
2361
14002
27578
24314
11813
26133
11618
11221
3677
31821
9297
32638
14907
4965
24891
19308
12973
26777
11319
30697
15651
28849
6083
15115
11948
1678
17672
23525
29275
26627
15712
13822
20208
29926
1302
4355
12212
25702
19309
8376
29861
25758
23523
16692
3539
22635
13494
17230
26122
10107
26280
23891
24753
21671
8703
5114
28402
20099
5329
12185
28
11827
32382
4504
20805
22656
7294
32294
24627
13611
21597
11820
1405
28800
16131
15743
31213
31535
31033
18778
19241
15448
23913
21259
914
10725
2725
15084
2413
15132
23787
26517
31041
26996
15016
27984
32639
13224
23418
18894
30056
22283
27706
2072
17708
13083
13370
24775
22863
2904
8139
10872
6993
6999
21507
11899
17806
12562
12221
13771
3171
16770
24032
25155
25234
11120
23781
10254
23784
7304
8083
31584
31005
19631
11021
1635
19451
918
22031
31605
23234
7311
3445
22416
9164
31904
16893
10505
6765
11990
25421
11902
6685
6876
3128
25098
5337
2508
17469
17594
198
27973
31312
32325
18712
7358
7390
9463
17970
32026
29451
16879
270
18044
6974
25994
17888
23644
21215
24607
18934
27611
27487
29421
26851
17491
4217
3409
15580
7731
17336
27197
5730
17418
12602
8677
5922
20961
16819
955
29721
32462
3508
19614
8955
9414
5678
3406
30422
31411
26162
21796
28658
13510
506
29952
17149
32527
18221
28290
23396
1611
8799
25469
23812
765
15831
6568
26882
31424
3478
26263
10743
11227
23701
6122
27473
22294
16205
11205
16374
23500
3964
28032
31786
23106
21799
19103
1714
20535
16603
29700
17721
25532
6969
8035
10228
20550
19890
31991
6274
10754
26766
13683
20502
27496
18995
1084
22743
275
19364
16853
16007
18384
5704
29338
12899
12533
1773
11698
9803
244
16908
28735
8995
23599
23886
12503
24185
5646
16976
18232
21352
30287
11939
31799
25276
26782
29976
22010
15958
19046
25658
29799
9171
19174
30235
4572
10856
4487
11604
31777
10256
7789
17223
6555
29162
6476
2983
20162
31708
637
12603
22485
7037
31313
12254
27340
29234
4773
12235
13710
17047
24246
9751
3172
13600
13623
24191
23725
20480
22689
21092
14292
9801
31179
28948
2688
597
18618
15691
21514
3942
1978
25594
29236
18057
21677
12358
21784
8896
7332
212
12126
24671
28076
8772
30386
19383
6891
13051
18549
25330
26347
29734
1715
20286
10293
11259
16726
31022
7202
32066
16281
15452
23534
22549
15807
32340
10254
26596
13060
11437
32195
8892
13268
26233
10992
24008
17467
21728
21545
2840
11933
30471
8460
1185
12967
25911
724
2181
8325
20283
18731
19093
13397
14857
31040
16148
17884
16549
6938
702
8312
23619
28972
1033
5974
30636
20009
20907
10725
20962
32025
12892
19595
29703
28589
27101
10646
15995
9935
20281
28277
20805
2430
6219
31016
21428
7641
32384
31221
24389
22649
8415
23901
4552
30212
18246
4686
2751
4863
27382
154
22535
30180
10321
17320
5562
16245
32227
32106
17747
30031
31904
21902
8211
6850
19820
30969
26788
19424
12257
11633
32765
3796
22092
19865
16773
20342
17144
16675
27259
14620
2736
17729
4245
25266
8319
6492
27623
269
3770
25609
30727
4988
16704
25657
12399
16032
17665
17071
27682
18814
8381
6072
7315
28883
11022
30998
29634
1191
425
9277
13736
1061
1505
6338
14549
11178
621
14096
23128
10524
24170
14173
26847
27261
420
3292
19231
15040
19985
2356
25974
8411
21150
21554
719
13597
6958
3002
17607
24770
16864
8196
24334
15301
9617
16389
8719
31989
27043
27178
6355
12363
8956
30028
15906
10107
22097
9697
3308
22729
11172
9071
28648
8222
31499
25159
21627
5723
5812
21871
25819
29421
30246
31968
11636
11170
9929
9201
12683
18106
9641
25620
13089
4930
1655
16320
12826
15261
3025
27054
26270
26212
5314
3144
15040
22896
909
9567
1885
21300
422
18972
6215
3664
17666
26425
15267
9060
14992
20848
24720
15650
14856
14900
2314
21160
9955
23712
4877
23564
8874
30381
7421
13624
13428
25255
2373
8952
2475
25826
25919
11857
13326
425
14164
18965
2300
28535
30820
30388
1519
31082
15463
22613
24135
26100
20053
29477
5705
13780
17220
495
20327
20292
18640
6894
10689
26996
12992
5855
24301
19512
3047
28249
31219
14333
11847
353
20636
2562
9853
32058
8685
28869
26201
21626
32238
17595
2764
32099
23216
22851
14599
27247
31373
23005
22241
28973
1970
1943
8825
4940
2267
27337
27933
24053
4958
19714
32107
21343
24171
3906
23734
4765
7058
12394
5036
12730
14469
6128
6709
32263
28192
30935
32414
5812
16550
24799
2038
5534
21838
18425
22456
14952
16638
13309
20139
19405
13398
17567
14599
9012
10480
15264
1497
5765
29670
21825
3496
13372
24981
1277
11353
1468
16033
27255
12880
19429
29242
4786
28888
27112
3485
22912
26053
29274
29917
32573
19032
2696
1251
18108
2402
6155
23219
12162
24748
27804
8178
8242
12695
25641
165
5449
17664
10536
11836
10251
1638
4907
5071
446
31311
21428
8103
3861
29671
25931
17920
2031
19947
28879
8461
8002
10949
7434
21053
28497
32761
31879
2237
30246
28863
3496
20798
13884
15345
243
4856
20348
16680
14765
24047
9322
24867
15530
28277
24481
15720
355
2544
28029
6957
22857
6365
15895
28024
24921
8725
25462
19078
12785
2895
24579
20586
16610
17127
14654
15606
10694
14046
8880
15582
20628
15649
21792
13851
4721
20750
26122
4494
30921
18996
13133
18406
8863
28762
14116
13763
22561
4291
22615
31515
31872
30897
2739
27102
20990
31016
21431
18389
17481
22516
1936
26576
11527
20974
21064
24064
18098
4730
24890
21410
16806
17492
16585
15837
12152
8077
16977
31726
14474
6352
32350
8322
20444
5610
18204
27235
22821
19337
7951
12375
29987
10308
2052
17478
26671
28892
15944
4506
20244
29122
13335
31467
5665
27097
24919
15068
26237
4732
15239
19520
32187
26819
27122
7554
9134
7170
2600
4931
12927
17811
6318
7748
25852
19926
20981
26759
24371
8821
8073
23985
9536
8685
25995
4787
29795
24650
17505
20649
12886
10545
8876
18178
26333
25380
4986
10466
29598
14338
27838
14788
32307
9933
8701
3428
16510
25264
14153
32476
13116
9025
24691
8973
18141
18947
8317
14912
7828
303
32078
25869
426
14260
7081
8317
30487
7804
22368
19819
16211
2801
11205
18224
8298
25280
98
19839
14415
29916
11754
17805
18802
25543
20335
5749
13716
1293
13268
9436
6874
23057
902
12752
18209
1547
28263
8438
30098
25938
30219
27109
2678
10711
10279
14541
16715
8434
23878
604
279
1634
20414
3810
19196
2191
7907
16563
30477
25105
4730
6605
13152
11382
12913
17594
31076
20544
1741
9400
28021
13870
5091
12568
23726
7613
26315
8164
19711
15597
17938
9156
21375
3400
23215
16674
9475
27169
25912
32397
5359
25626
21334
29787
30284
28137
18807
32659
4891
18011
29890
7178
11753
17304
14672
10699
16804
25514
4249
8636
29613
17977
11308
32127
27694
29592
12452
22167
2222
5382
7383
204
7395
557
12624
9168
13767
18415
27648
6178
4846
3170
27696
2867
18966
29721
21178
11976
18688
27814
29305
30623
10622
92
25854
12117
3022
5978
22404
23943
27430
18885
9254
19512
8336
10068
2896
11122
2040
6162
8564
6192
31619
14943
17662
2684
6435
25144
12425
28373
1641
7609
32083
28371
9882
25312
10734
11534
30468
19092
31033
30779
1426
31974
15759
14744
13727
12950
25662
8843
18184
28633
21819
23941
21381
23641
31508
17965
13881
23678
1829
27835
4487
20460
17935
26785
26408
6477
6246
15985
30330
21328
25514
23803
21787
22257
3961
30133
30135
30460
25346
13409
4382
5324
22205
6633
9626
29273
11866
32398
127
25970
28407
32577
1539
20550
1429
23121
11088
809
12749
32583
22232
27541
2239
22031
6889
13423
9292
344
32385
15244
21125
8252
18531
116
22882
21284
106
28774
8888
2022
6942
13212
25701
20785
901
24527
6349
19755
30524
13310
23435
24408
26821
16748
32352
16830
23587
9704
27247
12615
29092
15184
8621
14694
4863
24664
29843
25341
30366
16008
16406
19071
27965
12676
18392
24914
11700
13200
160
24183
4881
29523
24328
8812
234
30427
32373
4689
25074
28642
13388
11851
29897
9552
25443
26406
23321
5633
9142
30526
7902
14535
4700
17055
8709
32179
23993
619
11321
29840
25076
16252
2810
15537
27051
24651
30703
8685
26342
19984
14717
2791
14410
29995
12696
7315
20112
9411
20185
14069
17973
4525
5073
12076
18802
143
10398
27312
20078
23365
10939
16344
1459
13699
12061
16287
3294
1212
10875
19623
14747
3907
13293
9086
4305
22193
21944
14369
15898
390
24680
3262
8054
2067
29728
26046
14656
10391
13359
32515
9825
26280
22755
9838
22723
6612
5026
24485
15881
20361
31030
29971
7293
1074
26217
6704
15433
30627
4818
770
12523
8375
17902
5348
22243
1079
25203
5254
22958
29438
15328
30005
22008
29531
27225
11612
27662
22967
4274
13387
22162
21624
18634
3384
22898
28453
10778
899
7450
20682
7821
31807
18921
14750
31122
237
30690
995
1392
26506
18085
11278
31451
15309
12701
9256
5828
19882
29818
30324
17013
2330
5090
31570
476
31518
24163
9827
7207
10241
31149
12014
12946
5854
20478
6018
14717
13923
29149
22749
1986
32468
16395
13325
28741
30035
29111
28629
6605
29790
19185
1362
2322
23961
5985
32734
4375
6350
15673
5173
7609
1074
31848
13015
3208
14826
11793
6573
2007
20173
6203
10478
6159
28268
10698
32580
24393
30799
12974
8491
13083
642
27738
12186
2225
25937
26231
29158
26400
13391
11226
14051
21496
18589
13236
20812
28184
16488
29449
13157
10951
6068
8804
28126
26880
15960
3016
5627
20236
20298
29929
22258
9815
19741
31132
12949
10620
1992
27277
13616
30882
4009
1072
8373
10251
22986
4602
21270
7402
31074
20944
27635
11381
4767
11200
30069
12604
27298
4591
5242
2745
14540
7378
1010
15144
7480
14241
24456
6041
24712
28937
390
15939
24805
17442
30706
18203
20545
28064
21757
25253
10207
8525
24223
23306
29974
13239
24955
11116
25426
3109
11016
8566
10075
29392
28402
15671
12250
3920
7102
17200
16153
11093
25262
13483
21002
3479
30436
8783
30859
272
18377
3314
744
23656
15024
18606
10401
7601
10167
5687
3182
28244
7662
26219
16769
9035
12988
31787
13835
3473
24702
24682
9985
11991
14448
23683
288
9849
27601
28368
21295
27312
28738
28024
13700
8713
17264
19336
19145
12566
4594
13382
15872
20579
17781
28866
25029
16043
15894
19373
21715
25420
15119
26478
20426
29945
13974
14963
48
30895
14594
9669
5301
11498
26416
23008
24251
13592
20517
32193
11541
6478
15860
19520
17423
28218
3554
7072
5807
14681
21449
869
9531
25961
19642
5221
9467
23330
25830
22306
21824
4641
21695
1111
9638
11813
6490
11217
4501
31869
19480
15744
21774
26049
7557
10446
24228
10177
30592
1583
8904
27579
2717
32506
13386
3281
19143
26487
17949
8889
7978
16185
31323
9399
18768
2990
8840
14536
18313
16628
21787
800
13969
11502
31802
2519
30317
6296
16838
224
5782
5015
31895
4666
19801
7701
777
30314
32382
9419
1719
28968
5416
863
23942
1625
13564
241
23526
31549
1669
31473
9300
30698
8919
12851
4131
23801
25203
28229
5501
8575
4971
27392
20133
19775
23239
17501
1662
25373
17702
21642
28241
20438
19113
14397
24779
12527
18956
27977
22085
2027
16150
16239
28233
11713
14388
30582
12881
6797
20321
125
30161
21894
10824
30609
30584
8496
17837
22907
10163
14291
4105
17115
14452
11307
6004
30331
23089
16993
20168
7645
18991
21818
11780
30742
5632
7055
12782
27359
14411
25085
32509
10730
29387
3293
11125
26738
2458
30326
29908
18710
17328
32114
25709
32743
21670
22415
10067
23232
5056
31895
7544
9174
9259
15762
25622
4751
29315
23610
24398
16024
11161
13999
1808
18738
4210
23404
31546
12492
19347
6522
8964
727
11131
24803
23451
24534
26226
1898
31244
1460
19329
17785
9316
21595
1218
32603
17941
130
20186
11947
9116
26822
18883
13
20833
16637
18127
31004
4575
1991
14313
15011
24324
31333
9246
13071
8923
31439
17757
21796
25448
7168
13179
9968
26068
18581
16506
15613
3274
14230
27147
30155
30240
9108
1105
2429
7098
30708
488
16851
31659
26762
32038
28248
2974
10090
26273
26845
31605
11514
31985
15909
2863
17996
29111
20194
30735
23979
24542
31968
17658
12660
30496
14465
25122
27944
204
617
30689
22718
8647
13690
22759
4670
32209
11523
24472
1419
8202
6964
15024
5760
19637
9174
27945
12607
8251
3897
1374
13510
8051
10605
20336
27588
7456
8628
1769
1962
6332
32312
19359
20996
31348
30714
24028
2058
20595
21259
26043
5234
29027
1790
18901
7049
10289
19357
22813
3458
19729
24027
19465
13070
28611
4362
24819
26669
30484
78
6078
31043
22951
29778
20668
22126
21493
20793
21199
4375
16275
8408
31951
22471
28596
3362
9772
25660
14062
24291
29397
4029
31297
21682
7768
426
30037
26144
586
11351
5123
18230
23529
3098
1303
16415
5376
23715
27220
11553
5131
14476
18873
15058
22428
22321
9219
12936
24829
23746
21619
27409
12823
28823
7633
12708
25234
3523
2225
16152
4158
16875
30453
3412
11954
20057
4243
8455
31283
24396
28057
7065
4567
19858
8558
10593
31977
7769
2906
8216
8080
13635
4168
24973
25260
27832
8651
22171
4865
2176
13920
5720
15255
13969
5875
3472
32608
4645
9636
14962
13852
23824
458
20616
20602
25425
11576
22765
18304
15591
5824
8890
6956
25062
11766
6081
9308
17609
25654
18814
15851
26378
16105
19018
2333
7152
24323
9938
20797
28073
8656
5064
21124
22680
16113
9176
26685
20720
1954
6622
26151
18050
11070
11094
8475
6867
9476
18195
27374
15730
14107
13365
1433
25224
5844
7509
20887
1969
11824
23554
15247
15114
5794
6257
11571
22668
12565
4464
1384
12696
32561
8348
23463
21202
8666
20180
4771
23603
8442
3309
32300
8026
24705
25767
8275
30755
26282
13792
16847
4987
22399
21512
27039
6259
18847
6101
30705
26515
22591
14648
26691
25712
5743
1423
32456
32128
18334
17948
25869
26158
353
27318
31196
14122
6768
19646
22625
26883
2801
7765
23179
23799
8698
22988
6837
26634
13393
17756
14470
5205
10358
24344
25877
3233
995
17695
31313
26164
23954
28182
8609
15595
22976
17878
19911
21897
4849
609
3082
14927
5172
17691
28820
1485
18600
23607
8729
20471
1087
14447
18617
29051
2498
27384
25640
4434
12821
16309
19724
12437
6333
18347
26022
10387
29087
26549
15797
20256
27658
16248
11671
13616
18168
31898
11442
13220
31377
28207
26386
14947
6897
27764
22099
5549
22571
26816
25026
7596
16270
14775
18879
1100
8743
30657
25190
13645
17542
32187
24942
31895
15301
25068
17232
26317
7111
31546
2988
4132
23230
18077
25833
21878
3568
16597
25373
7058
25530
2136
28204
8407
32469
23439
5939
3329
5848
18241
23847
13122
510
6480
9401
14997
3114
27555
26493
8271
16168
23395
24140
18678
54
16490
10983
4951
9923
30968
17628
8659
28790
7592
11694
19962
30322
12707
12336
31323
2009
8980
12082
13977
3470
12252
18271
27074
23360
646
18534
30429
4516
7037
18776
4034
30209
23164
23633
10799
25330
15431
9563
19223
13928
8345
22671
7229
24814
11357
25470
2
31281
7200
17871
6011
32447
6855
23849
28359
6927
28797
10323
17312
10178
7664
17817
6703
15144
14269
12402
5157
29702
5672
609
15879
24982
11537
15129
18121
11472
8228
21476
21919
26344
26447
8773
29200
8472
6009
19932
12876
12703
9073
23947
9151
18954
10532
8151
8678
17074
7956
29329
3938
16262
30213
11701
9547
4618
761
13714
19654
31904
17759
30763
14042
15111
23944
23006
9855
29729
18266
21827
8440
30969
11592
21079
30819
29956
26498
30938
25743
29607
31592
501
7693
24314
12101
19744
12170
23500
1594
15427
29020
9959
14456
6939
25434
22420
31666
5600
22769
11106
12243
805
11124
16164
17388
1279
26292
22841
26480
17769
9169
10512
23459
20967
1615
8170
31056
23146
3948
18146
16058
22388
15281
13867
31190
23420
7880
4506
25271
5012
29069
11876
14922
15177
18023
17960
16707
1995
22489
23344
6999
20046
9556
12788
29356
27055
21072
991
28558
9051
31643
20310
22627
9069
30448
26871
28129
11286
12491
12830
22398
9282
7292
6318
13352
13688
27258
17422
9015
258
30971
4977
22944
12367
12993
20827
5995
25749
20535
16481
4455
18874
11964
25904
8988
20597
12863
12752
23809
21425
25868
30250
17135
11570
18917
14792
20182
32122
5205
25309
2991
10990
15169
20101
23729
23605
6592
15949
17608
29153
4653
16118
16963
17233
26490
27766
4812
8917
16582
14144
29598
27924
2866
3781
12786
10155
11761
5435
8122
29463
17567
16541
16530
21461
21460
3315
17140
5831
11256
9171
6571
21722
28249
7464
18826
23014
26746
15666
16221
29398
14767
21454
16928
26376
30438
8440
21871
8439
16584
25230
8254
18967
1
28502
11210
24064
15323
835
3791
30927
16146
8436
22780
25801
32484
11390
21156
11074
30823
9067
25782
11454
30751
5635
15599
1109
32720
17866
590
14940
16017
3401
11721
2625
20258
29969
23358
16311
12415
6654
9900
28435
11445
18617
27043
3318
8693
29312
27897
10541
25063
24362
25279
20693
6976
16485
15475
23491
407
2627
12663
10531
10101
13557
2498
3934
16043
19414
214
834
13032
28075
21746
14941
21130
8744
22152
19625
31157
10423
3057
6511
29602
9334
15712
29541
1594
18814
32021
22553
23524
28523
32723
13971
16283
11545
22931
2358
24387
25003
29306
18152
2109
20178
18441
28531
4665
10316
20116
14122
27723
15530
1781
5583
66
6999
7297
15540
24629
23510
7995
14369
29278
27211
11848
16374
3883
32061
9891
31633
17811
6298
10770
15602
14759
16891
4697
30493
20841
18986
9389
29632
9184
20450
6507
3094
24172
24533
19466
26891
5208
22003
10063
3745
11438
25578
8639
13970
25167
24809
24154
15927
2626
18090
17798
11176
5197
32687
10826
3621
31170
27340
20412
15797
3740
14309
25277
15884
26826
505
15331
18610
20939
19039
32183
16994
30331
14672
25377
8113
18733
18342
21024
31984
18937
13795
1726
27986
10584
29813
27204
17746
30958
24889
27306
25679
24230
32317
26193
16761
32260
1482
32757
16369
2999
32674
28381
3628
16238
15238
8020
5273
6125
21755
14173
14211
9568
9294
21411
28728
19951
16598
4271
363
16530
30841
13405
19159
2599
24689
2961
37
194
25424
20518
18192
31044
28738
11047
199
31535
12179
10050
17042
26296
24689
10105
16825
16670
17394
13851
13986
6971
14681
16371
31545
18009
28565
4031
26772
19270
20490
7652
14296
22443
1684
2143
27222
5529
19145
18175
31994
8549
20095
28625
27366
4534
30095
8156
17242
17884
15064
23567
22231
28259
26246
32376
16260
1000
31124
951
18640
8236
29327
19633
31321
28007
20381
10377
18957
8159
29119
15052
14734
11704
17747
4587
25307
14606
21469
495
14382
24641
8966
5992
31520
26768
1253
13990
12051
30442
15742
15148
2769
19200
8584
11106
11633
12447
4724
21642
6779
6973
31658
25333
16716
8146
13590
19063
5051
16617
28387
4888
28668
16630
2694
24076
25029
28394
1279
14054
32432
8453
22107
1288
25057
20971
27262
12638
2792
5115
5919
21580
9192
20188
13076
32740
29433
31576
13008
31325
31436
20846
28202
31936
3726
7330
29536
18917
23822
10904
2907
12702
14113
2017
21300
21554
5446
32533
3832
14861
8326
3618
6568
5045
17054
17891
5764
13824
352
18421
18313
9861
10583
22214
11577
19536
2986
11246
21402
6362
21314
2243
28801
15672
13615
13607
14096
16274
72
24741
1150
1239
20498
6589
18966
8879
26340
20347
22659
3505
29512
4431
28746
30679
17571
280
15256
29486
13081
11138
5438
11474
16043
14994
16634
21530
10658
13951
30968
528
4657
18628
29848
13604
20310
13683
19570
13601
5377
32460
24472
29535
9080
26382
7706
15163
1530
17549
23760
18116
9378
23557
5715
2999
11663
13614
15693
21678
6466
7568
1011
31380
20039
19865
15567
21084
10264
25581
14531
8946
25918
11005
17995
14194
16569
23771
13826
24985
15010
22861
2152
121
21519
544
10466
24432
16951
12734
23042
346
23767
3
14089
11270
19412
18765
28330
18407
14369
11218
6929
26636
995
28471
23332
3666
19923
2654
4361
32729
17380
15231
27112
15796
2343
26234
4850
30181
13035
11627
16290
136
8488
30591
25922
15694
13854
23047
20402
25901
12601
6091
29541
9302
12600
10913
8364
4200
8590
2878
31799
20195
5896
11083
24792
32735
24497
21948
3723
16638
18931
26973
19124
23711
26366
8621
21927
31060
19566
25072
22893
23959
6439
13952
13766
7096
16772
100
19818
14874
26290
32547
14484
11167
15702
11482
193
11361
18294
8333
18869
22179
26006
27323
3008
1031
801
8245
17215
20225
25099
1840
14693
18571
18869
6808
19004
13850
7441
22439
19430
27601
7174
2487
31529
5877
21526
2132
4395
3234
1086
7062
26233
28860
30749
31405
18254
18727
7769
6334
23827
20795
24127
13294
20770
8562
28841
23228
3279
32612
16421
23443
15017
27126
5203
21151
27901
13774
3215
18913
3484
19978
11728
8062
31454
27953
2000
9821
30183
25193
13678
13552
17961
14059
15440
5714
13866
18357
4044
4499
19848
10110
15113
31568
27706
23791
30305
1414
11032
20752
11274
16807
9630
513
12278
2286
4333
19946
12023
16112
17426
27188
6439
8821
5515
23290
2951
8325
12807
32442
31974
24006
20590
593
12805
27141
26401
20774
15608
21010
18051
21925
3023
977
15544
7663
19062
14478
9901
14543
7130
22929
4696
24305
28237
4850
22081
15438
28460
2223
16961
28139
25023
25084
19849
1987
23904
7898
26087
14081
14048
27627
17477
21619
6438
26757
27251
31548
4377
4869
11814
30665
4289
20326
30016
8966
11688
15378
1873
32209
7815
18679
6238
8367
15390
17630
28898
21437
2404
21752
22291
25322
1760
2746
7526
612
21847
3051
31317
22352
27559
252
3424
30910
25587
15767
13650
31964
9216
22394
7109
26217
25823
8070
6632
1645
24013
12563
23168
9768
5719
2951
23853
3400
9154
27175
16111
14431
21929
20013
27624
21395
5608
28442
7780
19864
32697
1357
20246
5851
29213
8917
31396
24832
8574
3716
24679
29327
27794
21828
7788
25322
30850
1454
20158
21123
22604
18905
2535
29515
17254
21360
29364
30062
8100
19976
12089
11325
25179
19376
29461
32619
3271
24521
32503
31869
18346
23576
14689
7292
25142
25625
17580
4589
14381
19094
13901
13059
17223
28025
21334
21522
23508
991
30272
9799
27810
4717
487
28311
7713
31207
1494
10485
15557
21502
30661
27592
24236
4714
9824
8092
3201
5177
18762
24343
29088
9575
21090
4911
22394
7342
25669
8091
28731
2975
4628
13191
13483
13554
19575
4748
22866
15643
8161
27103
7904
18718
10262
1481
460
32675
23787
31575
3386
8269
7245
6738
21794
9544
5509
15217
23471
8993
31162
16078
26085
23259
5560
20119
903
12863
14576
14854
20024
1651
3519
31891
9184
3278
18163
17768
24657
13803
18059
4885
23083
18172
8638
14213
9980
7521
9791
22576
27308
20602
17600
16019
13849
9657
1205
3293
14590
2811
25946
10988
19225
2840
20471
32631
4237
28856
32610
18829
15749
2921
198
11838
15642
19183
12708
20120
16247
9435
24343
31189
29498
30816
27228
20434
28190
25697
5777
26563
2263
17358
25533
20262
12862
17457
6929
29941
32174
19076
28782
21792
28846
6726
23847
30778
21456
29390
6151
7026
2777
5854
20118
5318
14369
29307
920
18291
12093
21244
14039
15536
31452
25954
14882
13467
31215
28391
22422
17268
22541
29658
11548
20233
25877
16553
24883
113
4117
2368
5360
32253
2410
4753
14146
364
20521
6772
7547
7774
11966
29106
1292
19724
27347
31836
25232
3381
11380
3170
8717
13660
24688
19040
15478
16944
6658
8379
18036
14924
14256
23789
23653
31264
20340
31517
4006
31791
9754
20467
14605
29052
13801
1194
21690
15934
2181
6503
19216
11995
26644
25033
19198
30996
11168
12225
6531
23933
8892
8356
31345
32049
25707
16510
5745
14275
1341
30634
583
9592
30907
30367
19287
435
8709
5133
11624
6576
22458
20777
21929
4981
24344
30788
22257
8454
8805
2467
13131
29657
9869
27275
7858
1161
1036
2715
24345
718
26382
29535
28079
429
23253
30241
15712
13292
25692
27650
19103
19657
12346
15434
22627
22764
22472
7421
32367
9113
390
16815
27863
31786
24763
27800
2240
28605
22620
5611
18023
19242
17711
7524
25701
31032
13104
14880
27697
4368
564
7346
7142
10481
15820
30579
7494
16678
11372
24857
11775
23349
22989
17804
7470
4442
8335
22773
16930
16947
30499
16663
20578
9405
1000
26850
11505
22655
15508
12869
10448
17925
5334
31301
17605
25488
58
9036
25179
12812
19276
6595
1578
1602
4096
1762
3928
29263
18769
9671
2144
25429
18985
28358
29970
18288
7041
3329
16860
20460
1481
21048
14407
9141
18826
7394
7364
5646
19274
25724
22953
13702
14000
24609
23415
18216
23784
31579
606
499
21065
3385
19715
7818
3893
1441
8320
3884
6209
1256
20908
29669
29078
4512
21406
7942
24984
24753
12140
15828
18117
25516
10552
31101
1247
4443
13934
9296
19789
7325
10567
18220
18111
3440
13714
9017
22545
28752
12979
31703
6770
4032
16108
15572
14021
27686
10203
20706
12871
26075
15428
15432
28274
19843
27409
20439
24610
20122
21399
2080
16887
26704
11035
27876
17914
26775
7061
1228
2691
7546
32691
12634
22106
12464
8225
1824
24604
24945
22024
30256
9440
4232
14037
22227
4635
21162
11579
11902
1729
32006
9083
16641
28589
24605
8931
16898
835
9428
3220
15018
24660
32711
20361
30622
5185
12001
16341
4913
19556
29994
29484
28632
13995
2271
18085
14046
21894
10184
29118
12120
19204
17862
19105
348
24377
2476
8102
14702
17890
3151
18968
8251
26444
3553
24124
14986
12401
5498
7311
1391
11876
12024
2128
17089
30960
15113
18238
27087
12412
1414
11939
4175
4914
5635
8593
24471
28001
28324
9324
27152
26911
11570
18856
29927
306
17005
23508
2565
6961
13220
26840
26178
3302
6788
4731
6101
4343
22318
18472
24847
28357
10380
19953
13130
22933
7908
13524
22044
19182
7341
10301
3792
23617
22946
13517
23574
25552
7190
27738
6649
22728
7303
2871
8722
17072
18293
693
15355
14343
20852
3305
29191
12329
20865
11696
7728
11379
21906
17649
17233
31911
9585
5666
1686
8850
10185
26894
23856
6380
7553
10197
16973
383
10058
7732
2375
32396
18804
15878
8219
15210
25094
3339
22046
26736
17677
8169
31467
11797
29492
18032
27040
23382
7829
19746
21578
21336
29135
30707
25501
32335
19801
6733
32489
16798
28438
28759
20553
17216
14377
7543
22814
31846
1290
29718
10939
24417
19417
27299
5986
5315
29939
25050
28528
5057
8644
8262
7892
6620
21980
9988
16069
17857
13892
17355
28597
22893
21266
1065
3968
26516
12091
28175
8170
28740
31401
8592
29000
12486
12941
18406
25981
10949
7159
29622
24360
9905
19620
22165
12572
13670
13846
28618
8721
29961
26346
6229
22681
7475
30311
4145
17237
5714
20051
28887
20840
8268
18186
10499
3884
19557
18897
26042
31524
20066
28007
3212
10034
26862
16605
11031
31242
31038
14504
32716
9447
26097
29173
32758
8573
30010
16444
32503
19502
20032
14616
23253
28288
10693
12886
20982
19919
30214
26187
26152
4671
29155
12907
28901
6645
832
9240
19668
3207
19627
18360
14482
17072
17983
28170
22195
22089
24008
23482
28420
28276
25128
5939
21779
7195
15865
18612
6130
23193
17779
24742
24375
2230
7056
30765
6471
28121
29295
8189
24277
8057
10998
4463
12197
23253
6076
30163
27798
9957
26406
14344
13023
21136
30928
5195
31897
8991
8750
23117
10878
18162
9843
5512
23280
24689
26033
4050
12861
15686
1858
25139
30753
3530
9064
2036
11916
12476
12336
10232
1446
26425
13724
2128
20752
1256
3328
24585
25197
28790
12205
31560
27938
2114
22733
26010
22361
16217
32398
3717
7244
1700
26243
7267
9152
22112
22855
24944
13007
27599
14691
10017
23019
3885
369
17335
1056
30182
28034
11797
2969
5382
21438
974
30566
30705
28746
13699
18045
28500
10351
19820
27646
11355
2296
1076
24763
7205
987
6154
28151
6005
12572
6645
5486
15018
5871
9575
14998
31217
15645
13846
28965
17849
4008
4103
5331
21351
21682
28139
3681
24139
14747
27055
27098
29907
15210
21327
8729
9727
28270
27115
17803
8981
26917
11036
22582
10646
22108
11400
5882
18800
29336
13236
23
23413
30901
26
17648
15372
16845
31612
2319
7719
7259
17527
4712
2677
7840
18267
20194
24280
30790
22842
21267
25113
1860
2367
13899
16347
13313
7233
28629
205
22716
26264
6521
21284
14379
30768
15173
14153
18274
20188
1166
25806
20215
748
5681
31655
10084
8705
16926
21911
5292
11296
25624
3048
1346
26374
14262
1375
14374
31675
20398
8303
3665
4714
4690
19885
2899
24688
24411
11908
18747
23731
17126
3114
25527
3637
22972
15058
7804
10473
19158
15652
19176
27845
31265
15338
12518
31512
22654
9740
32531
5662
29965
3262
1567
32465
13227
4088
17269
25859
19641
28454
32542
7594
31264
4642
226
4987
30097
7775
8369
9658
11282
27751
13890
26960
19126
29063
11258
30
2219
29128
14607
31377
21114
3618
1773
30582
14987
749
17881
30224
21224
10904
29908
3688
21570
6301
24770
997
13881
24756
7883
26140
7384
24136
1538
13289
16223
4135
27716
13503
11334
23677
10851
31804
3710
20739
11140
19457
22522
13172
3014
18368
30062
30273
2597
12182
28503
25989
20893
5276
7227
8251
23954
15289
18482
12719
32111
8890
30117
24370
15246
23460
6998
32274
11096
12872
928
26057
25261
20505
12545
21109
8838
21051
27605
19336
29400
1500
23908
25281
13756
16071
23583
24411
30158
31798
19751
10628
29650
20456
16143
2576
14238
15220
8675
4719
10292
30685
16489
16604
28462
23398
24230
13528
11103
20904
8612
2007
14007
6625
9331
7737
871
16271
24174
1147
21574
318
16063
11439
21619
6558
8486
8233
21052
7896
32758
31100
8511
27682
1888
15013
26575
18834
28147
21381
23450
17967
13924
27797
12680
30798
16011
18901
17638
6172
16303
23045
14787
10359
9219
17944
7834
8706
21872
5350
20786
21624
27029
14113
10947
29248
20237
3978
14170
31298
24560
19300
31870
29690
32156
7977
4884
12746
6581
15229
6272
3477
20586
3680
15117
21385
30714
9383
25999
20284
18807
16301
20039
12027
1739
29510
27910
12639
16888
24564
7317
20768
10660
23902
27477
25390
32468
10493
24355
23294
6136
27929
12414
10530
5416
13300
16620
26653
10669
6981
20633
19317
7875
23527
14146
1290
29597
31187
9297
5285
16042
12364
10826
13780
13335
28249
6501
24566
30101
30584
28029
3218
3932
31889
21288
14317
18031
16681
2088
20443
7202
8408
6914
1237
10970
2301
19948
12620
16405
15024
8428
19261
22442
26872
18239
5126
23633
1854
3064
31352
20837
23554
27113
25389
18921
11213
23238
19227
20682
4199
8584
30826
9827
20553
5136
11651
30534
19029
10253
4714
28730
18885
18207
18509
21376
22114
11837
23389
29531
21750
23636
1756
13775
3075
21552
32631
1448
24757
13728
14295
21694
24598
29141
21363
4984
26753
7948
15272
16783
1881
12141
2827
31764
24314
3890
17150
11445
10480
28171
32641
15932
10344
14273
7499
31320
8419
26
1562
29856
9522
26110
5959
9941
21150
12759
22173
8807
19559
13118
26987
31547
2928
8659
472
20396
22072
1388
13943
4560
29964
26995
30747
30204
30331
24457
6637
10890
6155
5487
8123
15577
10026
551
18067
20374
28263
28246
31633
1594
738
23533
13557
18900
1537
4360
24952
19209
12133
18967
25057
25945
13085
22331
16595
18340
22553
10483
7401
1516
21217
4087
30981
30812
14471
13412
26340
2953
7641
2074
16374
26105
14044
14434
24685
1762
2678
25301
6292
16947
3691
4473
18531
15832
16267
16940
22864
21562
2601
32070
2663
6
5838
16250
17053
13616
20271
15101
23906
19255
12125
13290
9589
23722
14140
31718
29180
16363
4150
20736
6612
32051
15152
9178
12582
26070
23229
2318
17723
12489
28050
22987
2705
16481
3387
18367
12590
30045
1292
26682
21300
13095
21849
31376
12726
31063
30442
28095
13258
13945
29353
26961
23519
14352
8606
23940
10065
23515
10525
24233
3131
26198
1854
20426
2445
8836
17294
8335
32094
12012
6148
8802
13699
7137
9783
14546
28256
16135
3277
26933
13310
24595
28983
3474
22878
8914
20892
11966
31245
21101
13074
18884
14841
29163
20
1162
14211
13815
11057
5554
25557
19428
27137
25535
13686
4590
7261
8057
26907
9411
13263
23954
17601
26178
12104
29577
4344
24962
32529
7119
15490
12310
25860
9513
24092
17551
9468
12629
2204
15939
6538
18160
9532
10829
234
14999
18486
21973
5685
13133
13201
5522
19159
19996
31802
9868
13380
9471
1366
3111
487
15616
17879
3933
3931
8094
3149
17227
26334
9073
13567
13039
18435
10257
1595
7216
1703
18739
9962
23582
22053
19733
25447
28796
21710
21021
13458
12924
27539
32701
15648
11977
22021
16025
12597
16074
26240
15340
23604
18214
23202
15399
14550
16259
21506
220
20345
26516
18719
17883
20155
19794
663
6555
4680
2185
30874
5339
3056
20375
9373
13704
17149
18800
6995
24802
24003
16614
729
20699
27000
7464
14641
28863
21574
17288
16113
27930
19871
18049
14908
31447
209
1528
9714
6565
24026
9410
292
21919
25725
30567
4811
19499
9621
20517
5561
30754
28330
19512
24783
2354
21442
1625
24433
19073
2937
21125
28215
23699
20820
26367
28645
18030
16979
5784
11934
8700
26565
46
23892
26544
25696
22387
19843
7532
30609
10991
11551
27811
19217
19273
24779
25531
16057
14274
20043
26293
9879
13314
11068
4879
12097
27415
9218
6889
23657
17339
28419
23400
21938
18901
8211
12888
30146
20803
20526
22293
20377
13783
28013
15019
7713
23711
18227
13116
20998
23146
10919
30370
12743
25479
9064
10326
16398
26832
13436
32400
23613
1512
7561
17072
20809
9408
71
12509
18123
31328
31285
31468
18516
16612
1675
29315
22273
21188
15472
7806
14672
2905
15726
16273
32050
4253
26659
2095
24674
27187
9017
2987
4852
2471
21656
10398
2097
10230
22745
29320
18850
7249
3838
24250
107
4126
19553
14451
10459
13376
19691
8265
9280
23448
29574
6858
7424
7883
28373
29284
28901
27974
5666
28802
5561
12160
4760
12792
11283
24191
10418
6817
13424
13470
13811
11334
6789
23437
14040
17602
2772
15257
26891
1892
18046
20526
24025
30101
26968
9626
4326
31419
22080
25619
22303
28509
15794
3068
14833
22407
29334
18276
4792
24688
348
29904
31355
24922
15691
20282
25046
25530
14358
22361
25911
30361
22449
25123
12622
20794
32354
28817
3006
2301
31003
13474
21529
24195
10247
26530
4363
26131
5475
21932
24021
3900
28303
17006
19453
20412
4965
2860
3396
30113
12233
10759
31193
25774
4993
32384
18124
17152
15432
32568
197
22770
17949
14585
7926
10301
13793
16122
16974
32356
21025
28767
29936
1615
32305
14080
32227
7477
19322
9067
7435
28352
13588
2604
17240
7276
14744
1612
6973
29745
18223
1303
30052
31329
11759
16162
28064
19155
3176
17037
23587
5441
27257
29318
26353
14575
30313
8206
18324
17293
6194
8192
6417
22367
20256
591
16924
15515
3483
20111
20360
8723
1857
27063
21249
20755
9529
2341
6653
22669
5315
22242
20720
29555
9235
11048
26303
11877
24927
32545
17528
4236
12343
31986
11584
19398
18709
20728
23181
14339
22325
8273
10389
7663
10406
18591
26374
5329
9378
19720
8695
30642
31771
5250
30494
13763
18582
23885
19268
505
3388
2496
29687
9722
20014
10825
10623
31804
12826
26800
21779
21867
25100
14491
3916
19724
7046
29015
25305
20833
10450
13525
10101
25228
13207
18419
2326
19702
9643
16381
3943
25330
3112
10612
14713
31134
12482
3086
437
11530
23895
28669
24086
12189
32200
18548
4245
10420
5128
26472
23524
26251
12914
24212
28766
26465
28768
29119
9535
32215
3321
32321
21008
5274
13386
31684
23654
21825
6809
31304
19916
13945
25077
16746
1534
13663
32274
29925
23896
15917
2644
25177
19341
2073
17962
23627
26268
26746
11165
18029
19968
24877
21545
14112
22055
28215
8139
21048
2086
22187
21083
16639
18859
1231
6940
27516
16691
10618
14994
22261
19069
11968
14995
19890
3902
15825
27809
13316
6166
23583
8823
11910
27075
25535
21730
32163
661
23314
11474
12888
19489
28580
8881
8251
21818
6228
10227
12477
26653
8886
3823
31660
20716
12213
9453
18684
26718
25469
12928
24518
14004
19608
22038
18065
17135
18006
27853
22737
25152
23155
32136
21933
7104
26100
23107
19461
29793
1362
27555
1972
14116
3034
23249
25618
3469
2644
3465
10173
31829
10467
10350
19866
6238
22572
2977
24342
2028
7610
32145
17330
9233
32673
30741
10686
20073
21346
19384
27748
20232
29711
3411
6889
20145
9136
482
1328
16712
7140
31888
29056
21642
4556
25364
24454
14076
12580
19520
31902
19233
21171
27863
11598
6896
29158
18080
20499
8069
9656
19896
7521
12567
8404
30764
18661
13098
31998
27591
18445
20742
21935
15913
25034
24167
30207
31513
27541
12406
7624
25885
22448
760
8713
9287
30894
15814
27784
22353
7733
11901
7868
15085
28419
2678
23529
23382
9263
19705
32397
1067
2481
17837
15611
25213
26661
27475
326
3367
15308
18100
30816
26461
23764
2520
7299
4488
31961
10105
16080
23633
7595
32439
21559
29180
25938
28430
2454
10744
29519
26756
25381
15028
6949
19495
27409
15796
10264
12470
13159
14819
3637
24479
12084
10283
11410
7721
9963
9795
1239
5875
19462
19400
3069
30621
12272
21904
30806
5829
8739
6971
12494
13877
14733
778
16752
13658
3385
26613
31020
18425
24619
9719
5335
1309
17548
16557
7027
25172
31239
22559
20401
28442
2930
24542
23220
25750
28593
19535
5144
23940
12759
10822
2867
19059
25743
21718
13722
30256
25787
15720
26343
11906
12122
31243
30138
25879
20143
3595
12798
23743
8864
8389
4206
14040
2140
5817
12119
29961
9536
16609
6303
17204
22780
5698
25862
7589
6897
11200
9388
10128
18142
24118
12500
17850
7356
25286
19175
20854
30694
12654
11452
30675
381
32220
28182
6420
25099
12932
25454
15456
13926
8687
23027
27579
19416
25174
21712
3125
26492
1903
12205
1633
7403
11911
19064
21257
30744
4305
8805
16416
32377
4094
31795
504
19304
28941
946
25782
19400
14693
1154
12802
23787
25121
8221
7939
21171
21931
9495
22154
10488
27532
27557
29581
25642
22146
23389
32728
25912
14547
32316
19199
13488
21218
17645
11671
2343
0
24648
3237
3291
30084
21530
12631
9879
30750
10020
18674
18903
31592
21606
8460
4653
24510
24989
29691
11747
16976
16138
22925
23522
4981
21621
12282
210
26435
24434
4374
6019
13404
1763
10187
140
29962
18366
31175
30002
24207
7952
31090
8587
8886
5442
29731
10723
28590
3739
12435
8030
8728
1287
20882
10207
23903
3863
20728
23849
32328
22600
9951
10052
7114
28296
28943
5667
2591
2294
11962
32387
5147
11242
25706
24086
24253
20021
15415
19169
11012
25514
30269
29154
27139
28893
15693
26871
22328
3114
13283
22523
3354
28665
19800
15666
18417
577
18265
20711
19178
30027
22424
19539
7019
26041
25025
6081
1700
6598
18864
9200
9575
17871
13793
29369
21049
31251
22056
4849
17833
7607
674
5009
19680
6925
18155
12820
20090
8469
11665
18465
4500
7748
24521
15466
31526
22661
28001
31444
13716
18046
20726
14296
30335
3604
1127
809
22241
19505
14729
28055
29017
2500
2845
17971
15043
522
14847
12980
18700
7693
19104
10009
31812
18794
5813
144
15861
1110
10033
18327
19124
22243
27249
23905
14837
2432
6839
6267
14372
18111
26842
5295
9969
2652
16188
14889
6123
378
12539
16344
21840
16431
26988
11543
27939
28739
12229
7821
29312
23861
21273
21073
26925
383
4746
16210
3953
31003
21946
15351
31273
32070
18818
30722
14104
19844
13543
19898
27007
10724
6729
11849
5357
17029
30942
11619
2649
16473
16991
28712
11118
19241
22785
844
30758
12506
10663
23669
6810
4590
13910
2788
25881
14158
9449
23384
30327
30022
9734
29487
30887
16337
18512
9935
11660
21527
3038
3908
15885
6964
18925
9002
32616
10811
17617
22222
8904
890
29746
1936
793
32000
24948
13964
1307
28765
10359
22137
15797
6057
28801
12496
21133
15304
29048
9777
18645
6123
22869
19972
13928
5722
9685
14684
2325
19058
18033
23840
22586
19433
6801
26476
29845
22362
8189
1077
10840
22525
26004
21804
27003
16053
5696
8421
18518
19025
12329
32057
5231
9483
15401
30953
26001
31573
6529
2179
26398
28630
12746
14986
19365
4271
10542
30417
7863
12802
24279
19752
26871
20917
20904
5946
23153
26739
15659
29110
28461
19444
715
20653
16899
1663
13124
13116
432
18349
19543
14954
15402
21103
32450
10067
29745
3154
4207
1159
13607
4610
12012
32429
6433
29965
17947
12396
30014
1770
12075
25995
8248
21818
19398
6486
1848
15181
24972
13380
1263
11496
18881
19672
12002
7750
18754
28613
3333
11612
9406
13141
28556
28770
17698
6667
22270
3470
85
2184
8843
35
23078
21163
30879
11946
20867
9212
7607
13951
3563
18251
11636
4240
293
4500
27117
29538
20787
29734
5450
5717
7810
31236
2447
14888
31331
13452
693
6847
8639
23382
20223
11812
20485
9055
22923
21709
15976
4455
17192
24349
9032
19351
32103
3116
17901
11879
7157
26059
31355
10431
20519
7619
6690
9052
17111
20574
19350
30582
16495
20521
12223
14496
27459
24311
18097
21999
26660
30761
8414
22110
14641
4141
12426
13425
15089
27973
20352
7449
30623
32138
19716
5592
17605
20016
6152
20005
24333
2059
22947
8210
30803
5458
5054
1068
27646
21668
6161
31907
3473
32072
27470
15275
17789
6329
26779
2337
28730
13666
14662
11122
13205
13990
29876
22457
15948
26147
31899
27943
9688
10808
26993
32680
22154
1476
6949
30147
18905
17713
16908
15810
30459
31922
29726
24084
12722
15304
8802
25839
27497
6667
679
31546
2687
295
16757
7849
19427
22565
4163
18218
25313
29676
25578
31616
19259
28935
30554
6445
380
23208
26252
21398
5513
17133
30136
11874
19321
12387
22727
30499
16038
1225
3851
568
15108
16662
10030
12018
16562
19133
32616
30453
26063
5679
22005
3297
2703
23201
15815
20018
5006
13072
19320
3173
7780
20611
3714
29021
25721
8593
10930
772
16411
4898
9690
2613
1997
20090
15815
24794
13282
6259
23154
27473
587
13833
28794
16661
3246
31260
26578
18586
1208
24690
23223
19064
2739
23036
16614
16332
21083
11866
23307
24539
2541
5792
29308
12537
14210
30043
16679
8362
155
20431
5578
26374
4093
27779
2146
14690
3519
15104
21221
4140
23969
26837
8755
1047
6047
18398
29514
1656
28358
27078
20666
30960
31303
5323
1114
26700
5322
30145
4408
28329
17924
13146
2518
220
27276
18084
5779
11025
3562
15571
16487
177
10993
17985
21459
17290
18000
14003
28696
1578
5987
23262
5800
19851
13135
18218
20186
30198
28237
949
12769
24353
26438
14747
29439
9115
29089
17781
14326
24425
20825
21279
21952
18930
32082
26303
17791
10008
23533
30466
26039
21416
11738
31913
23483
28916
6957
6981
10597
29630
5812
18238
19210
6744
2952
3354
29101
3594
2275
24060
11635
13236
24625
1387
7255
28596
26986
11349
28959
24842
24990
3412
26255
22458
6098
15919
29404
2674
23562
12964
20324
20333
25767
23653
10395
23703
7667
3168
2633
21234
6139
31043
23539
6456
1693
3904
406
18882
2017
27918
29852
14248
9357
12848
26888
20266
16115
633
21236
21839
25614
25296
24637
19147
13005
21297
14973
30246
19887
18932
9529
22811
2704
29778
19548
5439
21699
24613
22244
995
30048
29423
4572
1338
13791
21022
18314
19135
4326
8334
5865
8401
25952
13648
24410
31648
24527
12202
5270
19277
3555
3166
3815
23373
20555
8239
11160
16655
7883
7074
20905
7646
21135
31746
11976
14344
27327
3494
16509
12096
32595
25463
32165
20545
22057
26540
13345
19380
20052
27096
28367
21588
5560
20007
30649
26704
23764
16868
19085
18928
31966
6463
2894
27516
17429
14926
21832
21082
23635
14673
30281
13686
32737
2618
27150
23271
28816
27501
10748
30927
25861
28100
9489
7554
24661
15830
29721
25323
10194
4729
7717
28972
19236
25733
313
5253
29339
21467
13125
27255
26563
23974
28502
27177
3129
18401
25358
19466
12990
26138
28754
5304
3722
7029
14146
18209
11490
15859
31854
488
11501
16116
16198
3082
10692
15611
5331
5313
2760
25266
6821
10920
11832
14126
5645
11808
8707
17267
5004
17139
24282
12603
6794
1336
14730
18163
18763
1399
32393
25863
27936
20493
27598
26719
27354
977
31974
5674
2948
15351
15685
29914
338
20789
5338
13935
14548
13861
17126
6137
19055
29419
31501
23128
8206
1047
22702
14407
8981
8397
7280
32153
1687
11299
26653
9153
456
21962
27828
6040
3765
11761
16057
3163
306
12390
17616
32755
2580
2814
29834
21626
31393
9016
20863
8954
23621
7965
25245
11128
12423
30058
4543
1585
27962
18673
10625
31267
2296
4925
25939
7375
11212
25205
18381
7998
22575
11906
11075
27714
8246
2420
16536
31742
15113
12066
28759
168
3735
14353
20991
20622
392
29592
11679
12631
10611
11585
15267
26764
10578
24945
5870
13655
21555
9548
5417
6026
26672
17875
31066
2018
30112
25167
13496
1422
18063
1523
10686
7403
23148
1213
9598
19346
18946
8093
824
26004
10154
13273
11819
24580
12222
31152
30123
9398
23888
5694
26484
21319
14108
1183
9278
4957
26812
6743
25233
23600
31771
10993
5083
21834
18220
3815
24512
13451
25052
4546
27057
15727
14405
2946
5312
17812
3364
10560
14770
25206
141
10514
854
9341
28381
3375
25878
827
15345
2644
24524
24302
24213
13670
2263
15181
16447
13400
1901
6017
17662
30287
31794
1905
4013
14084
1802
29250
22124
20842
24364
6686
23377
9618
12665
20789
23898
5579
14603
2
5542
24333
17936
24784
5349
20632
9945
5244
5390
9944
10030
29820
4944
3468
6629
17952
17994
3367
8371
13080
17534
26486
9793
11063
28419
10116
16002
4983
29819
26811
24901
26172
69
6475
13062
10461
27124
15312
20490
23136
30975
27695
19883
16261
4281
11200
26096
12295
22660
14515
352
18718
13378
29868
4888
10568
8461
7857
31516
6473
18984
25670
25323
18032
27189
3542
18518
29213
19624
19029
10897
14976
891
24100
3467
24739
9508
14645
18299
12203
9924
14447
19643
26971
9889
5716
28122
23513
15062
20193
15341
1205
6217
31413
1829
25895
9694
25974
11175
27544
20458
25457
8343
5732
12267
10880
32118
13279
23670
12849
27055
25494
30064
24356
10860
15575
16513
32181
17070
15987
27078
20443
22941
27586
15558
12880
23325
15080
27048
7411
1697
14423
10915
618
24644
917
23989
21259
14358
2368
26264
9981
15283
7759
27890
21402
17947
24730
19148
28696
25021
157
16197
3433
12501
22648
14727
9567
12280
29755
20475
1300
1773
28513
14265
13961
23487
19354
20547
11661
23568
9422
6002
15329
28848
26206
6576
4249
20335
26029
12904
18117
24367
1503
12475
18257
8765
18656
13429
554
6881
29096
22335
17058
24115
7102
30230
8982
18737
27643
12027
25550
3087
16017
26348
10532
32718
30284
27668
25833
31248
20759
2111
28420
4907
26049
6032
4444
4732
12033
30582
2809
29950
18360
25052
20070
16922
15479
2208
32601
8897
5697
1351
29589
28345
658
28911
15120
9268
15519
14468
29521
32167
7136
311
27165
6617
27596
12588
21330
27195
28900
28787
5651
23415
16114
13882
29989
27723
17555
13889
5785
9880
12275
17038
11948
11958
4312
30049
20971
23819
23522
14186
12955
5596
13073
30266
19799
21346
6023
7928
18683
5665
26767
12629
3521
12149
21471
32449
22442
6766
6938
27104
18464
22237
21145
14903
15065
31407
32107
22572
25086
28026
10906
1325
28045
598
30640
25647
16892
25582
7290
26202
543
1751
25612
28674
28747
5664
14085
18906
27324
3626
6933
12900
1844
31161
19388
9132
4581
1356
20564
8502
29585
23722
13137
8757
17136
1726
16072
27645
1362
13220
25134
28859
25221
12548
9571
1636
20473
30879
19694
2539
30498
3367
5003
17079
23326
6484
7395
6740
408
1332
1434
31849
8940
30147
13454
29418
9611
27323
20830
21134
26786
28333
1066
2948
8694
3409
25242
29282
21266
1051
11810
5470
6565
24846
18308
29120
24358
981
31638
7575
11193
13584
3397
14763
8278
18412
8410
16308
23592
31222
27772
201
20787
1329
20982
26651
19514
6245
17851
21987
13280
10683
10023
9881
17165
22407
28168
14951
17043
19301
20829
4317
1554
21383
19294
19686
12313
9805
7868
13563
397
1046
16681
918
14415
11095
20251
7146
16665
21226
27853
30417
16553
7848
14471
23558
14370
16953
12832
15252
18607
17963
15297
15246
23145
9026
6123
19969
10875
10255
2236
25383
1155
23748
29806
3037
11068
22855
13088
8279
13403
16773
27097
16147
23478
23561
5834
14347
4523
30413
13011
14383
18624
3664
3145
18706
18055
27368
16119
30948
31685
10330
28002
16032
10194
23464
8018
28294
19267
19242
27021
21196
11719
27872
17126
15505
31567
7943
10870
8466
15474
20202
810
5920
11791
507
18558
18642
15412
29986
135
11639
9278
18005
3895
8142
578
23657
20189
9338
19884
296
4587
29872
2342
24995
29180
8499
10684
26826
4117
24962
31037
10297
10795
25423
30692
17237
10726
11828
311
4248
4261
28578
14384
25897
25794
17178
32411
16048
1047
19103
31679
16232
32705
11115
30272
12406
25891
17121
1348
32377
6190
10179
23765
25698
8928
19365
14727
14470
7691
20641
12122
4081
5976
26445
24545
11261
6283
18666
23460
26148
13321
8670
12996
3603
14999
101
30941
28159
32356
7043
16432
26940
18250
1597
20482
26892
23633
8968
6719
2997
18037
27522
13411
18902
12457
24672
22426
1530
2331
13735
11302
14958
18362
3872
25602
14672
32246
24837
26821
13033
5062
18689
8392
30269
22000
29528
3979
8159
14725
24673
21845
11018
30890
7741
21019
6382
27806
19139
28579
8776
18681
29114
22250
10037
7218
6987
5314
20808
14692
7861
29119
7130
28498
3395
340
13985
12456
18812
11322
30341
4484
7833
14865
18606
15924
27708
7754
23522
20290
14942
3140
29710
7853
18825
5813
7202
634
29512
24140
10786
4203
28381
5013
18810
20239
20017
20508
32659
30715
18193
2773
24227
12118
7318
11195
23241
21659
15589
696
30041
20634
26393
9669
12917
1216
28030
31314
3293
16281
26624
28136
23559
23187
27363
8717
24691
25861
5556
3944
27193
111
3711
25637
19940
20996
15682
8603
7042
11621
23458
15660
19452
23728
11485
18541
22692
10681
29184
25735
28941
3223
28250
1246
17183
9059
4144
17648
2410
22332
4530
21887
21435
21134
9774
17650
15853
11412
1924
9977
2306
28188
30682
24432
19059
21387
2960
5254
9667
28704
20342
3102
17498
5757
7997
30837
32657
10851
16428
30725
28938
16317
5140
19626
23874
10976
30854
3588
11369
26129
9795
23324
25969
28743
9460
20298
24421
2355
10012
15958
7420
28286
25162
31709
1646
32338
14227
12790
30086
25371
16447
2838
18424
11407
4803
13105
27638
31212
21488
29730
6910
6528
26729
29005
14070
16751
23130
18051
32122
17841
18279
3622
1397
28506
27363
4749
15086
22814
6211
11945
19749
29972
14802
8681
17119
8122
10150
23388
10494
25658
27346
22
3924
21995
16605
12500
18361
8987
29555
21219
7003
17676
22619
24637
27222
28988
3497
758
27013
12265
17973
32726
29335
15317
14923
13384
6757
3911
4260
11122
386
16978
21397
3750
4884
7769
18055
29945
9699
2771
12199
22065
13232
14156
27103
9445
6856
9900
21252
21471
7641
32700
27217
19141
5635
18150
13076
3577
2866
25917
12199
7613
9900
8381
2210
20635
13286
27091
13391
11524
9116
8736
12894
1591
17696
16506
12250
24676
10739
30259
10076
24593
26514
14750
20863
18622
11154
22992
31123
20164
21999
32676
2710
16515
3490
16386
26720
19132
881
9056
26909
23612
22283
18056
768
27835
21076
30876
566
11011
28414
31320
23321
22101
23129
17048
27815
18184
27500
27674
18226
27251
16196
12420
19288
13837
28556
5289
13622
21971
5982
10760
26585
6634
6745
2453
3317
26502
25076
27581
23770
12554
1297
420
8867
14705
3542
29617
20657
9964
20920
10572
14680
10444
4056
15846
16343
13475
18835
18234
5518
7846
2388
20691
22379
4438
2989
12495
8102
10336
32423
6626
24494
12993
19286
3742
5731
24621
7600
6641
13957
23986
7839
28911
20844
9625
5204
25041
23034
1677
23775
13374
5071
9727
30460
24266
699
456
3376
13757
28281
13584
14101
30485
20122
1135
25842
22478
12991
30035
10639
30304
31499
29858
22088
22154
29912
20640
7519
19022
12201
2578
11927
27709
7776
16548
510
3828
22706
16008
17674
17895
4311
26464
7655
27485
4486
3678
14608
18364
22560
30633
21789
15879
7980
2307
16603
8613
27907
28074
32674
6500
31436
12667
2019
13245
1963
5981
20481
4186
27702
11997
7522
17109
553
27926
18885
21187
13402
19668
29398
31985
19183
14841
18431
6637
18382
19487
27266
19912
26453
5246
5061
25883
6476
784
30188
840
1559
9972
2733
1538
29744
19985
17504
16912
8661
18427
21846
32077
26366
20506
364
18932
13202
25353
11744
10010
15834
828
9059
2684
30006
12518
13935
14203
3343
6425
18906
1893
13324
16431
24492
1782
19337
11114
11310
3359
13125
19927
24387
12037
32090
15480
6139
13645
7795
28065
13926
30359
28217
1955
32678
15176
3086
680
18504
3725
31742
8670
6357
8349
4082
2008
163
7742
28967
27185
2801
8586
24031
10354
2611
8179
28503
18997
11691
31109
31736
10379
5433
3435
27089
18076
22388
30645
1349
7565
11769
23640
12289
24487
15364
25462
31794
30389
9021
19168
2036
16813
23252
12506
11533
21907
31951
31774
22747
17819
32163
1315
8331
13966
514
25758
25996
16750
18165
2890
7747
26973
20522
1764
5889
10427
20623
6266
16178
22927
288
32742
22231
32040
23036
8342
4150
9988
25023
25486
31183
3824
1804
31407
17555
3697
14441
26937
14929
3427
11856
30095
30833
8672
7042
26682
17124
26467
14239
15409
859
20781
22516
9303
18615
31720
2708
2630
23233
17035
26538
27211
13852
6781
3341
12465
1144
31485
30741
31811
25863
21441
12718
27148
6453
22237
170
20065
27028
6631
5724
32546
22293
21081
26978
4924
27774
12598
12994
15218
17432
8689
16697
6238
5544
28810
5839
12722
24737
6906
1199
29380
1688
20945
14646
20554
27128
27678
29770
31585
25847
21135
21997
17877
11465
9689
31505
7068
29971
9306
23726
13731
26530
4861
9491
27086
17501
11615
28538
15418
15736
24880
9694
5573
25579
22747
28945
17360
14371
6505
28425
9539
13047
14242
9082
10450
23261
26742
22187
127
14686
28828
22146
11872
17607
14201
19936
20131
4642
323
9781
17103
25444
5222
10059
8780
26088
20007
18790
5158
13596
27271
28047
30222
30075
874
28717
29858
7099
2808
18901
30958
13383
17732
12899
3890
16111
1323
31306
10981
29406
12416
3624
27643
32461
20326
22686
18788
6519
11004
30302
17621
30285
16192
28805
3018
29290
1069
28972
10700
3529
21031
9785
12271
1206
26009
18043
30112
7554
17885
27895
22173
32379
4956
15996
4677
8219
246
3454
12306
12160
31908
28705
3428
29980
19291
31891
30848
5038
7220
8095
31960
13169
22219
16767
17549
28051
10468
11506
13106
3048
5973
27791
7635
28896
5664
4697
17461
15287
27615
7571
28512
31979
25701
29398
22875
3827
5794
6752
16951
26414
16839
14511
22094
29466
1451
30031
18893
21958
31341
17392
19824
6538
27484
17339
16525
10741
14611
10470
17492
10759
9960
25734
5205
31392
6024
32421
18499
1337
31963
22165
25335
7890
32558
15747
21175
5931
8080
8015
18105
18487
22908
11676
32227
14798
1977
16675
29397
11682
4223
25932
2345
10100
7387
16895
8185
17800
24404
22455
11682
32086
11727
16857
18632
4226
29360
29509
17051
19982
14658
8490
13912
29647
22873
20510
12818
17437
1590
14190
23730
9167
17578
28338
15677
21607
3199
6565
1877
7817
6419
1588
4355
178
11590
28885
21939
13862
20118
25370
10880
10794
15241
24710
1970
11124
8524
21919
2949
29664
21657
32068
6701
22628
4573
12353
16150
13638
2203
21281
13168
27276
13835
22084
11755
31925
21256
31793
24511
11686
22825
23084
17136
8679
25389
18188
7632
26127
27804
11335
24517
26749
13483
27983
15180
15177
18528
22817
8510
12922
30712
23066
339
12922
15238
22541
29668
17095
19164
148
12533
14570
27822
27043
30834
4013
16629
16995
20409
16009
2706
1597
14425
9566
15412
26164
17433
24679
19579
23673
10813
6252
5470
7737
16900
9017
17098
24506
1653
2128
5259
7846
1883
15835
30576
26279
27535
12772
14762
17459
26741
29640
24182
22954
21193
4585
21756
19102
11420
32676
5750
29041
21657
6019
28564
4902
14989
3507
31007
1393
15655
26296
990
31504
5372
18015
31670
27230
28877
10996
1556
16934
9997
26806
24464
24757
8350
31112
15562
307
24796
29929
12952
4915
20188
17446
26980
12424
9205
26318
8143
9562
9088
23399
16538
15994
32733
95
4039
20979
4279
326
13051
13794
16008
9274
6439
6535
18271
2978
1383
29851
16609
16415
16683
228
31629
5823
14740
29192
11077
18292
3105
24479
30986
18373
18058
5515
25096
15812
24044
16012
2002
8000
8487
7439
21998
20795
10884
17991
8340
23454
5276
4991
8371
1324
30325
15791
28981
27573
27373
22349
29060
27788
10076
6245
12621
28987
25973
12524
18820
29812
9325
5458
18088
21323
1376
31062
2120
16035
18160
27934
14790
24806
9263
20615
18523
3066
6847
4282
31323
880
23607
25600
3002
14078
28361
30679
29648
303
16674
17733
14425
15961
13714
32620
29120
20432
26733
20575
25757
24409
13745
22580
21628
30433
16872
8794
29664
16495
2640
1325
5511
600
16442
8136
752
11186
29616
27162
7195
1290
20826
2877
9360
22874
30627
27138
24994
11061
10007
11217
28149
19013
21007
5552
26174
23799
20369
929
21322
12917
13682
27185
30018
28885
7613
5710
21549
29583
23385
8025
14774
28213
25061
16252
30767
10078
25831
1598
8919
24548
29222
6484
7000
14927
2900
30650
6292
13968
752
29443
2721
5619
8299
21230
18
15183
20362
22329
28793
23423
24331
3002
4138
4630
4747
8875
4417
11855
2983
18758
30182
19523
20066
10898
22479
3679
25798
5244
18695
2836
26063
29481
12782
17104
25476
5771
20610
12846
1127
30258
15580
21610
19471
26469
5885
10775
22292
31090
16843
6164
3627
27714
20311
12988
5266
30000
609
18781
30127
17947
2334
17899
22004
2746
21817
13558
11013
20528
13591
2522
16157
2785
4703
29494
942
11907
31162
21407
30535
3192
20439
12949
8891
27739
22451
14773
29056
4825
28183
4657
26965
10946
7778
13950
1319
17503
29832
3148
14134
24327
12379
23227
22132
12525
15881
28876
31533
8508
6118
4117
3821
10342
30060
28602
5023
2744
27520
27544
26098
8499
25079
13251
32513
9367
601
4147
31026
11968
997
3258
23646
26165
30933
8505
30003
2047
227
10772
15319
17335
1291
17635
3534
7651
24723
25963
16158
19587
6985
14028
18097
16870
6412
7419
2554
22978
25229
27251
3036
23684
27479
7720
711
19685
30989
15805
6692
13246
4083
8182
25331
24093
2224
15216
14258
16792
13139
19856
6017
31457
11155
28089
15493
6811
16987
24770
29066
13420
8326
16551
27372
25684
1767
19582
9911
15933
20364
29869
6157
23507
5187
30555
8648
31893
7774
8484
9313
27692
948
1553
8977
8956
5352
18119
17461
21754
238
13822
12535
25277
20938
29237
6187
24791
9883
18340
22647
10597
20185
28275
5559
11237
10971
31017
15775
28488
30108
1895
16290
31304
23486
4310
31763
5628
975
23646
11915
7850
27596
30617
22410
22236
16355
17031
26977
28854
3709
25475
15439
16774
32124
14197
3562
21405
25793
4682
4032
19038
29170
25505
18751
19604
14714
5063
20690
26889
22737
11494
8269
10580
3581
9337
2187
18162
26713
22787
2133
13976
30357
6145
2694
32200
5630
16413
20333
1699
18175
21412
1395
26110
10984
3898
21758
18359
3823
22733
25493
30025
10357
6855
4676
10911
26250
24456
31554
11558
31922
16659
29393
22822
2793
263
3942
6482
1766
23762
32010
31902
19101
29217
8192
24144
27655
18330
19112
21594
16933
19918
2723
22503
15171
27753
20792
23604
26746
28588
31478
18337
25208
27166
31387
776
27524
24190
11061
4941
29372
17915
3463
28982
23713
18088
29870
4989
13526
11818
26117
24356
11557
1203
12357
29193
3523
19509
32241
31674
31445
16335
26353
6282
13106
10124
17788
25317
11371
5196
21052
12000
12297
6146
19373
9236
24085
20000
11463
10669
14558
18512
14044
22718
7670
13157
21187
26840
20606
18577
3382
19162
30883
24280
12921
26122
15465
12484
19772
11109
21928
10843
3267
29492
18771
21326
22084
22752
9216
10611
1425
2311
24485
32629
8438
13775
22176
13259
1125
9595
26619
21478
18384
3900
12525
32687
25815
14921
32676
8496
24483
4913
25409
19601
30482
11120
32037
23623
8212
22337
30571
7560
20565
23988
17589
8450
23580
28416
3372
972
27507
21786
27842
17565
19080
4743
26299
31036
6483
25454
12907
30775
7801
21745
17729
19160
16752
26301
15876
31573
28644
27360
5469
4935
29274
6108
14230
24157
29716
249
27553
17746
16948
26847
11100
21788
1572
8803
20755
18023
32564
29602
15942
6465
32645
12108
24493
6423
12327
30787
12922
23776
24702
25445
11998
6040
25834
27557
15310
19696
18598
27745
4103
15940
22257
5616
9296
9165
16236
4218
6911
1560
22980
16652
16574
19382
19600
25835
2703
20278
7037
30505
13582
4432
24744
5239
26870
23395
13643
20794
2279
26146
3484
13793
3175
22665
3058
21877
3110
13079
3882
12913
25478
31543
73
26069
2906
15103
9058
15478
4590
10524
28603
16024
21577
3341
13099
21950
23726
13200
1222
1217
2665
1882
19133
26144
26312
8715
22399
25751
19303
26977
25124
25075
15792
3244
24076
16420
9123
30338
30147
148
13779
1715
11560
28087
21169
10367
28367
740
5901
6407
2211
1635
24538
29186
23504
2503
6450
19633
17376
17533
32410
4373
31011
31910
12422
17759
29269
29218
17184
29096
2427
32749
10821
27618
26638
26543
9936
8207
32347
31630
6428
10417
2602
6727
23748
19329
28830
12669
4525
11875
28508
14929
30279
22682
26863
25650
14095
21560
20588
25078
22361
985
30801
3370
5964
145
18611
21415
31534
5155
8345
9062
22498
9076
26275
18582
2222
7487
3311
29163
12866
16649
3132
20280
14070
21080
6736
32320
16468
3104
8088
14794
470
26750
12303
32499
6384
4264
2912
7368
11857
2341
26703
25108
15463
28217
3925
23927
7969
21668
2186
25528
20728
8844
24777
20572
31024
29879
18958
13432
12123
25597
6946
26563
6176
16125
29307
12271
16186
3088
93
29242
21187
26491
15430
9024
9139
4585
2441
26899
4004
17176
3897
9101
14296
5330
18248
20197
10620
6687
2288
29825
23342
30393
4690
7691
9150
2752
21854
32455
3633
1711
3058
18212
12044
31631
22342
22161
24271
15210
28295
16273
32191
7683
8386
21010
9448
32196
11780
8187
26723
248
15296
12292
3797
826
26736
21194
25144
13101
17023
20003
32222
14446
9831
21166
15794
30151
18455
28591
12994
15270
27543
31002
16634
32461
4334
5102
18994
26442
5956
23748
2668
19370
6980
23720
2390
27754
5316
16423
17687
942
30632
1193
31303
32053
23555
4098
11583
27277
29056
26179
22676
1923
16897
29142
25822
25310
1925
4554
19902
32589
6479
25195
6175
157
13381
29718
32187
14639
8854
25675
29153
11178
1695
3332
25462
21741
19728
15941
24635
21064
2634
13813
32077
14315
18188
18924
10482
11166
79
30797
18834
6067
24174
21014
19972
2617
26506
29685
4876
5235
12589
350
16929
16009
21805
21978
3443
25468
11732
24738
27948
2399
7485
24172
16886
2501
25601
25989
190
7798
19220
30752
19384
9830
9449
4334
7332
14055
27101
24046
25679
19741
29650
7559
17244
13234
7450
20948
16452
28876
18072
15935
7836
20540
2337
25425
15255
24057
5672
27848
5067
25804
2971
17898
22072
17740
16136
18458
10374
14605
17412
14249
142
22037
12749
750
14108
26255
27694
30617
14323
26820
29603
25156
29458
19270
190
19531
29494
14702
28361
19422
15776
3081
14765
6740
24344
12879
4883
25794
18994
10005
21192
2765
27344
17987
18022
16316
4840
5767
9265
16850
9352
23371
9535
7130
7447
741
2780
9475
26077
17678
4908
13038
3526
1430
8466
12806
20578
20310
6993
6160
3633
31589
18161
25858
6686
22671
8421
9753
73
26370
31466
12070
10761
31819
24498
32297
818
25473
578
32032
1171
19904
15513
5665
18371
9945
24978
19879
2078
8776
26123
22314
13578
5223
9543
22514
31103
27617
17553
19500
23750
24424
31266
16958
24704
9131
15173
24664
16363
15746
5561
26699
13409
17516
14423
11679
25377
10556
28404
12767
22610
21775
5513
23352
13125
13441
18066
31043
26619
801
18611
3102
14823
27426
32673
449
21492
19795
25664
23951
8650
17745
18441
32300
20045
15866
26543
30095
2919
10790
4354
10072
1800
13714
24595
8547
12651
541
22425
25245
14490
17719
22675
1046
23860
22934
15663
30808
1134
6442
6891
21752
11096
4948
28666
23146
8034
29523
16361
11801
8222
11007
25474
31415
20039
13753
4081
27346
3075
1954
22821
12713
12901
32011
13177
5693
16438
24109
14484
13483
26101
19226
13197
27064
4892
9204
14419
7342
26789
16733
19021
23399
13517
4398
22077
31911
23576
27500
874
15535
21397
13176
8190
2062
4195
6533
11437
26811
4212
4175
19351
18785
24721
19211
5744
762
17310
22425
8158
26783
24352
10497
9250
17822
4348
9757
11515
462
21121
4243
11463
24607
19625
22535
21740
2933
412
11662
11126
26039
12150
27493
9218
19746
20554
9443
16346
19428
23399
29356
31073
26086
11226
20264
32434
30953
12340
5939
32644
25300
18317
790
4689
25164
28616
11190
29879
25990
10521
28684
11038
15193
12997
20181
17307
23192
1321
2187
16404
13214
11518
7571
27557
16426
27611
31928
8003
17774
16891
30168
14751
31842
17729
17629
20045
5214
27001
18671
20518
17384
7649
15337
15083
23499
25576
32265
43
4201
17205
18923
15206
27985
16107
25784
29042
10004
12332
7835
24350
16213
10716
14196
6934
12064
18855
31697
3846
2941
6725
11802
3074
22596
27388
4107
32294
32050
16487
8295
889
4413
17015
24811
27159
28709
19383
14465
22928
20044
32212
17847
11147
16071
32604
13679
14255
24501
18118
29144
5827
8399
5811
15773
8467
22593
3955
3932
11286
6585
31179
16729
19279
957
12021
26996
6257
30529
16873
27992
18118
28025
19931
9974
1489
24556
3589
11570
30515
30410
8870
5339
15307
29055
10059
15841
23585
32136
32333
194
4101
28549
30107
20550
10611
4752
10425
9068
9914
462
17417
15268
12253
16451
3402
6974
826
747
21854
16419
5481
24838
14160
30403
26727
24243
18581
22862
24052
1472
7826
20263
2361
193
19807
8342
17326
27743
17355
29373
2363
21235
10400
16333
24478
1620
7464
8057
19724
19436
2287
29611
8731
3858
21195
19830
6879
3476
11034
7757
6995
12946
19275
2418
2811
5011
20128
27056
5064
17362
2097
24397
18492
29145
31285
31291
29902
849
21117
21646
8336
8985
4161
12595
271
30101
14111
29406
25979
26441
13153
32580
23816
18854
21375
25227
7315
12835
31460
18174
26505
20368
29173
5382
5
10663
30544
20309
25144
32485
30289
32613
20238
13464
1755
17953
27150
3384
6741
25826
28291
6394
31218
21148
16345
5283
31286
12634
22857
10906
1974
14311
24761
19010
28959
25550
24797
2438
4729
1925
28323
17590
17837
2278
15822
28817
15429
25566
26848
21155
9844
17769
28734
5073
19286
21182
13455
24882
30328
28870
28773
3872
24219
8147
29983
29327
27061
16271
12046
25758
29241
20275
13526
9324
29080
32249
26135
2861
13320
8147
23885
18045
31108
23133
14581
3315
10260
7696
32754
250
29518
16313
9518
13788
7453
17962
28292
2848
13249
16432
17118
21014
28951
14021
9114
29104
7963
3974
21811
31891
9643
29543
31517
28014
9614
3493
10992
32139
17588
14076
15049
18852
4031
24859
20205
14583
5315
22101
27312
23196
6986
8601
2198
11543
7580
12964
32183
1066
26429
4725
11368
237
31926
15361
18967
20512
12440
27945
15479
8895
2495
1001
20958
5335
24276
15314
22763
30361
19221
24506
23403
11180
24665
17330
125
5320
14926
6968
23029
14209
22278
32686
8447
6240
22706
15115
9733
31544
5293
10961
30674
32183
5052
20287
1527
16444
26516
23239
17005
4328
31132
21954
1661
19704
14069
10851
16093
27730
15800
11497
8988
27485
28542
29721
31807
1814
3366
5612
16045
32609
16338
7301
31560
21404
13107
18277
27613
11642
9479
27874
7870
28175
3551
4053
1453
4391
18214
32148
27644
23260
21087
2080
6131
872
9646
12447
7026
21815
8602
22028
6103
28993
5137
15405
31010
11670
27820
32453
27736
16954
1589
17676
5413
14388
10599
18780
18116
20194
11508
2349
17444
19343
22221
12611
19267
26439
25245
6694
28638
20202
20886
26835
2381
27008
26481
10161
14249
22732
30896
27590
17455
26660
28199
23083
24809
23936
8634
8637
2955
24784
30824
15638
6043
28051
23945
4284
9172
677
851
14743
32461
1112
3235
8105
16086
1223
1019
8441
4386
26215
17350
26832
1068
3295
13284
18216
20819
4122
98
7266
27079
9626
11657
11575
19113
13327
11547
29425
23662
17704
22745
15323
24965
18857
30280
12278
14393
25534
10165
3565
29656
11150
28279
13387
4373
8724
8820
19180
18859
17962
743
8369
19267
32743
17504
4472
21912
22059
16396
2124
985
8824
10294
29144
17743
14084
26126
13090
18751
11020
1193
30838
25106
16746
19786
28831
9139
7530
30944
18526
16697
14810
6863
31252
28102
22112
10483
17858
17582
20241
17634
25907
31964
4670
10866
20600
27506
10385
26492
9877
6576
857
16607
3706
29207
1315
26823
9269
18638
30858
27183
18021
17220
26960
28068
22514
25367
5037
15180
18939
14389
24038
7720
528
32321
4130
3222
28834
10552
15994
14874
27575
9556
6479
30301
8674
20016
6112
32118
14707
24878
12571
7529
28651
28438
5812
21741
19891
4351
9845
20339
16909
25715
1493
25187
15178
4814
7115
28585
3902
26599
23780
20848
18417
15346
7572
13101
10391
13477
24265
31712
32450
8602
18630
11671
5079
30709
18479
24115
21182
12614
352
11630
30174
4529
3587
23581
20809
6476
14562
26803
3379
9416
11257
21767
25769
340
17616
31063
15488
30654
776
2188
9867
4827
17715
10687
9489
9514
18409
19197
17021
20916
6936
4423
20824
7222
411
2525
26741
17538
28430
189
28523
28963
6113
8294
20296
27968
18348
16097
7044
32195
29122
31746
18228
4537
12297
5356
14976
20988
9225
4307
23639
21520
28226
11014
25698
29772
12227
7724
2358
6970
18936
13517
24269
29248
20676
17173
31031
19327
25295
28117
10125
16635
23586
25291
23335
20220
5873
26147
3854
28085
11959
22845
17332
28196
31113
7857
25315
7737
11171
32657
8180
30778
22856
30190
10305
24934
19145
157
14301
15321
22243
25658
26242
20399
14157
32110
16586
20332
2962
2158
418
31644
32285
452
32764
10678
16274
1106
9413
12870
19557
18580
32023
2635
12453
10533
15535
3038
15896
20613
17569
12821
26765
29721
586
19495
15470
16499
14983
27601
9109
23252
5412
4856
27744
7151
31896
25743
18184
26608
9711
23739
11566
18365
21767
21557
26551
10108
12543
21233
9946
24149
15597
30205
24695
25465
18639
27819
26795
21603
28357
20722
30881
12382
28797
24338
6059
27975
2286
20599
6801
18836
1609
24032
11561
32661
16428
11456
6695
15866
15897
11236
17719
2454
8744
9047
2889
27746
11256
31619
32044
5573
26603
32664
10335
20498
24211
7986
25124
28499
22631
29494
18645
7493
2491
2556
28539
9891
15087
16052
26525
11687
16614
8194
7510
26063
22969
10732
14762
15581
16813
22262
32538
5409
5219
19595
21622
29946
20047
9887
29171
20379
619
9875
25726
19211
6189
18777
23375
10095
9654
2264
29632
11148
14924
19602
30560
14984
11530
19844
16451
30448
17366
29005
14237
5888
18068
24723
8847
19998
21145
23715
12609
28583
611
6231
1073
12014
15751
6205
7115
8322
17642
24053
26169
24752
20276
25307
24444
841
18818
9703
30652
12454
4188
20689
13276
5096
13542
14456
15442
32388
8794
15492
20022
25856
14261
19018
17048
6391
10673
1777
8215
25699
16628
25811
27311
27164
18567
10278
9683
28571
16521
7900
15548
29700
10533
4039
17664
14436
31169
9473
20326
7478
6264
21899
15097
31021
26059
4660
15963
19757
12435
14781
7004
31130
9786
6202
12491
22742
4907
30139
24205
25349
1927
30764
28651
16148
13338
23674
48
25849
5005
19192
3444
13628
13277
19200
11699
10678
13324
6621
6690
921
18966
26856
1218
6832
25894
18162
27701
12776
16394
14562
25041
29968
30692
17823
30195
989
31523
31025
16021
11825
25778
8995
11299
17820
5999
21547
8331
10276
11743
24333
31892
26689
4640
24764
6000
13868
21023
5058
21652
28249
1035
29411
19399
28994
20233
28413
14201
10343
27689
15411
7511
23699
13208
31306
25884
16736
2584
15443
20906
23037
17070
13195
4185
6959
18586
383
21135
28310
9612
30068
9617
31538
14357
14597
31896
22310
11868
12302
8488
1723
6418
4041
32157
27815
10920
28983
30215
3984
30399
25282
17207
22732
17888
15648
1050
12395
20845
16250
31046
6775
31703
14030
7891
14714
22802
13458
6252
23105
6982
6298
9125
27872
14280
29243
1167
3830
22600
31921
8331
2866
27724
15038
15195
29206
28381
30100
2687
12283
13439
8949
4798
17494
21863
30361
1027
32313
2025
8912
1898
25117
32560
3176
13211
7390
8753
30161
6999
10247
12001
25983
10832
848
7590
19344
17470
10085
22796
10927
23087
5609
7610
18488
27166
10939
5796
10140
7368
4728
2434
21768
30139
2625
10112
17217
18864
19646
22071
16595
28442
20578
1244
18538
23807
15089
25015
12416
11271
11840
983
32312
11731
21053
23813
24458
3727
16430
2038
4257
13515
13118
18117
12417
21382
8757
17824
18669
25228
9863
30145
3464
28931
21648
5279
5690
1600
26910
13158
6357
1247
28720
21157
26105
17426
18685
26183
11573
21305
11064
21957
19566
7091
4499
19610
11909
21748
11650
28406
32052
32472
18497
18102
10809
22071
13592
31892
5047
30650
14558
12699
18393
9453
2748
3295
11192
24469
21043
20842
2431
20291
18016
4217
18893
9513
21119
19433
23642
29229
25519
7404
5086
9020
17396
13056
31022
6113
9858
16162
22952
1814
18745
7998
5330
9818
20332
24043
27966
18179
14822
23125
24753
24022
8239
11386
19331
10453
3851
6554
23369
26456
12356
11496
5298
22623
8105
18566
28847
29479
4439
17072
21719
3579
11575
25400
27401
26445
17352
21810
7251
17669
16415
24816
13074
7705
31532
561
26715
606
21566
11925
24730
13470
13001
24660
23417
10986
21864
14640
6916
26929
4638
20904
17930
27154
27617
2159
18886
2543
8537
26140
32446
10307
6373
26915
5356
29493
19935
19972
2844
4461
8993
10178
13717
7718
16071
23703
6139
11140
21303
23270
5748
16168
31071
6769
16906
32003
62
15820
17489
29799
21926
26642
11849
17252
27712
6870
11909
1105
17104
12380
29325
14761
28858
17929
14210
11289
23494
11033
19968
28374
31520
10128
5448
32308
19363
12147
12703
11381
22870
22071
497
20702
567
5754
6330
27921
22072
16881
15399
15510
14472
11682
12664
25275
9747
28243
22440
10910
17740
14658
21840
3464
9002
15638
24009
29564
16752
1814
20880
25104
23090
18585
15855
3452
31893
4285
32730
32753
26326
20060
3608
19244
16782
11836
11939
30794
8244
10630
6992
10718
27363
22650
22962
9281
5469
23904
19004
12329
18257
31682
12967
2941
23001
12248
18323
23656
20039
23108
31089
23213
8737
21504
2208
9018
9322
32404
9430
27135
12323
9356
7106
32256
28690
15913
23280
21417
4034
28247
18668
2402
32203
19423
14762
6756
9043
19166
549
13259
13525
23158
28487
24556
34
2755
9225
31720
23461
20240
8923
11138
6890
12363
1606
16173
11362
951
11472
16489
17504
31201
23584
6224
14696
6613
8034
1132
30121
31889
25837
19916
8648
23738
7971
30295
27871
20110
27801
20576
5574
13338
2937
13434
6545
16813
7204
18829
11097
9868
30491
4905
22848
11751
6687
14875
687
27660
28823
17214
994
19419
31539
10388
15015
4218
6863
2197
18530
8010
666
24519
13653
9753
5495
143
22814
29081
12963
15687
11393
2064
13720
30864
26728
23634
11570
4074
5672
11501
3601
21634
29958
25507
25662
1610
22778
2333
18449
1359
26291
8413
6738
11592
20698
373
19358
3946
31387
31990
13068
32388
9058
28076
14353
8519
32738
31496
21409
32485
25692
10974
11415
14815
25630
4817
21335
27927
2634
15883
24754
24365
4056
6961
31754
8
13022
1685
3254
25779
4879
17582
6823
13675
14210
198
8780
16886
8630
9203
24500
12342
4562
6216
21747
30973
24625
19532
4038
10019
4125
2731
29306
3286
32731
31276
1033
25394
23017
23011
2951
2065
11139
19880
31420
20005
17515
20168
27667
4932
17386
5370
14259
4354
30482
2964
25579
7045
27719
9982
29907
17045
24574
11879
24368
2291
26307
19896
8857
9708
30849
966
20184
1325
16638
16588
30867
30937
22949
18712
24876
20953
20616
12292
21989
21108
8357
32552
2632
12063
32616
24014
29126
4502
9074
19622
23710
21035
26777
18876
23552
23390
30000
28838
12658
27567
17544
27394
19828
10672
15030
17696
8543
15966
9623
31483
18579
27057
20242
20846
19665
17778
1181
20388
2534
10829
14339
27857
29834
27431
7524
17951
18567
23218
27261
28908
25118
20286
6953
15666
18086
6354
24360
31814
8310
7547
5408
8134
12805
4068
30433
17612
1104
29735
23277
32616
21628
26339
12088
31310
1213
23183
4396
16075
5238
16141
9968
14590
25506
18306
7658
19524
17778
16998
29315
3060
9783
14295
25898
27725
18563
16947
16539
32684
23947
21733
21857
5122
31952
25983
20121
17542
16127
11018
17402
21415
21
26521
11538
24901
3270
28709
6610
20768
16160
26260
21581
30097
20076
23067
20413
21112
22101
16838
2247
3189
22860
1365
15104
22619
16938
2122
4015
32481
10519
27456
10709
18587
24491
30590
13162
26153
2132
26828
20458
10415
15608
2438
6160
7813
2267
21742
737
26671
14786
5062
24557
22927
19545
10015
18130
15193
30674
30060
8193
16584
7375
11738
10949
1423
7042
21988
9345
10259
21778
21793
30009
21463
23617
29537
1363
20535
6477
31993
8351
26458
25875
347
2710
14690
24442
24554
10207
20453
1295
5900
24856
1441
18413
2432
8914
5739
12256
11762
7901
27497
17866
23756
12999
30593
20037
12368
6047
14353
6025
10980
16126
11745
24209
6060
329
25174
3961
22878
304
19688
25899
6994
26746
11477
11322
6361
25093
11031
11534
28368
29960
22676
322
11125
9628
23702
22602
4217
32379
26490
28505
15190
26631
15788
16513
10210
28814
28371
11549
16676
27084
3400
10092
29799
32689
31181
8062
31374
11365
6012
14164
19367
11658
31741
579
28867
24257
28668
21401
10244
7535
21466
24707
3831
6593
15523
14638
18212
14573
23873
23853
18660
27835
4079
28443
22643
9285
5104
19329
20806
14842
21376
1785
15263
745
17931
6036
24670
25405
17053
11642
20250
3075
22170
32464
2672
17972
29871
2783
20123
28399
4104
6258
9797
2310
30659
29567
16797
1980
1701
11786
17322
14029
31500
26695
31199
25519
2853
25599
12783
11288
2399
26420
8675
5568
11552
12808
5737
21352
21430
3035
23407
23323
19856
11188
4848
12724
2990
32738
28174
4000
16726
6371
31842
17125
19977
15236
1424
29283
949
24138
8478
9818
7468
5649
134
14893
30933
13811
8073
7014
27553
9835
20167
31225
16449
14266
19597
19917
13975
29578
24558
21880
5994
12754
10773
29259
12381
29945
8665
1422
19490
20798
28050
13068
31467
25431
3883
11475
16161
6744
5753
27701
29273
22743
19915
31762
30340
12622
5315
14426
1893
16832
23908
9933
16457
29344
32619
19717
10738
7406
21987
10167
25812
23459
23284
10038
17284
3151
13820
21816
26989
17153
28641
2013
16837
13671
16805
17901
25279
24886
12602
16481
12546
29132
28824
1318
22363
10517
13070
20253
26286
20395
27861
5990
12851
28737
12523
19422
15326
25153
8478
20198
17695
26548
9319
9319
22476
25187
22394
28691
23388
25659
27547
10477
2645
7926
26547
9739
23559
30456
32675
26778
13947
15735
30168
18212
31911
21983
15136
24078
19683
19061
16572
26981
929
5178
12470
27610
22104
6674
117
18186
6849
11045
4494
10499
3654
30854
21725
29444
12728
21011
9173
32133
3392
10908
17428
23927
28824
10055
18746
3789
890
15922
18684
10299
14937
10331
5492
31806
848
10941
29115
19292
16216
31420
29882
27565
23485
16835
3645
2458
8147
1068
25161
26085
741
28512
28336
13546
7790
21311
12002
804
4235
19138
12806
17138
25265
22494
22346
26523
18587
30380
9335
12688
19335
27592
27336
4082
13730
20983
11772
15188
20929
11020
426
28098
21329
30732
20693
23554
31377
7312
17344
21529
18687
4459
14339
9490
23055
10893
32479
13306
13347
29735
21967
25135
9656
27408
19807
10459
733
5224
4673
3515
22250
14459
19614
21797
24174
17639
2474
5449
23913
6658
25467
3767
9660
18294
23323
28193
25053
31790
6364
23394
30671
11638
1771
31168
6226
14685
31272
15726
20055
2142
23861
14933
8886
29248
4557
20501
10275
27195
31832
22342
863
13916
28092
13315
17323
13867
24437
29097
8066
31882
13800
19420
27015
16608
31988
18635
20925
27511
21195
18613
18166
16675
29952
11949
3214
29221
9185
1690
22616
4174
20486
19585
3289
12392
17962
14599
25524
15057
19770
14129
7270
12137
27308
26479
819
24750
16658
21465
25696
27174
15599
14776
16291
26110
969
3144
20440
9712
22911
5308
15093
29546
28637
21379
32320
6892
21614
1738
27328
18097
28817
31298
17905
27795
20431
1059
25276
21289
8300
21361
18085
29234
8764
29566
12103
12854
30648
10416
3069
20330
3409
2692
16355
25557
2821
32467
16381
23729
1071
31316
25013
24340
22947
10851
28043
24527
506
27648
18952
29334
11307
13339
21235
5218
28764
19727
12488
29972
759
3436
17510
1115
7679
27641
31496
17879
5285
5369
7798
12415
17686
25774
30077
7488
23704
27420
18588
2278
8661
23823
7936
11584
14710
5727
18355
13695
6388
4467
784
4576
7083
30724
24698
11915
28209
12579
9293
4538
17381
4222
18965
9501
2763
2783
30462
11902
4503
5109
28812
15265
21511
2391
27532
1390
24950
20166
18251
3665
4527
32690
2309
32738
31743
23040
11168
3009
25742
17931
6042
21444
5102
8169
22337
7509
19701
9711
23330
21525
21704
12407
25283
8134
16697
5856
23957
4455
339
26071
22564
11168
21554
19157
18833
19041
8729
22761
21826
11719
27582
2744
21720
11327
17384
9666
15969
20461
1852
25319
15055
25423
18004
41
170
12573
5650
8115
18177
31604
14900
6171
25766
28212
24104
6628
28571
4263
20513
20039
28871
31331
29290
21298
32749
20337
22267
14482
23519
18350
14666
25294
21231
17778
19043
30355
4007
16240
827
12759
7610
477
28993
22040
15161
2773
12599
2021
18954
1530
3136
18336
30103
11102
27450
26498
24771
1443
5197
8927
28706
25440
26308
15020
1129
30663
2332
15166
14627
28293
15707
20308
31654
30442
20388
17496
3654
2634
21255
9186
19400
29091
8349
1662
16154
20095
19669
943
25409
11036
1801
25396
8082
21963
5973
29577
21541
2966
28328
10673
2695
13861
32027
28211
7855
16611
17026
15203
29747
18780
19777
28898
3004
12009
7010
104
3256
17808
4580
22465
5966
12326
32341
11286
29335
9654
22179
2670
27403
9767
11055
20852
30009
25112
32547
30843
26812
23055
31494
18367
26474
30931
11661
26094
17614
11542
20148
24295
473
18007
14606
1985
12500
6407
3417
25615
21913
11755
13398
28770
5635
193
13016
30224
20131
4646
1050
19508
24500
20663
28245
10742
18001
7543
1426
28173
21990
28529
20669
32642
9701
23198
17660
11190
1978
32264
2879
9638
6400
7472
17431
2670
17909
26797
15819
3852
20523
14871
20649
15207
11649
18211
21914
22160
21330
4111
27385
26695
16876
3393
31653
29633
25668
24619
15445
20392
6120
2929
4908
16228
28980
30286
7566
12697
4041
16180
18481
18416
5947
8626
11639
3099
8202
29595
11771
30227
13524
32101
30569
10148
12232
12751
28052
300
3166
2246
10690
29600
325
394
1098
13263
30365
4109
23650
13035
11367
31132
4658
69
9530
25792
26413
30808
10551
8295
14496
25865
30015
26175
18571
29485
27235
7267
2225
8524
20891
23097
7147
2980
1979
13466
449
14705
9636
5428
8251
20332
30903
8493
8181
19346
24464
29449
20082
11814
24304
11214
31410
13305
762
8038
7
1513
24739
8260
29476
424
19300
11851
9591
32703
4913
3307
29369
15058
24239
1165
3267
15397
30114
21297
14755
29023
4004
4181
14319
20366
31517
2073
15705
10092
12399
20898
17284
3809
9585
9404
5910
968
29983
12995
23823
11254
12176
1731
601
22136
26152
12510
18847
8733
18446
16622
27491
27957
25312
21612
31819
29335
23462
15249
3516
14313
13317
31162
15530
12571
28598
9489
8879
15669
11830
26986
23898
24659
3262
12907
8137
24301
25717
16624
634
7772
14565
12205
1374
28314
27307
11030
30767
8522
627
24699
15620
4600
10276
26744
6435
929
6744
12428
2070
30582
14863
10248
17665
24797
32420
13355
32306
23225
26112
12171
26362
16875
13581
30902
7099
22809
7277
21530
3139
22957
5485
9506
24664
5665
2868
17058
2708
4475
9281
27253
32116
12307
16404
6245
13995
26012
32042
17482
5308
1122
23343
19318
10951
4561
19824
2385
1699
17463
20879
25409
7470
3531
24186
19405
20705
22765
16285
257
18088
22959
12375
2580
31984
6293
19371
14408
22785
6809
9273
12050
7822
19058
6252
14203
1418
1814
14068
25286
25150
31614
18295
16467
5017
9129
19331
10947
11207
8931
3016
28765
1797
20295
1412
23216
17587
5763
19518
22906
22186
8155
13239
21705
6865
20337
22046
27232
13035
3779
19075
6748
3763
32373
8078
10008
23595
30033
28273
11341
21041
28812
6683
12670
2387
22858
3758
15251
22244
17253
5428
8644
24143
2410
3982
10680
19628
27109
12460
12014
29329
2527
1284
22877
12331
164
24380
10071
26509
20682
32042
20147
26951
29294
30975
14635
3899
21185
23231
8195
31148
27844
24053
2796
8856
24399
16292
13863
15176
9304
10368
9197
2085
19826
1886
23823
11981
27028
28650
9434
10854
30748
20888
9277
23091
3347
6877
20526
24164
2739
7326
3913
14131
5158
16873
25274
23084
7569
28643
5726
12748
15697
8705
15397
15182
8837
5755
30395
14018
21708
7934
22375
7519
8528
27042
21299
21018
22787
22043
4941
16504
17448
11059
9389
23968
28438
16504
19192
16308
13368
28721
31396
16225
10073
26007
15966
22453
17950
6978
2984
14385
4564
7650
19143
15648
30316
26415
5596
16935
8900
25891
29521
796
13865
358
3958
32539
26393
15626
14700
4567
1869
13432
10051
14127
2295
8106
17759
11522
26952
8859
5408
26435
9269
508
24258
2640
5499
4137
14977
24447
27360
26203
13569
30714
3004
15903
4846
29134
6585
32519
30687
4926
28375
21663
29825
12381
15539
24738
16369
3804
12552
23918
8297
15392
17270
17590
