30381
7923
7732
20135
12120
281
4748
25469
21629
15088
27759
13786
23188
22885
1575
29619
16716
181
18696
7895
2501
22997
30024
1400
23808
28433
7185
9191
30356
15347
32725
21407
10146
29798
20194
27525
1546
18203
27702
13678
7135
7980
14996
23778
11033
10496
7639
15136
22922
7790
9863
9313
22804
7717
7082
6753
24600
4683
22236
2076
1585
27236
9890
27349
22819
11382
11004
3165
15886
8554
24633
12946
29416
8374
19471
26662
17449
16185
235
17058
19144
25958
27526
18858
18023
4261
7865
25474
26571
17398
4498
27345
8078
27608
935
20901
17688
14697
31658
30136
10699
14542
5182
2546
27774
9941
2825
14638
8493
18905
17931
26177
8430
20967
17198
11576
5671
1054
9758
2530
6399
13660
22618
18319
28690
22551
28556
7702
18793
8584
19990
8221
32681
2575
12781
24212
16266
11475
9642
25987
8587
19113
2014
30214
3045
29751
7334
8597
28861
8025
23936
10889
15517
11203
31581
19932
2341
6888
18168
23089
26622
32539
29541
14356
23056
26100
26349
18306
18165
16886
3609
13996
2221
5998
25869
13816
24467
28830
11031
11593
25231
23835
29832
22144
16270
116
3779
24899
24623
29716
27283
1021
18111
106
194
7717
14184
28999
25831
20420
421
2439
31359
10801
32249
23027
63
24095
5089
32614
26025
2778
23559
3119
7902
4814
12984
8375
27315
6473
20120
30564
16134
3458
12181
26556
20307
26329
31257
9422
24962
30304
4740
15053
25859
29083
3289
4095
29
6788
17591
27861
1923
10450
12684
20316
5161
22651
19205
3540
11093
16760
4553
3229
11513
23752
4198
2907
31808
23223
26763
19794
5735
11872
16505
8466
3022
29297
9396
2905
3919
2862
12798
6453
4046
10681
7045
7529
4113
5264
24924
23826
12498
22871
19240
28554
8467
19416
31516
21901
26802
30280
11559
2970
16701
24267
30315
7068
28935
17979
6386
29130
23676
17445
16284
30924
16817
25621
13916
16671
21056
10260
29348
14266
8018
5230
30
12274
3069
10425
9629
17563
14801
27154
22099
21616
9133
25258
17220
7605
23255
14978
8442
15642
6732
19826
30075
5091
9301
25200
632
22854
7771
26639
8135
23316
24316
23110
6676
12700
25183
13683
27091
27341
22724
6815
22136
28826
863
2308
23019
11939
21350
20684
22582
15121
32617
8988
32641
1729
738
25425
25665
22694
15373
7562
11692
6248
7161
18022
26224
11345
7391
10255
17828
28266
29364
8311
1023
31969
10746
5345
4424
27054
10459
16036
15885
3446
18040
13611
11672
432
27775
22849
9247
1542
30459
1419
1339
21758
18033
10326
5787
11225
14376
10900
23290
2492
30920
18464
6478
27149
25895
15690
25667
32288
27999
28047
13799
10771
11812
26536
29607
18678
13396
27335
28282
31791
7888
20765
13148
2589
4747
927
16382
4092
13536
23306
28604
2825
8233
4644
13519
31974
1677
11589
29124
12095
30489
31511
1836
23214
30994
4762
27030
13532
29066
29291
21434
10730
1842
9541
26871
17679
30831
4040
23552
3202
6064
19321
28114
21658
25086
13067
22761
20019
25557
989
31923
21589
24626
14531
23877
15632
28141
521
19277
12714
32585
32437
18503
20989
1994
6925
31476
10010
13382
14425
18440
10546
26943
490
25379
23735
31600
4955
27651
19134
22182
21527
27640
22696
1745
11291
18328
17153
22363
30206
30899
16296
31928
21038
9354
2864
31807
16252
25147
25991
17976
7387
17792
16853
13878
30820
409
11687
28071
20382
14471
13133
15529
9469
19067
15232
3359
3752
14734
12873
1028
8831
30130
29470
19712
25437
9449
16461
17465
5018
15285
18846
29292
4309
31183
1587
3900
7408
7963
26036
32202
14427
27868
7337
30597
29078
18213
4135
22852
19953
2704
9391
18066
12183
27185
29779
5960
23754
27085
12314
17250
3184
18504
12454
16651
7119
28253
31252
2298
20885
13714
14116
13569
21019
7018
28570
27875
10474
13532
32228
5479
2943
30212
2044
30122
14667
8729
32656
18105
7422
30623
28001
24927
4869
27869
3049
32316
31057
4242
30016
15383
27739
25316
26688
24694
21861
15001
26856
1643
11778
2697
16382
12208
7384
6995
7672
27638
20389
3408
25885
2683
13952
14021
24296
2523
1122
12893
24749
14888
6372
12758
9086
17724
14154
26874
21328
4430
11969
9425
6490
12740
22501
25365
9662
23112
2950
32230
31851
2078
30380
16319
2370
21941
28632
29609
16248
11388
12685
17838
18491
18678
7695
1937
1176
17681
28779
11708
26268
7348
32439
6266
26041
24727
29083
32102
4716
2903
5393
1316
3357
11466
9832
29006
25671
24464
17295
24241
7640
15594
24464
30650
28635
17103
24667
11051
27732
24637
18885
15122
9323
7118
6608
14332
1741
2187
14893
15462
32080
32004
11007
31860
3542
16545
19170
32230
627
9011
24620
3143
23762
13006
18291
15719
6356
987
27471
6668
635
16233
26976
16101
8967
27588
2195
2495
2398
9033
25762
9979
29105
11640
29402
4928
4189
11851
17441
25965
1039
24518
10295
29906
13100
2512
5692
12191
6256
11329
32371
13724
17109
3900
26949
2843
3254
11711
1929
30764
20020
11896
6146
26639
3801
24283
17961
23791
31355
25713
26157
19405
7523
6259
12857
29882
11183
16791
27893
2889
22517
8234
3407
17220
32041
95
22395
5534
8129
18151
1848
20905
2582
11201
28502
20105
2062
5972
12917
20713
1528
21947
30991
30956
5815
5216
18617
19558
9507
24012
24741
12621
21676
1981
16236
27754
21825
18297
13834
30804
11888
24675
11306
18591
17870
8396
31141
19793
9369
8459
31045
19093
16540
30928
14542
22708
19539
24245
27199
8256
21072
26134
31317
9875
8157
20259
28753
15992
17123
7475
31483
28967
7946
26460
20199
29559
24098
5952
14839
31567
16322
2601
4129
2397
3118
18521
21874
31499
11902
18075
18771
30895
14845
26142
14092
5122
24272
9859
12166
10964
4568
15925
4181
25086
27609
3321
31733
19607
987
7366
10068
4971
18640
9430
8337
12456
7800
17149
29444
5083
16770
24378
19582
16923
14068
28044
2002
18052
19148
518
16532
1768
25063
27430
21536
20672
8995
18019
29662
12905
15297
17157
11461
29837
17165
1849
2078
18399
320
27493
10635
31499
7589
32697
3655
19692
30715
4103
20911
12032
12571
6612
6914
3098
9946
26799
6245
26455
26417
19649
11050
26451
24219
8102
10577
8605
17855
2939
22607
14952
4687
18488
1295
11395
28464
17216
23863
19851
32731
25911
28076
25183
29443
27156
27224
22484
10360
32631
9003
29610
28235
7484
19039
4543
6451
19536
28673
16771
31791
20419
22189
22444
877
25631
1433
18475
30315
2297
15316
23646
9564
2245
10448
6535
1485
13039
3615
27517
648
31783
11898
26529
696
30972
11783
15380
27727
26284
18396
7975
9637
13882
31935
21267
23137
19906
7983
4587
1949
29706
24745
30158
4933
6745
17444
12641
29376
30860
6622
11388
9427
12134
26714
22820
706
25896
26281
21690
11448
4193
27626
10609
5480
25864
30733
17414
28917
6088
14812
29099
2831
27547
13883
31300
18528
15770
29870
10965
22310
788
21789
25659
21281
28125
29396
539
24751
10984
14542
11801
822
28440
2867
29514
12994
18004
10783
9707
29935
22746
12709
29523
32010
6869
23316
11814
6003
6705
25464
10956
25669
24238
15204
16417
9529
4147
25583
16494
8904
22374
7421
32409
27792
11385
18624
13208
30969
2118
10366
22571
26648
11167
22164
18123
28116
28895
8635
14813
10055
23493
11658
31276
24423
23427
31804
20886
1765
29457
17844
5638
25429
15303
16318
24738
14736
30251
15256
17733
30550
7432
15537
7727
8248
11968
27824
16379
437
8418
4280
10706
29348
12799
25578
1503
8658
3514
31532
3586
14315
30495
5673
10441
20638
27958
409
21148
3836
32215
28355
10039
20769
15039
25664
8030
18199
1252
11265
22219
28919
8710
25236
28268
18513
20615
2978
24267
6350
19836
20413
20174
19476
260
18264
17056
11498
17625
30487
14063
26013
31012
24906
31832
15778
23446
20660
26399
23164
21684
16528
10020
2017
12146
1494
23570
19224
28420
7610
14810
17829
14065
17781
20832
11048
31081
16201
20851
20099
24536
26815
21507
2619
8635
1588
2958
2081
15795
26515
25820
11313
18647
19044
28908
9914
18511
7430
11054
29119
18719
1848
28659
15773
10816
23519
14113
4335
19701
22531
26411
8111
8028
21274
21568
7582
13635
17545
16323
4069
25406
17000
27644
25084
4086
23941
6157
16843
12228
32428
30759
1807
7807
10534
32253
10752
19346
18048
1401
3377
27729
24462
14766
7863
10381
26286
17935
5261
30053
30545
10206
18487
4704
11960
13287
30118
23737
508
9325
24924
27898
13649
17253
10704
13004
22667
1250
18452
782
27874
9681
949
19492
6130
8934
24035
25746
2054
7126
14289
10185
28053
30407
14431
21824
11789
22532
13559
26055
13264
16886
8628
19225
32636
29008
19658
19888
24176
18825
26914
31965
27276
25999
11332
25879
14135
8378
890
148
20391
11262
9266
5654
27229
870
31653
31240
30190
22461
16822
26057
25353
16526
13085
22856
20406
19024
14020
15057
30684
13530
29297
10534
3846
30237
4774
13266
26470
21777
18886
28090
2587
12528
19064
3573
9391
18595
16720
4829
28644
5753
4525
7014
29616
5151
23005
27311
19590
31437
648
18903
21975
21437
23883
15378
24025
27873
5795
14588
18055
1493
32525
24877
14313
18707
28523
24845
18325
25958
19626
30185
14710
23457
28322
18759
15820
21648
28221
5751
20596
4911
7900
20075
7530
22298
14070
11721
3724
17221
27650
31037
26272
7405
1432
21524
3481
30414
11219
25863
29206
7319
29945
15700
9260
21147
30302
13844
3429
15817
23685
14280
27144
2014
20105
8245
26523
5081
8379
14962
3239
22191
6797
32063
19899
10305
21423
920
29619
8331
27767
29578
14138
21790
9606
18246
13710
2768
6825
11380
8836
12210
9469
28105
23499
12610
10327
6876
16756
738
20450
25141
30642
26761
32266
20903
30175
22969
29593
28897
1728
4273
29216
27199
7690
6627
23961
13798
10021
30632
8522
31503
12591
11827
23533
7075
7236
19395
5901
7689
11261
16669
3507
26939
9014
7738
17986
1824
19733
1853
928
24854
5960
30120
20886
10957
8589
6606
12410
28508
26232
28812
9227
29838
24945
24884
10652
26749
22012
30666
22901
3427
7229
3955
14198
22444
5819
298
30461
12880
13668
10933
13834
23903
10705
25047
29601
6878
12492
10184
17776
7633
5391
12514
4274
28569
20303
5277
19027
16256
26489
14781
597
20627
31548
21194
15986
31152
3527
32449
26627
27615
1236
25097
20768
13029
30437
19368
5385
9239
11981
15031
22468
12141
2163
22547
10504
18135
2771
14422
3674
20436
25413
31238
30838
21312
9730
5132
10224
24429
30692
26727
17691
20598
1389
28449
12074
29392
27403
3458
18069
13346
29338
28037
14015
22103
18987
27016
725
22769
6148
24647
23033
3232
4072
1291
30368
1299
28056
31
3384
23822
30873
29572
3599
189
30008
14309
15984
29256
9932
26061
27919
15527
18235
32536
17830
2232
6079
19624
2017
2190
28394
17497
9592
11532
26600
2870
2970
22963
5893
26605
7058
2745
26478
14720
5797
8539
1596
17982
313
19060
32430
30450
16701
13133
27574
21082
31684
183
25272
19674
30195
15447
31630
16498
32030
11330
6607
8430
6702
18634
23377
16476
5190
17559
20460
14275
1702
23289
24193
18450
3535
22652
31547
18263
20455
4541
4885
28209
25696
15485
20637
6536
24277
24308
7671
21627
308
18791
2084
16026
22818
19965
26501
8790
19611
10959
29082
20405
23001
23102
6160
3915
3704
15753
22779
16741
31191
21919
25696
32135
7873
32305
15094
17945
10317
24332
10797
9309
26114
1958
18800
16548
21311
26870
23719
19138
11738
8585
16385
18111
24584
20435
16624
4559
16765
24259
2165
13188
29652
154
31389
20291
24112
19452
12108
18933
3108
12103
26681
30718
29648
11813
10298
26483
26445
7517
20418
6791
13644
20719
25255
17991
15609
28767
23337
27016
31014
25937
11825
20509
18085
6230
25814
22093
27125
28678
28453
132
6178
17999
5154
15176
1766
18444
8970
22383
18452
29401
18907
5775
29750
9510
13590
23479
26741
29835
23748
21596
7098
15963
8887
11670
20243
9852
9746
10637
7512
30838
28684
10541
11790
7881
24048
32290
3979
9348
27752
6400
31835
29971
18428
26561
4067
20057
18134
30837
11844
6399
12232
13365
9091
6923
29328
18009
15846
14516
13658
1003
26529
14196
23430
26459
945
14176
27052
29811
4617
22197
27357
6286
24300
13235
15148
23301
16794
16558
23405
29163
11822
7778
12861
3834
7879
28807
24131
30924
6118
24741
32181
17487
19479
17194
3869
17011
8916
4794
20317
30245
9894
13766
14576
9857
7821
16992
2164
24899
22178
13389
27237
383
23547
18780
13868
3731
12239
30711
23128
1881
13786
13304
24107
28065
25091
30142
7256
9694
26941
14207
6923
32543
31147
23775
9514
30529
15879
14530
2266
3939
12356
9567
8006
17563
32626
25239
412
231
3299
11908
3927
6247
17548
19540
10692
9929
21677
27992
18623
24836
2229
12376
19646
12105
19296
11050
12818
9014
5154
12930
2409
7758
17352
21516
22934
15526
13405
14008
20117
22496
74
21846
22985
13917
17602
18274
10121
15023
25437
3105
3547
10061
1795
3053
22655
19083
28684
17356
5680
9929
19365
20296
19238
27370
6774
17531
11487
20232
27266
5738
19231
10597
26702
29076
18998
20389
2885
18122
4737
6203
24923
30784
6451
4130
15857
23781
9813
14541
20472
3568
15372
25184
25434
12987
795
30240
20885
16085
24744
17704
26025
22099
6467
12127
14133
19558
9508
13990
16605
28723
6580
21078
13806
7134
19536
5865
23365
14824
4681
1527
26477
13500
16943
6757
11783
1156
23119
25817
6767
20289
28794
19568
15772
20251
20232
18356
29512
29429
25373
8648
25169
27973
24619
8166
23648
9507
15544
6924
24776
15776
27746
25073
18097
10072
31520
30526
21109
28747
28106
32763
14922
17896
3036
30279
24098
23915
30327
29773
14031
13929
12456
11123
16491
27561
31981
23508
25591
1590
13301
24561
9282
1714
30888
8355
4620
6381
28007
1365
19308
9655
20117
13423
2671
14066
5718
14357
1794
25067
3478
23314
12306
11242
28238
21007
32753
7431
31490
1289
28668
30016
12175
3330
20347
14281
28451
14838
456
163
21389
13584
26548
22640
439
4894
30758
31366
10096
27459
19461
16706
1647
17899
8536
11422
12437
30724
6572
14086
22899
15980
14262
27752
24844
11685
24634
30603
31708
18896
25132
6561
7193
23257
18964
16415
56
20719
1207
11468
2739
19767
5363
25624
18186
8897
24811
21936
16392
25531
23140
29519
2887
20196
1647
10711
11766
12612
10313
28832
16090
4123
4991
25360
27027
12055
26965
6252
14113
18121
17769
11757
16294
32602
7572
14103
10605
890
22801
2118
6444
16282
25313
3978
30598
8539
15213
12212
12244
27462
19822
20913
19493
28861
2570
8215
4739
20017
4159
8446
1913
29078
25477
8721
31186
1812
30127
10981
31650
7680
2067
27017
27787
6666
10218
19806
31033
17592
18938
17448
13359
4883
18802
19814
11206
29600
19989
22495
8562
14481
23962
7550
17992
29245
7251
29023
8381
19918
270
13354
32689
19513
57
25248
7852
25972
29257
29299
24423
27619
14684
29019
15502
17427
27164
6758
22980
17578
31719
21904
21736
21150
17454
21907
15510
3494
16667
18432
20465
8430
30583
19343
27552
3087
26570
8371
18455
30782
24260
18546
27928
28099
9435
1396
32377
32174
20790
29530
17959
13253
17354
10321
8043
25792
2755
5350
10092
11449
14117
5660
22262
12766
25779
28091
27001
32617
30992
5356
13653
3282
24100
7427
22868
17730
15297
4764
25464
9036
29830
5865
21752
13528
27140
9034
10117
7007
19488
11038
14289
23646
30648
4058
14674
5636
10378
7000
5956
27694
593
29809
26349
16790
13616
16845
20260
4423
16724
28410
2324
31829
7638
18364
24126
24522
18142
23972
18365
1763
30478
27620
4814
19837
4126
11618
11919
18122
30403
22795
1799
15432
26070
14442
4455
6388
31922
3193
28047
5307
3294
13495
16596
13361
27372
19578
11777
28805
18080
12935
3739
7093
20053
12000
20842
21758
8605
10973
8756
8599
22312
12158
16076
32158
6631
7680
7500
31059
8560
22190
18334
13956
2469
16890
4161
23112
19856
28620
1097
18160
27026
16666
16040
12859
26813
20409
173
27593
24958
2163
13258
26578
9599
11097
14490
25112
10443
9818
10018
11546
25652
32277
25688
395
14066
14572
12513
25090
2956
90
5407
26355
17404
27782
20075
1758
12558
11800
8607
11974
6409
2635
14040
16101
4497
23875
25210
16286
12492
5794
32628
25267
22980
25686
16069
9400
10252
32692
4159
8904
16039
20683
2186
30838
32293
23538
26733
14854
26127
11684
10569
24286
9605
14478
13030
12343
7974
23013
7794
4120
25648
30717
10951
11397
27368
28440
17901
29428
1085
16508
20448
22528
21672
14280
31379
18273
21590
31367
27444
20508
6793
13830
178
24823
30780
24419
25469
10544
9734
14823
17037
29038
2368
6037
24997
248
21610
2051
23769
25381
1739
26985
17742
8468
3928
4088
31553
17308
5847
30573
26954
12678
13636
13029
1250
15866
5748
3827
14372
31544
20984
6640
6352
9609
31300
1682
4245
14964
10001
7360
23184
4148
32511
11429
31248
362
1151
14340
3740
272
10736
17867
10551
10926
28936
5098
1762
8912
6518
7013
21603
23479
8901
6824
24389
4687
9604
6684
22560
5985
18340
7927
2586
14602
20513
88
11182
24684
7653
4755
11436
14243
1513
7369
9601
27642
23709
19645
19385
24671
11914
7394
4034
25621
27701
24761
18419
16809
3399
27481
3276
14887
28396
1103
10880
16525
29049
7849
19376
2432
6481
1614
16762
17214
14089
30609
3250
2516
23242
21765
3183
27537
5879
28562
30154
4538
22032
5320
30946
24959
18391
22388
14116
10542
10673
18033
28361
11687
28238
1473
32671
11280
2188
32220
11533
9162
23961
5448
16721
31907
8792
10346
30221
23885
10247
13212
17922
17935
23582
25472
3099
17338
32634
32659
5037
20191
22714
25349
32253
11071
26090
30664
8451
23427
20831
26599
17261
32045
11745
31001
23015
8399
15888
18070
10650
29306
19200
19753
29682
18042
20007
32134
4005
24128
29305
18655
4849
31136
12497
23474
29477
2109
2963
31461
15714
3905
11663
14100
19619
5969
28713
27178
8443
14016
3255
13102
15390
3074
32043
25696
10019
15460
20466
6021
1416
19195
29468
23679
22903
23514
15036
13856
23879
14216
9874
22848
5702
8882
10983
25101
1206
24092
185
29603
5397
25309
16664
30173
13986
11980
20432
25962
15132
13622
22856
27171
25549
18386
26538
10139
16327
3062
21316
31736
16238
20490
4655
8450
8502
21822
11054
25466
7086
24952
20440
25773
26814
11664
25082
6729
5676
960
26679
110
16229
8790
13809
12808
5243
13996
19053
23389
21098
1114
11057
15074
4255
3242
15793
9299
1979
19021
25643
14850
13716
21836
25040
20592
636
833
18980
12314
19399
22470
32679
10645
30599
22830
1461
12253
30106
7539
10667
27883
20967
9072
18251
1157
15332
19536
11362
31066
10076
2375
24487
26702
27247
4480
20199
3603
31962
13398
10335
19193
15480
7110
25450
6407
23305
4900
15452
10314
22835
9742
10157
5485
12998
11167
90
28298
8260
4580
30088
31296
4513
32148
31594
29958
17991
4603
17254
14526
9821
30008
32627
654
16713
25768
29894
19179
5491
28066
8621
25590
1356
7781
31419
21004
7568
17230
805
4760
4296
1103
17516
17708
3090
30364
26940
27345
18724
30375
32661
12187
399
24143
9768
29312
10049
27476
10500
32617
1614
27151
20849
12170
13296
30816
27932
25583
28364
29927
20597
3672
21622
28279
22614
15431
4152
10183
12005
22615
26383
875
22459
5583
17655
27651
18246
14967
12136
3251
2411
15019
16673
28115
15216
23469
4900
18919
23834
20544
14082
11985
15634
882
9816
16197
1165
1465
19354
10366
9772
20545
2063
8239
13345
21125
23325
32445
24980
32285
3783
18859
13125
17622
3444
16982
9074
15624
17650
19682
15611
24612
15034
17268
29124
6029
13686
2465
12379
2985
8128
29735
31963
26935
2093
22747
4368
4323
25226
23267
18395
25879
28261
18213
22488
10773
26320
5375
8511
11331
24417
24377
4872
8389
29309
26936
27475
29777
9430
1140
22278
31807
8755
27180
13496
15840
14192
23896
32462
16401
11717
10463
8419
6928
27467
19978
15470
14990
31931
30520
8350
1541
27769
724
31113
25419
2770
14981
31366
18280
2946
2724
2007
18853
7290
19955
9100
27877
23008
396
8611
4920
17238
29975
26484
20398
5759
19264
14925
2665
12991
24169
24921
10998
27203
23963
7878
15582
25666
13763
17446
17015
29826
6939
26134
10752
3101
18150
29470
6381
10117
15712
12761
384
24006
12277
27222
13977
29963
20401
16061
29135
8292
9208
30518
32703
19142
14711
17670
1700
4948
15706
16635
6953
24284
22719
10507
6011
8869
24683
8504
26785
19560
11452
31671
17936
27548
11743
19536
1914
32758
4163
19208
3304
4401
1358
18942
27912
29707
1102
17043
24008
24720
6066
15821
2851
15770
2682
7166
20539
17817
2540
32672
1705
26768
3977
24452
24593
3936
10047
1068
32249
9289
26080
29813
15323
1198
9171
5496
24440
16408
20490
435
9072
18558
28467
23396
20496
30660
6963
7734
22123
3713
5840
13343
8620
4101
18861
20873
4778
8091
14460
23728
22973
17163
19823
25675
8913
11875
1263
26990
18360
31991
21137
175
31941
31655
21062
3720
11158
26720
6610
8956
28721
19174
15999
14461
27731
19152
25362
23054
25860
9940
25086
29861
24175
12612
26584
22483
10737
30169
4619
10662
6768
27824
26061
20943
21230
24210
13137
8192
25437
24184
14654
12696
10165
31822
7265
23170
7493
5368
1950
5466
8774
25491
2093
16082
21430
14333
31235
8277
32100
30359
6285
3562
20551
17737
1956
7002
21267
2503
26814
11413
16654
7443
20577
25938
19232
22596
12254
15350
28458
24197
1851
13239
22937
18528
29553
513
1339
5181
27864
8984
3409
37
18911
8704
26085
12492
23040
6042
28254
18895
11507
9487
4689
23354
23074
28017
27802
18509
23646
21152
8364
2944
21968
31083
24101
31684
20530
22776
17062
30476
19775
22886
3553
5644
15207
17840
23539
19776
8904
5333
23029
7985
7770
20022
10445
17396
30057
3391
25162
27123
26953
26697
29809
29680
2885
16063
18193
22598
11992
12928
24478
1394
19488
20613
30523
28627
26255
11460
14105
11438
19428
30036
3840
15989
16217
16593
23083
30281
25886
7170
18009
3773
519
6841
12577
25565
25474
28667
28550
27759
971
20833
13259
22648
15971
10686
1417
30978
10430
24322
32766
21789
25403
12127
19112
4132
30298
27050
18
1345
4138
1283
30447
15411
13824
23480
8549
6991
15982
3431
30379
31429
10099
19555
6870
32037
7408
6745
14576
20770
17243
14388
17227
16533
6839
19773
3604
12485
3524
2439
30763
30693
371
18314
5682
11230
30876
28942
5093
20047
8179
11083
16297
31186
22073
3662
29799
29826
1199
27550
21914
19386
23504
26656
4519
23839
18495
27960
7790
28896
13311
13617
9246
18748
26594
30431
2637
19269
8516
29826
23368
9444
12280
29166
29095
5150
12419
21993
9253
13205
13960
31445
25519
28754
31620
29327
32699
3265
26044
16790
1243
21757
31603
21872
27026
26702
5727
14921
32102
15345
27486
21470
20022
15127
14950
7577
30670
10287
15034
13821
4537
9064
5988
14661
12118
31346
4063
12104
9775
9605
4372
4256
3717
5541
23176
9995
12848
14372
979
19729
23974
21352
30292
20712
18265
8431
12067
32404
326
18575
23879
5458
10442
8451
12329
11319
18616
22947
27209
18965
8618
29043
3120
13470
19604
8031
11174
15052
27551
4037
19236
32384
23860
6964
17804
361
9558
23156
8728
31015
310
15302
25744
11952
22785
32108
11713
27891
1021
12652
16426
17084
4820
11922
15608
7128
5168
4788
11573
30073
1927
14905
11068
12764
29241
20700
16496
20264
19160
24494
19245
1434
11974
31834
255
4319
5638
32173
24850
10433
31052
22870
10986
27910
7766
3818
11604
18581
32383
17451
413
4059
31634
30345
1793
24173
22236
26089
12902
30703
7813
7334
1611
12340
1312
14549
18171
7846
22400
23246
16134
8425
1229
23784
10225
28859
27864
14467
2861
20767
26796
15436
12102
5818
16742
30652
25949
3965
2374
32738
19160
3460
2821
29027
21336
6462
17257
21439
12011
3791
6424
16853
24708
10930
18090
31658
6312
18851
11009
17766
10345
24508
29661
14239
8344
27358
22187
25818
28983
25682
19358
30799
7469
30128
32513
12781
22077
29952
27852
25502
5433
27680
23157
21452
627
12134
8968
10532
17013
18309
2426
17306
31474
12981
1339
9901
9212
16654
15626
22764
31094
4149
9229
23737
8397
27195
27937
9805
22243
3010
18543
13052
14924
5474
8000
9658
1469
11339
16914
3295
20161
3627
15594
13607
7342
7250
17901
11773
27608
8724
31274
25337
28932
23150
23739
28327
12576
30957
19468
2698
16689
14796
24954
16480
17036
15708
28448
16552
28489
12969
4077
610
19189
5467
32250
4118
19335
730
8987
9751
3733
27318
6069
1545
28360
7749
975
9121
3470
910
5739
3756
9486
28517
1814
15955
13921
27352
21950
8605
26623
26570
15556
6453
10359
10462
2386
15982
26980
24727
19951
7044
1692
19389
9040
14629
11690
19202
27505
9519
22911
16357
19173
22204
13924
12503
19563
4956
563
30876
25281
14753
15559
1269
15549
5345
15537
26748
8089
7735
31788
17359
15247
20171
12884
18928
11941
26451
3218
25580
10699
20698
7259
14267
27683
31424
19738
5736
2208
23043
30314
5490
10706
28092
24201
22385
18432
27885
16649
18428
1400
377
11721
20171
9507
13428
21540
15897
20316
28573
3688
76
6402
14377
16778
18648
204
1731
25880
19553
22237
24784
18286
17440
17049
5879
25133
16519
23222
19681
21225
3880
918
11837
19490
14291
2004
29960
4726
21758
7965
9483
23060
19306
22337
8357
6260
9476
5001
31434
7750
4874
5708
10828
3496
23406
18621
601
155
13695
13575
5190
29624
22982
26268
24202
18719
18734
9417
27918
30641
3945
15247
20132
14975
1166
18094
980
21633
20999
13058
19167
15500
16042
27154
27902
17790
1574
23527
28907
5820
16289
23322
22178
2270
6047
32561
16489
15016
24870
300
11534
29244
16928
18010
10096
7823
32512
3441
3904
3354
10664
29150
24329
10194
14218
14682
4974
20313
17166
8126
6068
9590
31796
5400
23424
23491
3195
8702
30177
23205
29185
26146
31120
21633
5611
25895
24183
6445
8711
5555
9329
15781
22960
26310
4945
27648
31219
12106
15397
28578
25840
15339
8124
20914
7298
28456
7781
6607
20514
10154
5370
1790
520
24789
19229
21735
1940
16798
5826
24898
26861
3484
22766
17804
25576
11361
14269
14590
5675
15114
14762
20159
4754
23573
9739
25689
26065
14707
20187
21610
20059
27870
10172
16796
11139
17005
20028
3542
26593
2406
26456
20916
25336
26451
30271
26677
7701
24920
4184
25268
12410
4035
4741
31002
18108
12261
15274
19025
12650
2081
20585
252
18159
21058
11312
12389
7354
8209
25462
32182
23452
28200
23361
26989
13169
22785
31212
19722
12802
10322
21799
24842
298
9373
319
24345
20536
27394
26016
5252
27797
13145
15000
30957
19879
15485
5213
7490
6132
21226
8018
1776
23435
9611
29062
19283
4512
23757
5501
32625
7542
10232
12852
20457
21634
13503
29791
21798
20941
17686
7413
30680
6298
22339
22766
31141
19017
5176
17996
30235
29563
30752
19032
28650
13431
26936
7470
15952
18636
12512
11899
28372
12856
2802
18310
28471
2761
16210
3693
5032
16962
31174
20145
19767
19136
21512
10997
9356
30877
17946
7171
19673
6549
28890
24848
25357
1831
30422
17729
11595
14398
22369
24174
28314
5649
32743
10533
8926
6216
1917
9714
14087
27744
18620
23517
4488
11344
19920
25653
32522
26733
17100
25484
22370
2187
25152
5123
28353
18533
4110
17608
10027
21311
5753
29404
13867
17097
14719
24346
29380
1351
5225
17781
16298
28399
30112
6529
26035
31378
11458
27701
29320
32127
32501
24303
28576
21157
13692
18360
1391
16631
31368
27337
24282
8469
30800
27983
24815
1576
28259
25964
2771
28173
12605
11134
4603
15543
18457
20643
3743
1742
7431
24189
19564
28572
29502
17458
4986
7722
6067
5303
32125
3494
32747
31311
11071
15624
19213
846
28238
502
22843
11299
15089
740
27938
19093
30305
7295
3024
15949
30006
13900
3782
2709
15904
19084
7247
15711
25815
9572
31248
18313
4437
7994
28127
10847
1858
22114
8409
7778
16816
11258
14510
5960
30472
2066
6976
18755
6468
10513
4205
4998
9823
595
13864
29702
23818
28183
31439
26749
10657
13977
4536
24757
24413
14971
5646
9731
4555
12393
20443
23569
8829
19965
20325
32481
22271
21984
21182
527
2828
20787
10647
30039
21250
30765
2901
21078
8852
3589
4967
22421
19391
13330
22486
5315
27135
30769
19997
3138
3522
8807
29244
3558
15389
1479
25608
12025
5822
22678
28357
898
16418
22446
12022
31942
20488
14624
19060
4368
27685
12829
28350
4270
22809
5143
2448
19516
6050
17699
28599
28709
25103
6050
26147
14694
7672
17696
16702
26517
5677
4220
3708
4130
4332
21321
31795
14046
5719
31349
29614
20409
31524
13864
6525
3536
919
24815
10254
9127
12973
25114
22658
22706
6555
3939
19897
6171
15222
20944
13743
23743
22836
4570
5388
7802
14803
11982
28918
9380
17112
1396
19242
25051
29947
18927
9291
15619
8481
14564
30841
27532
27018
25566
27174
16627
25420
7409
3877
6028
27648
17822
5124
13950
1979
1271
10652
22799
23360
10499
28902
15138
5747
14180
22801
20221
25361
28983
9169
80
11167
20028
1017
10355
20128
13111
2636
6128
4619
26518
21648
22849
27388
3667
13029
4315
28074
9756
14165
7787
31129
21682
25516
25439
30225
399
27018
21160
13006
971
12470
11710
16633
26432
6069
4837
22615
3309
8860
16560
7361
10904
3106
12995
22484
28087
27897
31708
31465
17809
27999
277
32071
6305
13552
31331
27288
26939
3262
23651
13722
11634
26531
3926
8983
24120
17622
5993
24855
455
8381
4667
7764
13632
26626
11673
13806
31122
8425
31628
17248
18334
16097
18325
12979
12185
21593
20791
8434
1969
5844
4022
8413
28147
26944
25375
14305
8556
24707
22152
10056
30350
30296
22425
21934
27350
24153
1867
27828
7084
12636
2032
32504
9355
25347
27764
19012
10337
13711
11490
27141
2617
8181
17449
3583
6423
23092
23329
2368
13091
997
9417
19794
9226
6420
20435
9653
17058
10574
12642
18316
4557
1275
3346
2455
26783
21743
7737
22625
26051
20539
18028
15035
12826
1097
1349
31336
22182
25384
7524
17690
10663
3108
2740
22942
5891
666
11759
5459
18411
18186
20837
30176
28092
1646
27385
25382
13347
21450
16236
21876
7813
8197
19166
11258
21662
25591
4753
18305
8808
12483
17393
15705
12094
6759
17617
13970
12353
12433
6392
20335
6651
31157
16604
2839
5442
9308
30125
12174
15199
25279
26261
7652
23920
9364
23359
31404
23307
9000
24470
15024
19492
29614
23759
26595
561
5078
17321
12951
9355
9378
11251
8944
27672
18294
3407
32409
16935
20846
30007
14005
18075
18675
24125
29209
332
24977
3223
1976
17066
27139
5082
32094
30628
24720
27142
24226
29896
8603
11203
22
31915
25717
30186
704
1419
31349
30791
11214
563
1099
9630
25733
12831
4497
9451
30331
15585
24227
26606
22534
7363
9393
2791
7412
7342
12306
24991
24444
27978
12507
21927
13685
5479
31153
31204
1478
16796
8411
30540
21022
14125
14235
14058
18661
28210
3007
27944
13170
5878
10099
27213
5246
3742
857
21573
2776
1803
7900
11681
19547
26113
29377
19934
19742
8072
29182
12010
26346
3986
3280
13284
5361
5855
27144
19747
6076
32542
19109
7547
5478
27221
19368
1211
2568
20866
31268
13178
7284
22147
28053
11284
11046
27955
23666
21743
9591
8150
24326
3
1300
29367
21627
2969
31663
11023
7736
82
10484
32041
9581
20588
27839
26052
24299
7233
10636
12985
16698
8208
2863
32477
24805
12032
9669
9513
10009
24418
234
28440
22126
19511
25388
593
20997
4082
29120
20870
23251
23679
30836
5276
14140
21635
28133
3084
30948
2534
2034
5001
21698
17807
29808
18403
16758
31854
2591
17451
20444
5568
1501
14872
29153
26254
10266
27049
9109
1655
18060
15372
10882
25008
9764
1471
24381
11337
12608
13301
13626
6834
24098
26939
29924
893
22945
19803
23533
20069
18974
5248
6115
21648
16058
412
20229
5649
7878
26631
11092
26801
11644
28777
7149
1007
30188
9433
16533
3653
13112
2118
13206
4013
2308
15638
9674
28004
8233
32526
245
21230
31657
29810
1111
11354
6632
6765
3970
5575
13849
20658
3946
25639
15862
18532
16827
11075
20404
23092
17007
25856
21558
1993
6047
7648
2433
11364
12185
19147
4464
8388
1332
11280
22696
22087
24160
24999
27087
11603
22785
5305
249
2804
14846
23137
29539
29126
12948
13237
16228
8726
4081
20224
22688
1348
2302
28242
1151
26731
7804
5947
23262
19012
16722
28627
16132
16456
13093
27901
25815
14101
21802
13805
13903
4627
22840
24808
11564
28247
2338
27979
29924
3272
6211
7887
26848
10112
13146
7691
17127
13941
17049
571
3547
26456
4600
10303
12451
19645
21455
31463
9576
2173
12708
4205
12548
30040
24385
16707
11959
5087
25610
7183
17436
16018
3726
23285
4444
26949
18012
15892
12706
28616
12312
28499
8143
14278
22478
21341
21358
10734
21893
27626
10730
18001
8216
12097
28670
22539
577
30970
8046
3110
26103
30729
9461
28603
27130
15864
17022
6490
30124
21364
24983
428
16162
30219
27170
20311
30587
25396
29005
6690
4464
21648
21701
26970
22061
4463
5671
29044
15455
14742
2744
21747
13711
11584
13141
27789
26030
13922
20653
23177
30961
22323
1965
28011
3039
25068
10812
5587
22952
15820
30761
29603
9400
32096
27745
15968
3468
10753
27238
3291
19396
26782
24572
16400
32122
23484
12070
5454
211
26298
29776
9112
3027
13914
31950
18508
30326
12925
389
18178
27388
15662
31208
8375
28804
25314
6951
26155
988
24574
22434
2439
12952
8090
29348
29507
27745
6021
31822
24135
32400
9609
18897
16208
28156
20976
15841
15254
8975
6982
30054
29356
7200
12129
11380
8103
6652
13727
28541
21890
31430
3695
27845
23233
14082
11283
31255
26709
13548
26788
8887
20416
26126
32086
20887
19577
25361
32509
27597
1170
31188
976
28485
31896
25019
22125
27059
699
2634
23070
23500
21806
14322
1115
23734
2001
25386
3984
4541
27918
3522
19232
20039
1536
628
11433
28682
15835
12989
1674
19324
29832
9963
1954
15499
7311
13430
26715
12175
28730
28307
26855
13949
504
1287
1226
32349
11263
1337
32665
14590
9013
12684
12033
20200
12625
25323
9738
28050
23101
10406
9629
17877
28863
6780
30277
3745
24153
4345
3890
8175
8814
14338
11907
14838
19621
12206
18117
19618
30355
12119
26038
21314
148
24305
30799
6273
5625
23195
4098
30359
15465
5236
3393
26560
29313
2224
21311
31469
8638
30699
26874
186
26525
7100
11129
1185
31232
2446
30034
26221
10964
14251
24432
10225
20209
22682
32531
17145
3137
171
17688
7041
21285
18896
25211
25125
1812
27054
22042
31449
6790
28148
1980
15322
8720
4844
5201
6373
8912
26704
12156
3750
8203
14430
15950
25203
11285
25902
3925
2618
113
12356
21461
20664
24890
8290
15957
2540
20417
31135
27229
27596
20600
31677
29055
24374
18447
23224
20884
23849
13276
9627
2120
11317
16768
3991
2009
4656
2504
20310
26907
20011
29393
2189
32448
28324
32112
29649
11734
22526
464
14507
12177
3886
8029
11758
8267
7350
25569
29768
32713
7127
28141
7960
1728
18946
3707
24447
30103
10897
11729
26042
16495
4788
30633
27823
15457
12718
4750
9157
12806
26945
26249
27385
31037
2662
14077
5423
552
19010
5072
9413
28536
854
26059
13934
9707
5878
6724
3646
29970
764
12794
31489
15704
32701
14144
977
14144
14908
24414
5096
16366
32414
23348
6322
20201
26334
6944
17958
31007
25026
2594
30039
9514
9742
1086
20806
21713
26103
3106
17915
10194
22234
1033
26068
31711
24878
28127
14620
19942
3256
30374
11231
16533
31997
20760
3581
27678
4605
9102
22910
23351
286
3360
13093
22885
31335
1550
22856
30331
11758
8031
29919
25437
17812
26055
218
3082
9967
27598
15288
4826
4488
16175
22357
4356
27975
19838
23299
16482
23851
31758
27613
29305
27198
30482
28504
30900
23241
31746
15387
25072
2500
9025
19729
12605
21136
27900
10940
29155
25833
5461
32460
19620
5398
29633
1520
577
31842
27054
21484
28480
32208
9322
7660
31979
779
13888
32535
9116
1436
19172
27496
25144
14431
31505
17593
20218
25912
880
17953
9586
21250
25276
14720
30157
18376
8996
11096
22870
31544
21232
4319
20541
3412
28776
5202
11415
21867
19697
31627
11943
7496
11130
23766
13916
7337
7702
5633
11802
18675
26346
14770
4798
19747
24650
26365
15580
15880
12319
16182
20298
24240
19084
28164
28387
2336
2001
30647
10117
3911
20847
16860
8796
10293
10893
2574
4451
15753
6042
16143
29735
11560
10548
28695
6607
21301
11848
18027
1113
28733
20859
15666
4390
16305
9673
2948
2745
21146
26220
29893
1980
648
28160
29489
15171
4299
10468
28855
6741
17894
1763
523
31401
9537
12308
22519
3757
2334
254
23282
25292
15054
4608
9459
16369
23333
19953
19847
5959
12075
23555
15394
23364
9492
24813
29874
27109
9587
23369
4730
27707
1194
7994
25886
20262
10405
13651
25594
14689
14024
8372
27576
8894
24101
20598
31266
28851
4595
16458
23604
15382
18491
3164
630
9253
4309
31870
28553
21193
6291
19074
29951
5660
27836
10215
12912
13096
4796
18105
2761
22002
18457
27058
1000
17079
32425
16293
17510
11381
26883
3613
9140
21677
11059
28481
106
22631
946
9978
20699
20088
149
21336
8685
6912
5380
31794
30760
7222
8942
17933
18188
5224
19707
19519
29352
30013
9410
26197
3944
28734
2365
23729
21551
28820
18809
20600
29349
25107
24466
23211
18899
27000
22495
9875
9965
29167
14442
2915
2158
13273
31907
26905
5994
6347
31061
19621
19232
8410
15576
8013
27344
11542
16265
25936
25036
21332
30839
20425
6608
7985
10847
9687
20374
25683
31963
18683
5542
1522
13782
22721
31084
22423
10051
14755
32396
31524
9486
810
25722
24597
5971
6486
27205
18437
31951
30016
1203
29812
29076
24830
14995
25031
3584
10951
6991
13200
12783
4951
961
13840
4144
31637
9543
6395
3638
5492
794
18298
19472
7191
23003
374
26780
22328
9583
6676
22007
28106
14605
32636
21047
19421
7573
28639
22621
8131
10788
32696
7557
12913
2789
21842
28256
7975
10794
15754
228
11860
12219
32214
3650
22452
2669
1926
18713
12219
14327
28746
1001
17462
16130
21493
7114
11312
3967
896
31582
20242
15677
9554
18948
9999
18619
10942
6990
703
27195
16078
12982
2570
4887
4671
12172
2632
6488
10444
13619
19878
16773
2992
25485
460
6841
1382
13236
29117
24824
19123
3307
5886
22979
13542
9684
17914
24298
29023
1507
31141
2978
19022
15122
608
16343
27837
6102
7197
28100
20433
3410
12227
26048
8524
30155
17364
5211
23383
25437
24653
26281
26495
18156
27085
18654
29437
861
14330
29467
22586
16645
27424
30856
16786
5473
17692
19619
26968
21256
2425
13016
6939
5599
10456
19537
23080
24460
15253
14351
20816
22573
4007
31034
28652
1865
19912
6069
22558
6406
31191
12022
601
925
21114
24341
14883
8460
21511
21538
22553
4363
25253
22460
23860
30528
24494
8415
21324
27062
11864
22014
5850
9100
27541
30034
28162
20458
23863
6001
4305
313
23640
16418
1731
10388
16121
12656
32136
8569
1257
29949
32007
9669
19433
3993
7332
15839
20237
4883
7614
307
30053
591
3964
15074
13277
15257
24522
18103
18018
23865
32158
14942
1094
22600
28800
11984
21478
9666
2377
15890
394
20956
4139
2335
32140
20887
5105
23075
17853
22165
16008
14057
32260
5419
21183
30615
31816
12473
14155
13721
19344
16950
13070
9947
27241
11535
16025
14651
18569
13874
3823
574
18353
4453
15755
22273
17368
22749
12709
8307
26245
8972
11954
16322
18813
10938
11306
5907
11422
15703
23181
2678
17163
25488
31144
3353
23433
30752
25621
3772
26665
8425
29697
23908
10536
24131
9521
20308
32531
9364
6215
18745
10286
13345
23362
29861
27927
8995
6981
15038
167
19998
9113
22328
5913
8814
19956
6016
30830
30498
18428
6714
4623
26638
20999
8942
19381
26396
23333
22014
9094
30691
7776
28892
21889
18811
9538
21113
4635
8847
21400
26625
2090
21427
24694
20933
17923
9208
24699
21625
13791
27582
17750
27295
14724
20938
30345
2627
10529
24217
26477
29417
14713
23027
20087
6084
3395
9923
25017
31272
30161
4389
15532
2114
9969
17089
21292
21511
25105
20824
5572
13930
23718
7068
11052
13010
26062
26693
25360
11979
3891
31585
17939
20987
23859
5611
26388
8793
16959
5024
22960
12441
27009
6926
29192
26858
5314
5102
12740
23524
4490
22451
1624
5052
2441
20579
15493
18875
12853
31142
19747
4078
8117
30749
26399
17182
16126
15092
23232
22786
15164
23483
18990
24244
21107
12401
17204
15202
23910
17378
9797
2886
3768
10292
32445
9944
11601
22460
12394
10818
19971
6166
7755
4372
20589
4980
11927
14905
8992
7222
20481
26666
4865
20155
25659
4449
10735
1399
13241
5393
24741
21318
20151
10260
10209
30720
32637
3620
3270
846
12770
29519
31870
6588
29711
31141
27429
4111
29829
20276
25058
20696
8546
24630
14423
16457
19679
31112
32060
4680
31518
28510
21062
18114
15651
7222
16206
16450
15648
19466
16559
10434
24565
26570
5360
6337
8183
29961
3491
13461
1264
15863
26508
13315
23912
13711
28166
2061
7459
27665
28067
4875
1259
10163
14867
9981
30608
30099
19271
15904
8236
18161
13781
8639
19883
28315
671
29516
10123
4776
10672
19375
8161
26217
13414
25822
18077
16541
19158
430
25102
25060
12396
2025
28841
32631
29650
160
30726
26133
22035
29378
17707
18753
11521
19438
525
4778
17620
19334
17492
17899
1299
9221
31071
19572
23736
18066
21384
15816
14735
3285
7337
30698
3807
13577
4575
7185
12108
25682
11405
17315
32252
9041
31908
353
15097
2294
30754
735
28374
1942
25561
26168
14742
4158
14706
6143
2249
70
11953
19833
30968
3369
16891
28425
26179
8852
28693
1771
28745
26300
30510
2085
30024
22773
19232
443
18565
16001
7923
4643
10223
20901
10146
12024
13567
26370
31778
5363
29922
32035
13985
29718
7130
27219
15116
11306
10210
7345
18131
11628
3729
8326
11760
20868
576
24789
26918
16566
4719
22068
22918
14172
11109
6107
25912
16276
14615
763
20856
13110
29003
27729
32223
6665
2301
4090
25828
14390
22786
13193
1442
24828
13803
11863
6876
24998
32556
19482
17214
6330
10622
15801
32485
3444
18561
3167
9762
7026
23462
17103
15739
1713
25164
16631
19187
3000
31529
28103
4236
16403
4844
15171
20489
22275
26144
12503
31736
7796
23124
28651
31216
18479
29305
26296
23064
21329
25227
9562
10216
10748
1652
2342
14388
18252
16429
12861
6246
31117
294
30561
779
5291
744
19464
32145
10473
29433
19631
846
4566
5631
25969
25029
29054
9769
18136
10789
27613
28875
7411
23571
13977
30536
15529
11689
20720
5941
15180
5311
30702
32187
9330
30057
10980
27197
16896
6592
21527
1083
10887
22246
27061
18551
2516
836
6925
20822
22466
8726
24062
32392
29011
26666
28848
16363
18431
32228
9091
1965
6988
8838
32581
10162
28831
5294
7080
7733
15698
25633
14835
5553
30470
4294
30711
7170
32315
6902
12101
21703
5918
26867
21662
11020
25761
9653
27563
17958
6609
31981
25326
17885
21861
22596
27641
2513
23442
483
9182
2070
8743
20537
8166
30498
25301
16120
12934
20201
10190
6497
31886
25926
1683
6594
7844
10653
32006
8765
7921
17343
9415
29386
22298
6669
12477
127
32370
737
26867
21008
9326
9513
6310
1426
12121
19541
8860
25476
13128
13172
12215
8975
13649
2969
11209
17293
12024
16772
1194
8009
26090
18046
24456
7045
27630
24709
14463
6594
23320
17833
8297
3643
8767
1718
3320
24499
30130
3347
28418
29808
14375
12266
795
4232
28660
9353
4201
26971
7298
19977
2484
4705
32766
12333
17597
10022
12625
2444
15313
22162
2643
22771
3485
13166
17979
20997
12100
28196
25691
1316
1199
23494
8970
16021
21285
28242
9953
24798
16923
565
8746
15987
24141
9485
4245
13970
21261
14771
23341
6508
19931
7545
30859
6021
16439
12976
23881
16477
29619
29806
20666
21584
9292
30606
31192
28091
5370
31991
14462
17760
21126
31010
7896
5644
6300
13526
7959
25463
3361
27446
16745
10347
17862
2302
30248
12328
19422
28938
22609
7944
4717
27160
29753
28255
4737
6606
26235
24485
453
12543
26421
10967
22355
11562
5492
27674
4810
21315
5868
5282
31136
18358
24557
25298
16058
26538
14226
9636
18490
18306
19516
20300
1945
31402
27710
6936
6133
2192
14042
19099
5804
13040
22893
15882
27177
29013
11494
27622
27390
17885
18300
31707
9011
20284
22177
2281
6110
15363
21809
20161
20724
803
29168
18034
4959
1452
14899
30276
337
32219
23773
30948
5335
24404
6541
32706
10417
3244
12310
21688
865
1578
25648
7916
6274
30159
26989
28407
29787
15507
19310
22087
1460
25842
9814
3521
14824
7847
17279
28587
7996
10168
28268
18634
367
18098
5631
17607
13459
14902
3564
31192
539
16820
1134
22428
27700
9079
57
32070
15193
21474
31407
15101
2593
8697
27222
17027
17244
3363
20874
19221
18015
10285
9583
11411
9628
11667
8490
13793
13174
10491
22865
17037
20819
23043
9119
21426
13554
13372
9965
12316
6143
8310
10077
20396
1508
25407
25305
5630
15331
19622
4540
8266
20321
5445
24526
10888
3717
3198
29046
20440
20226
31748
18731
10784
7985
25757
8492
5367
3427
30759
3441
6082
31093
29913
31201
15132
9381
17868
22725
19836
29603
3258
5501
23313
5868
30981
8049
23793
3411
4091
8523
25459
13536
19032
14436
16345
24030
11020
16507
28979
5168
13119
1965
22656
4836
22419
32417
30741
5643
23209
14596
16963
32455
12518
21045
15156
32165
20855
2625
29206
14125
6290
12049
5499
5816
7935
9698
9984
17282
10968
10486
4653
27648
7565
3465
10909
23412
810
9735
21855
3518
9949
5244
24987
13685
20659
8524
21625
26678
4258
27172
11326
25916
15052
32048
24249
10801
30978
13455
5853
19012
5511
26116
30127
15228
25367
15086
23139
3660
26152
17530
30145
17255
9072
8215
11470
13269
14247
16426
3753
16199
7310
11523
25011
13480
16176
21008
3058
10484
19304
11089
23224
12365
20643
26380
28031
11596
9191
20418
18456
10901
8981
4705
20485
29358
15723
13499
14627
23057
25932
20535
9612
28543
20292
25799
31931
1688
8775
22554
15857
20649
32057
29970
20952
30661
30132
32632
8038
28695
29701
12271
26629
29558
4215
11302
12017
23354
21973
20306
12257
19534
3370
22236
10473
27015
30411
18262
31647
52
5271
7604
27005
25335
27006
8377
28550
26323
21056
26287
1324
13957
23415
25435
17010
28696
14552
4656
12622
16564
16822
4291
20049
29367
5831
15743
31881
8710
21803
11930
28839
2726
31402
5447
22365
9606
24382
24878
15114
1951
26577
14361
27801
14143
22087
5616
29606
27554
23231
10471
18915
27331
18966
15862
26043
31089
7597
20874
22581
4517
8301
6266
538
21267
27912
5436
9306
25087
8577
3417
20396
10322
27630
29470
30581
11501
21629
6036
11243
30013
26805
14515
16250
9488
11262
16339
23399
20647
29028
17507
18355
13580
664
9949
27202
19110
14391
22521
16700
26122
26447
8226
23732
23316
18464
31526
7047
22071
14879
23601
12167
24593
2369
28156
11481
16194
6261
9026
10396
11391
5490
11124
10955
3298
6580
8109
30565
9860
23745
31720
29387
846
23473
14449
9577
30220
6637
6041
8856
30147
24375
31662
22211
17221
5867
22826
201
3330
13444
6443
23203
1313
16737
35
13639
7632
30666
27857
3020
24536
3886
880
20942
3956
7598
6446
276
4963
13024
29663
10864
21052
4044
12787
3559
31234
8251
28325
32274
26104
6450
30326
4804
5814
24761
8154
28398
28797
8928
7217
7615
13256
14340
21752
19215
25635
16463
10561
23293
4416
6270
8032
9431
13896
3047
24296
21819
9071
26554
1750
15228
9675
21383
13323
1607
24934
4864
19456
13191
4498
5377
24501
14213
9084
29645
15082
8020
24324
19099
29586
12908
4556
1105
3461
22421
28815
1935
1653
16647
8885
25583
24099
9167
11300
25739
28370
32372
10584
11200
10748
13019
4534
15410
3397
30568
29725
4880
25517
25446
25023
14234
9993
6825
31535
25568
5556
23665
21434
10956
20610
31122
7931
16226
5365
30162
23722
16711
26548
22675
30389
12928
17208
28850
1426
31357
7881
4014
11987
6742
25001
13
20987
30292
5775
15099
30608
22707
29526
8501
13937
4518
2295
15141
874
22684
12213
17486
7942
21186
919
1515
5540
25289
1307
17619
1485
9705
12841
18080
8389
16934
11078
12816
6496
27090
14602
20140
29975
14419
17876
26535
29531
19494
8124
22024
32554
16932
5833
30220
24287
30212
19301
3013
5710
11298
16653
23304
12048
2174
2381
30342
23324
30472
6892
2617
9623
26907
10596
9474
9710
3143
4244
17808
26913
24147
10425
11907
1378
17026
5787
17873
3038
31766
27652
873
19675
12819
11382
13079
8707
24645
2589
3496
13055
22916
28419
27982
26696
16183
9859
8518
58
4631
15104
9399
31339
16438
23511
15582
19770
21567
24465
17000
6571
10751
13918
6687
20850
19492
24767
8393
845
24389
16002
3661
16791
15907
18931
5144
22299
11055
4945
15039
15910
15180
4223
17126
3552
24021
5372
3424
20955
9698
1557
20120
32749
14535
8025
4399
59
1502
23374
19430
31639
11143
21602
3775
25612
11628
12836
2911
27574
24586
30388
31927
24023
11629
16504
12771
3624
5946
21521
16466
21101
6643
654
8488
14924
21879
16351
15840
31071
7880
32140
12342
14216
24337
7591
14660
15237
25576
4607
13291
9156
1232
31638
1652
8568
16898
24149
22391
27116
16493
15615
2556
21015
18171
12644
17633
18546
8470
21719
2428
8454
2667
3297
7552
26569
2029
4151
19493
11562
21021
14314
17027
235
13449
28894
2879
3887
1683
24957
28010
5076
8564
6060
12966
6146
30593
21246
6283
11780
12460
16168
29001
8023
28749
12982
14222
16641
10275
17916
6570
25124
7317
22094
16369
2259
32318
18804
21088
28964
15529
9560
388
647
30297
20482
5784
12118
10765
3014
20206
29357
3394
956
1680
24699
11256
31857
30246
31705
13753
31964
2074
18331
7128
916
2299
17701
25847
7232
14111
21889
22987
26958
30093
12462
28452
30184
9753
26426
4391
25635
28369
8723
13278
19322
28312
5274
19700
23420
9489
21753
6841
5825
4543
3766
23660
14882
20074
17289
24506
9257
10436
3691
1922
20679
32588
7408
12251
15685
25971
21206
4952
18557
21245
19422
5515
25418
25259
12250
5831
9533
25623
3336
13610
6546
17631
11422
7899
22626
5381
5542
22929
16410
10902
12812
9045
25387
10378
18934
20616
32259
27884
18771
19239
2365
10811
951
5966
15380
12303
27238
251
4894
9983
26799
22293
12087
17347
23163
22445
8378
13718
20773
12675
29432
21470
6796
16076
3042
20239
15975
23858
13321
26829
26073
1821
23241
30545
24902
4657
27328
14349
16484
14104
17029
13715
12437
18049
9623
17587
5492
12136
14740
23779
4013
15000
25516
20453
26131
8047
6740
9379
1260
21986
32575
6494
1935
18880
21898
4359
50
21307
10295
28653
29181
6308
13532
11161
12643
15734
28316
4598
7857
662
11607
2998
28391
15321
23838
24048
30408
16071
16874
12046
11309
11935
9101
21222
20894
18843
30184
8743
35
7028
20831
24823
856
14633
20362
30938
15296
27133
8237
2518
31579
25022
27243
5845
4219
28749
20022
20810
29395
19035
6666
18455
18129
20337
2267
32175
11054
28979
7244
10615
1219
8165
26401
10355
15518
24622
23543
24862
9301
28188
29746
7833
29850
4457
17208
9992
6672
1789
18909
4410
17501
9139
7709
7560
27521
5216
15121
5631
16230
24338
3356
31169
13751
2453
3686
30632
10742
2364
1931
31789
17353
24541
18580
22152
6037
2590
28198
14617
13646
8943
1785
6407
6542
24664
11660
12583
13540
19829
27159
11295
32110
26047
28866
14795
16042
30092
4116
5087
7049
25562
25518
13774
30405
18760
7993
19435
13685
30821
1437
7630
4063
23341
24691
30714
25741
18897
3006
22717
16803
16055
27093
25687
6255
3010
21412
25694
20290
29907
22804
22112
9598
21392
26056
19915
7665
10340
7690
11530
25441
15558
2053
31217
23400
15039
21812
20827
23427
23974
24602
15889
13413
8239
12852
30446
1937
2980
9772
18497
6951
3185
31311
11379
8190
28646
26433
22506
7668
28473
3823
15404
31362
27594
22470
17992
19860
16555
2083
23666
30871
19808
13834
24301
13267
7651
24346
12334
1531
21484
15552
2110
23042
13678
10412
5984
10033
1125
9601
15348
24439
975
24529
20379
6144
19960
15176
20380
8200
24571
16423
25734
31218
32390
31988
3351
27284
22493
12400
28765
4822
1826
20426
6939
18299
23763
15634
11374
6974
4244
16880
13744
20257
16431
8854
20893
7426
24537
23795
14004
4207
32695
26666
18656
25019
2720
2114
28248
1873
25125
2591
11204
29001
31694
31665
19361
9017
25511
13419
5350
8270
18427
16887
21736
23963
29280
3368
16507
11952
20979
19248
28762
24687
31461
3859
31945
30235
16183
3931
31864
15538
17601
29710
27307
10365
15481
16605
14488
12517
7922
12190
3600
7816
4643
3836
32098
32652
23658
31085
11901
13875
2257
30821
17748
21936
8335
26570
1927
16698
7634
11687
1343
16734
31675
6692
18777
921
1962
950
21704
14374
22461
29587
26932
16917
2707
30313
26343
11677
13398
25935
16874
24755
7416
15100
21099
14811
13244
18742
1122
4415
23545
25230
10869
20478
30491
19531
30744
4550
20458
3236
26360
1189
19215
26930
2970
31516
211
10660
7487
25718
9259
29365
13580
8023
23282
19803
2151
23192
27509
11841
8868
30802
25396
4472
25057
10041
6887
32362
15150
9772
15296
2063
2546
26122
10736
7523
28298
32198
30828
15895
50
9406
18929
26502
22057
10056
17221
19948
11280
2446
29377
13778
9619
19613
20748
461
30028
2488
16169
18536
27364
22514
9652
1631
11388
12284
6504
16654
8011
16955
10469
11560
17288
29469
14256
11692
1930
29102
2684
16149
22062
7270
26792
8914
25721
10309
30472
24309
638
15907
12264
26159
29570
577
7246
31740
4447
14883
12928
10523
16166
1186
32198
21569
28424
22589
29553
21262
16247
15280
6428
1856
29576
27848
24626
23591
19100
26997
23217
14425
31551
3873
11565
14246
21840
17472
25111
16718
20323
24616
575
20082
867
17699
5784
29897
24188
24771
30523
2452
2103
1654
2991
28884
17639
22618
24680
27834
22341
12883
13709
351
9559
19290
27391
16565
9366
280
28054
4798
20815
435
2478
19963
13642
18408
18146
13352
16810
7514
12567
10022
20
5929
12989
10809
24339
16583
25681
883
7611
26887
29990
4464
6797
17783
4454
10564
2459
24560
26963
4274
21997
619
15827
26783
12834
5398
5676
7109
7258
8872
780
9644
22868
30449
4812
17878
10964
2997
23285
29498
17736
14266
15108
9205
18602
21536
15466
15675
16552
19441
13271
16275
28675
18937
1976
836
27445
30936
16383
6410
18006
2389
17186
8974
23104
29429
25702
14869
25842
8909
10077
13048
2354
3220
23725
22612
29047
20988
31764
27778
6661
29762
24489
1994
1626
17412
17509
9939
26057
852
13281
32094
27493
28170
15201
24884
23840
7262
5138
24925
7732
29622
8336
23955
14530
6588
25515
12791
10937
7604
21611
19202
31226
19469
13138
13757
21434
24629
17632
53
15143
2226
5469
32297
2894
29039
10706
17927
20540
18515
16985
31255
15203
28696
4502
12789
14144
21851
3462
6212
24123
6639
15735
4257
22735
2679
10584
31190
26346
4660
20019
24656
6295
8475
15352
13524
31194
14379
16508
23405
13787
4093
17345
9897
30023
3485
14712
4868
31732
31128
19396
22181
18884
11606
9025
6472
17099
10922
28741
26748
8884
20904
6502
15374
16224
10423
13116
7877
24273
27367
9576
20303
9287
20612
8404
28028
22696
17899
19261
1962
4645
1180
17391
7297
32539
17041
26064
25824
22583
27598
27296
31254
15838
6714
21375
11350
1228
16301
15024
7525
13819
13898
29340
29590
17862
11023
5658
14584
17998
5802
28141
15054
6429
14478
20366
32063
25609
18503
22829
5967
19803
20746
12018
2830
17201
27537
7560
28175
21025
18982
17884
30236
20255
19197
13858
15912
22689
1222
5146
22405
29441
387
15505
31576
17442
7063
31786
28745
12886
12576
17758
30847
27263
8583
1986
23499
4469
18774
3208
25123
9384
28745
31817
21075
19975
23975
29186
18671
12064
1746
16220
31628
26504
3101
17968
15407
23165
30687
2890
20742
30666
29638
26221
29782
3051
26733
29592
4277
23410
15152
10632
3449
3497
7743
14718
16240
10873
9969
7234
20946
12170
7771
28776
15219
172
16418
3538
5181
14198
23437
29302
24286
5676
2782
27745
6846
8678
29923
9468
12852
10223
19656
29071
6393
12908
1071
3331
11997
12350
25474
7916
15032
21545
31880
13255
4516
28469
11063
2687
15977
19028
6346
23351
15673
17222
29971
31555
8094
12474
23057
631
11440
20918
3525
21925
20875
19512
5698
14945
30208
32542
21508
22535
2443
11075
5762
18944
23685
14315
24326
10048
6555
5729
17853
8979
29567
2270
13578
11034
23261
20653
28448
9872
20625
1933
4560
15058
10263
10327
3231
14623
20035
2784
15644
6556
26674
22305
9585
10139
24192
13205
28983
17180
10427
13027
15503
23444
27928
17597
20846
2030
18533
11784
20280
24528
21055
19517
28817
31263
12677
10255
25456
13509
21773
6990
26484
10674
9365
3595
9852
29984
15868
3837
31602
12572
4786
19235
7015
19010
31085
10411
21733
4552
2077
2323
22912
12478
18979
30350
17839
24723
9917
16553
23258
3292
3013
19502
8116
16977
12444
6728
23243
3864
1377
19177
7006
14407
8806
7785
17518
26788
19428
14960
19991
15535
24045
13845
12577
20450
13475
12615
12499
12087
25768
31596
30471
21739
22485
3401
13956
4481
8751
23074
18311
1547
8982
15394
29347
5029
18112
32765
24011
25666
31718
21459
20398
28843
12733
7512
15683
10180
29224
31538
21924
6929
27692
30114
31
21626
676
8807
138
14667
13110
16351
13784
7807
27013
2928
9962
29246
4776
22310
20903
7844
1244
8861
28751
2500
3957
15138
10508
22253
18203
10005
23499
19756
25138
24721
585
1809
14746
9040
22129
20406
16793
20936
13029
20734
3861
13722
25051
30491
15623
7981
20010
11603
17964
10390
19108
22531
9982
8124
25511
12260
23522
23481
28399
25229
4003
387
19886
7225
3615
31691
5343
24267
20288
10789
4055
18959
11822
2922
20765
14659
8387
26458
17787
22998
832
15238
32085
8047
19518
28526
8250
14641
15591
5094
16057
27710
24933
12734
30326
30585
30107
27553
7293
25745
531
30526
25045
27195
17720
12710
9817
17342
15558
21237
28099
8629
25470
1333
11018
6160
30494
25215
21998
11613
23184
7779
32464
28486
26722
24203
21704
12378
18806
1690
20978
21264
9211
31578
520
17928
13979
8471
5942
5525
13302
6470
16681
13945
29264
875
31338
28143
17286
17721
16362
31471
2375
7674
26334
25773
22912
2353
1228
4707
18200
13438
7654
4176
8926
3267
3480
9728
18624
9861
23901
8655
19773
1429
32214
32169
7965
2031
5661
16659
29023
30690
23895
17519
371
2417
12936
14715
3497
18170
26284
7452
4074
12565
27907
30298
4262
5567
26028
1707
9741
25272
13941
20340
29570
30505
9714
4301
15692
14474
11468
9605
25743
28355
29020
24677
24443
11153
8568
20153
452
16684
7821
1037
10578
3111
12270
21301
9017
5271
12140
6288
23787
19063
25639
31117
13741
24907
32676
15725
1095
3844
28959
9035
9472
12836
802
22874
9161
8994
30550
31087
22201
13584
5274
11967
31929
10619
23378
26857
13441
7059
21505
16439
24515
9867
11291
28448
18085
19267
5396
1298
3957
22821
6589
13935
24216
24141
24016
28118
12996
25324
31689
675
20848
29678
29944
14521
22408
16602
26581
28031
16996
20730
147
5672
1275
5053
22520
29496
32084
20569
13419
7491
24126
14516
24911
20216
24897
9093
4239
4191
21716
12726
31354
10079
23248
25358
12242
29059
27429
24076
21023
2814
28364
28438
9801
26348
1789
723
13670
15578
21665
8149
28625
28553
21514
9083
1660
20719
8418
17941
28295
26495
13921
10826
17169
6314
32707
31671
31054
23718
19706
24793
6873
24430
32672
17453
31308
13066
1071
14485
5647
30480
27508
31998
7533
6507
14401
25408
19437
5211
13667
7749
3807
19901
26579
15214
10549
31629
28977
19250
18836
12713
30317
32009
18091
31959
24264
12936
30148
12042
32507
19917
20376
16609
1205
16157
22376
27761
13899
5580
30793
25924
23211
6237
19648
20897
23955
10219
1166
26894
1024
29384
23757
23572
17640
14947
24124
26946
6699
12399
21976
17269
24008
12097
15276
11606
1868
20858
31721
28195
23953
11495
22073
947
28836
13477
18257
13748
28679
1673
12485
28216
12569
10174
13089
31600
31186
29872
28213
7862
25523
18473
7088
3281
27389
7610
14321
17269
32290
13149
11545
22538
8569
28248
13413
9134
31541
1893
25019
28797
23448
16911
3458
3088
5476
13151
4279
25411
14995
23480
1853
2876
4423
6144
3189
23465
21764
11776
9743
32328
6173
30734
20768
6061
22892
29673
25972
27968
8774
14564
17189
11397
16558
6471
32364
14240
29129
29426
32184
6936
4243
29507
15869
4315
7375
21050
12623
13442
11844
18651
27567
19671
10278
18132
4645
20116
16595
11104
16399
31854
12736
1387
22200
18514
9138
7927
27436
23023
11057
22462
17995
24180
26937
4889
11037
1435
9268
15648
22373
20454
27941
11027
29305
4648
9510
23289
24144
21064
30484
22150
7901
24898
6537
15682
19355
22126
27914
14824
16234
20485
19074
26380
31385
7393
5615
26369
27460
13188
26972
13050
4064
6748
27663
25967
10260
9542
10755
963
26570
11344
32665
2851
24711
8131
28042
17585
5367
7521
26912
9442
27341
27371
31910
14884
28362
31206
19485
28357
7962
22687
21040
8720
12263
13421
26986
23737
32297
20790
30119
9339
9403
6708
16840
13055
26548
12281
26027
5120
27124
6065
18523
28333
24829
28584
4739
32334
15109
19724
9513
32299
27465
9971
26776
3241
20643
29343
1950
18871
27231
21761
27384
13416
20299
3453
2315
3041
6925
32237
24021
14198
17849
29672
7970
31248
6563
5956
259
29906
15218
8665
7804
15612
30838
17544
23165
2319
20284
23933
19731
14642
26207
25520
4320
16084
26016
11186
1225
10131
25913
27046
21998
20316
26479
5261
26079
32212
4199
3784
24845
29431
4154
14295
6526
9983
29515
19303
31173
16776
19673
12684
9266
3057
28624
9291
4678
25349
10725
20059
18537
27611
13537
18220
29151
4090
21053
4137
30969
1217
17648
30523
28552
25095
7557
654
23447
3070
3184
18839
15450
29789
11938
24406
23393
30398
2139
12760
15889
21572
8768
769
19285
4738
31917
24200
31121
16792
19788
12611
6360
28063
15079
26021
3422
16200
2938
10629
3632
4031
30861
16672
15394
29654
7616
2914
9481
607
13736
7009
1835
23001
6361
2859
26868
10576
13124
27585
22763
16510
25540
30307
27108
27446
31219
25358
16246
7171
17986
2116
16047
10764
28745
10251
14087
9786
1883
3640
6035
2973
350
25581
1147
20236
7129
23649
24750
4620
21327
7903
8148
31988
25804
4626
29829
1102
3517
27775
11960
7551
32260
11859
24190
9899
12364
26719
3824
1491
7322
29793
11621
17216
31013
645
28905
8997
32104
8235
21995
640
23413
7147
566
31553
25484
27350
9507
5038
1516
29439
10252
32006
9961
24379
17155
9572
31039
24612
18884
8423
21158
32356
17641
11792
11943
25136
11101
22891
21421
13330
20499
1138
20063
31468
22520
21422
14125
6970
19494
18463
30249
23447
7258
2014
31001
4739
9640
6657
4042
24931
4461
6591
25255
8393
8326
9429
14217
25078
14015
2343
30929
10653
14990
30123
12981
18410
7426
12931
31447
29123
7670
9321
30236
32590
8330
8016
28859
29619
9172
19528
15508
12835
13266
9891
18884
1049
26275
21590
11638
21727
14839
23970
2811
18005
25797
2035
4894
750
28988
22536
3505
28923
13051
32596
8556
11052
28036
14500
19960
25171
16110
22531
19526
3180
8923
4570
18725
1243
8618
15708
11796
500
32750
5665
27732
960
542
16657
32322
8190
6286
6276
4836
20329
1949
936
6082
8249
24624
23842
5367
29164
23648
11512
3975
7750
29808
14766
26099
13207
16386
13487
23307
9276
30602
1519
17156
3944
10754
31439
1738
1829
31456
23617
29079
30613
31813
12332
31941
4990
31095
10770
3553
27141
17809
3824
23296
2490
25209
4197
26966
21717
5139
25367
23044
27327
13236
5203
31026
19157
22490
25331
17246
5224
9242
8069
21747
2056
21849
22441
30750
11778
24127
20667
17629
17959
10217
5554
1881
25807
19166
7240
24693
24862
21573
17756
21671
30854
27477
15508
15623
19341
27404
31558
20133
6097
17444
29337
11296
21321
15171
8423
13684
3277
22386
5734
2580
13785
5328
11528
28985
14734
12167
30623
7289
1273
6912
11333
30875
25752
31059
3579
170
23322
9986
6544
18248
21863
12006
31173
10821
24544
14953
1710
25712
16616
20982
21595
29101
7331
430
5304
31048
1533
13917
20658
12937
8431
26284
15515
30601
14846
23704
11216
31299
30468
13090
26521
20462
1330
23624
27984
18059
26710
17205
22470
14522
20314
24245
30690
21457
4621
18411
24715
1071
15399
10566
27080
31694
18823
6577
28454
1816
30654
14346
19803
9212
20689
6870
25384
3904
21307
26675
6532
15385
23346
10765
14070
27129
12587
12949
579
19624
24992
9455
30793
31382
16913
30251
6443
5488
18249
31351
4270
24817
4322
21139
15843
15355
19979
19845
24071
12262
24457
4749
24231
2584
23292
10075
6919
13269
21348
9856
2245
15449
2787
14883
6074
18724
29125
12021
18721
24726
5821
13159
16891
17083
27761
5914
23730
17512
2105
7830
32252
24711
15908
16192
12546
29615
15933
22406
20162
22008
5900
14173
13489
18189
16735
3309
20133
24706
6474
2442
30707
616
26732
21223
30676
28191
25972
5254
7438
876
19684
17779
15568
21451
30485
30258
6365
7
3963
15094
28908
5127
20779
1556
17231
21739
27802
1718
212
13656
31400
24532
14313
25615
8413
19296
31491
10437
19186
32193
1600
815
7571
23939
26699
16476
1635
25421
12928
31303
3393
13843
29776
13741
19146
22412
1511
4636
10270
29927
26125
16461
19431
12218
12106
12979
22680
29499
26702
15444
24563
10674
13199
4568
12238
26158
8756
24799
23574
22135
11826
29080
10772
4421
8117
1680
16623
5295
25025
28359
17267
2278
2585
32265
14096
6947
6240
24443
23590
1246
12414
30325
23424
4929
21573
16783
27934
17116
24661
29695
23607
17306
20540
14626
3198
30964
3554
22104
25765
19044
20517
7957
16927
22557
19648
28469
23083
26617
16753
8080
11278
7859
6235
10447
26783
22870
11177
26750
29449
15093
27764
15458
24269
17053
28902
26636
3846
32136
11680
30894
23281
10643
24154
6958
23468
23538
25033
6265
18238
35
3270
27674
31960
17184
14508
10507
9819
16089
4354
8394
4889
31201
25690
176
12256
3944
31864
22911
16437
4969
16823
17722
15581
1828
11689
7993
31650
29135
20734
636
1107
29065
28839
576
14093
22671
32315
20688
10169
10930
28569
18590
21206
3849
14799
2962
3961
2531
29498
11426
25233
4863
24815
6051
6000
23552
29530
11102
16775
23323
30245
14823
2929
28179
30555
25386
30516
10599
10702
32199
29635
10186
18102
544
27591
28115
12954
11183
12702
13814
26996
17566
27812
14515
30224
20369
27570
17677
30901
967
229
15678
263
20321
19105
19369
16172
21505
3541
25616
20526
4503
1408
25863
10656
13176
19316
28072
26757
13233
15962
15241
1901
18586
2294
9451
16353
20654
11948
820
6913
12441
16707
8608
30060
22419
9194
1075
31328
24045
32632
6898
23075
29161
19448
13650
16289
1743
4965
18929
18774
31293
20914
26244
2414
9151
5645
23568
20779
671
18789
31582
19336
32255
15914
30121
11036
27428
27988
13721
28480
19989
1190
17525
1140
2149
10804
3988
17407
27213
6435
8724
5846
23038
31664
9935
16319
1332
9843
18059
4278
20751
6373
13937
3984
31775
26401
2753
19934
9917
28903
8643
30740
13730
2534
15105
24555
17074
30523
3763
1539
4121
26165
31099
26317
12697
16475
4178
3752
24610
176
12482
14666
11172
28213
24919
98
32545
24496
5712
23931
11014
27820
11929
804
27067
12225
15614
20814
4729
32277
29081
26869
28252
14371
14220
8963
25529
6075
23286
28273
27569
8010
19231
22959
1542
3676
19702
19270
7982
32607
12734
11708
7334
4778
26116
4791
905
19134
27860
4454
28001
32203
6956
25629
16189
118
10161
2367
22276
28121
25249
27489
8968
12491
10761
21676
22494
12898
28216
12675
14446
20919
23155
26214
9286
2281
30186
15639
24628
25445
20715
11515
19731
10596
4694
706
229
25781
31057
11083
30242
8892
10044
9665
17744
6075
17896
24843
7380
1872
24067
2147
27400
5695
29143
836
28301
26994
12341
11402
8419
13886
21419
1237
12086
10216
509
25646
30075
15976
16339
28397
12220
2668
19632
20953
21936
27296
31523
2450
21647
11821
22849
14636
6948
16511
15698
21533
11300
16972
2763
8025
10942
13266
17277
19899
5491
5216
14603
15271
9000
6935
29345
3566
30330
27890
6883
14321
6993
29700
2596
11530
696
15361
16601
16679
28908
30720
26189
31928
4530
5503
8086
26572
9966
168
21191
4214
1394
32211
10855
20598
21524
15435
27938
5653
16643
1621
32191
13393
8539
12910
5970
32314
12022
14805
6579
12700
22662
6217
31278
29918
22496
22804
11388
27690
667
30024
6130
10703
2266
26441
27897
32227
5734
6027
28350
26924
2560
1693
1323
14145
14069
22631
11029
1004
25842
9392
3255
12243
538
12515
27231
2135
15190
30482
4967
9917
28396
7739
3431
19083
11604
18378
15273
13109
15431
22112
6877
15609
20504
4563
25870
17672
28487
19574
12757
6374
13396
28058
26317
29971
25041
1364
3142
22251
31931
19841
23102
9675
24842
15368
4493
30581
1159
2655
30047
29622
23518
22097
30951
6982
5620
16382
30034
30191
8570
10531
31738
27633
12483
31131
6365
20134
12242
3366
6477
21602
24760
11882
10985
2973
4637
17207
26315
2388
9244
3599
7427
22188
20308
10470
29764
25049
25147
7462
12766
30270
26806
15606
15852
32725
29159
8636
14287
7634
26694
29664
11995
18563
12276
24532
21327
3707
32588
23633
13195
11503
9658
9699
22909
1888
13520
5031
23645
17018
16278
10579
15002
1597
9250
2680
4116
11098
4969
13060
31883
22496
19285
6411
20055
20247
14104
7111
17754
30892
27071
25565
564
25359
9994
6369
30133
17690
28283
4125
25752
17139
15533
22670
21358
31283
30439
18480
28376
6472
13553
28284
17401
1560
23846
4142
23851
22502
18123
4171
5873
10362
22175
27235
16686
124
18867
8723
24724
25378
8828
19407
9310
15627
27687
4830
25666
14954
18476
24742
15009
18534
31270
2346
3842
17857
26082
8401
9406
9912
13238
24425
508
4139
3860
13419
17120
11774
13150
28801
11520
18623
15100
10309
5912
24201
25773
13388
30974
17192
17178
29283
14296
2941
2737
11288
652
18468
29104
18045
21112
21333
22144
7976
25700
13832
8261
14974
15796
26717
3507
10034
4578
28986
26147
15112
7212
10550
16614
3295
16778
9398
22233
20462
3811
2389
4665
29774
26496
21130
20665
12472
30657
18821
3026
22929
16399
13401
23387
10531
19473
96
1625
23854
27171
27611
5656
19871
30468
29402
8059
24735
4558
860
13968
32719
19500
15542
16487
29394
10951
15929
5925
17165
2561
18703
13396
3242
15078
14694
21885
24803
27743
6865
20217
7549
13481
23530
260
23954
20230
25917
8979
26516
25011
5985
22888
15503
24601
29800
18659
11438
23879
30842
7451
5377
25248
26044
13485
10877
7889
1910
26580
30277
263
12406
7482
26408
5214
30895
8462
7274
12188
32294
29271
19911
19743
11535
31368
29877
7956
21298
25428
6890
13290
660
32451
29214
16134
1876
30086
6418
22969
29907
12168
12753
20591
3607
10949
11573
20521
3442
13407
28590
2093
3934
14318
13119
5115
9388
6424
19145
16772
20446
19299
10892
1943
29137
7238
23019
16540
27039
25478
12911
32132
27587
3520
4111
1280
21630
13633
22191
21233
31098
15646
28902
11296
16046
8834
11268
6704
29313
30786
5460
25553
13618
16567
15518
21814
28535
6604
32752
27848
7268
28502
17566
16412
27279
10148
16776
11554
30834
32343
16027
11168
12304
372
28059
21215
1500
25784
16415
26533
7894
7980
24285
1634
8695
1785
9767
15790
14543
24444
19382
11507
877
3485
4519
31591
895
26205
10947
15166
17082
19375
13315
3357
14460
2953
26451
6097
12976
13626
27543
10305
17907
22782
26092
3489
2292
26064
12336
1513
7969
6527
22724
20102
22144
14084
20368
11599
23770
30483
25672
1466
20511
26352
31214
20048
11782
10628
5017
31326
26356
20144
7796
11246
6175
13537
7433
16885
12531
10469
6080
5838
1973
14333
30370
743
8550
26675
10339
30651
12522
19181
15008
18176
4457
7619
18277
27169
16374
28046
23538
24046
6254
28609
15551
26259
22947
1533
10941
20422
13498
8159
3551
32069
27602
28445
10457
24448
17383
8657
14888
8338
19957
5908
11858
7542
19296
16847
18287
32632
12691
11726
24040
2537
4327
23318
7807
28695
25287
25465
27023
18301
787
7783
14229
27190
22721
14087
9968
23992
29130
26758
5861
4542
5700
21680
29670
2950
5835
10429
6420
20797
23078
1133
27394
10680
28200
22359
4028
1124
8147
10365
26632
7552
24260
31781
11755
12937
28619
19428
23663
23286
13017
17660
17572
22822
31
16616
29669
30615
24692
11316
20316
18008
9463
20370
2249
19649
8694
12075
20606
865
4367
29747
26798
10808
24213
5312
32232
20262
26166
11740
26847
6308
25306
17368
15724
10418
5581
23780
19158
11280
26913
10717
29008
27057
4430
12646
28867
26221
29212
12602
5326
28918
19139
10689
25100
10765
27984
18401
10389
23798
1354
8470
8135
15401
12694
30149
28486
22090
30104
28109
18753
22363
17819
864
31223
27185
12915
4113
4218
20004
30816
12333
1203
29963
30006
28751
32423
15720
18875
31023
8952
7391
10833
11707
2223
20205
8917
28521
15416
23510
20934
31947
29614
3039
24234
7780
22618
6846
12205
5562
2422
16207
8844
684
15414
23432
19633
13062
7433
26799
1696
4179
22044
29642
18065
8178
24351
15960
3678
18796
31309
22334
28832
22277
678
16388
28949
25745
28543
29249
17478
12425
12605
22868
12902
862
19294
5205
8572
8461
20409
5196
2757
30964
7942
27296
24403
2020
4768
23506
8187
8311
29578
2666
11374
3492
25264
20018
3494
17296
5744
2979
16260
4775
4441
8093
15799
4332
13875
13147
22495
11661
23871
3237
4338
8891
20160
11847
3551
14776
18105
23747
22386
5426
26105
23363
29560
30159
13397
29905
6435
11529
6197
9674
1200
12860
26450
31120
11846
3581
29885
28800
26658
4014
16420
548
10225
335
10833
4009
32637
19863
21235
23187
2188
19524
929
21423
18437
10415
19484
22089
19541
5795
13268
9120
2833
18799
9390
12951
16861
24890
29445
10157
24204
17047
9967
2351
12937
3162
27329
941
30069
8105
17109
21162
23313
28246
29322
8599
16479
876
12941
30979
13316
31239
7255
3084
24049
22121
28407
31257
2626
30027
4370
22731
23398
1393
29736
6704
26497
16257
15640
9018
17678
20501
21991
9840
19145
10255
19645
5860
1740
10029
9264
18277
12536
21725
30917
2549
7318
6994
8116
25470
27966
14551
8940
10176
4856
23395
15959
4494
20898
6766
16991
11066
22418
17156
32689
6990
10108
10776
8257
10620
22933
31002
4494
4056
30712
10444
25639
27717
31305
7761
17518
26157
9369
7814
28828
23670
19850
2966
20485
12209
20404
8393
3998
31892
10823
8349
26556
23210
5361
10520
28446
29513
2818
8796
7982
1221
4558
31612
28036
9699
15954
10638
7852
23952
15899
7426
13865
25299
26468
8498
10169
6401
5247
23097
11739
7216
20086
21769
27023
29165
2801
23992
12125
12850
346
4123
9624
15506
23360
22166
6116
19895
17401
19250
9206
2318
7052
12016
9115
19137
20686
27486
30716
21990
9930
21095
6688
13046
26982
4207
5298
21120
21828
1184
19205
18462
14055
29566
12629
12713
1303
18370
23120
7849
31366
21861
32212
3087
29363
21243
23803
18471
3599
32066
10069
21192
24927
6395
17780
3534
13409
18168
11438
20937
5042
24183
8222
15095
14831
16814
748
17008
5146
24743
8142
30625
25920
24142
2511
28155
19801
3017
31312
13036
14192
11783
20556
24591
29444
16796
5344
7584
31917
12492
10506
10546
14851
12261
177
13476
11451
13267
3813
12625
24851
14062
18281
23431
7025
16406
22894
6715
2374
24578
1954
1786
31033
6357
16745
12835
24194
25586
24938
30548
9107
18962
13646
30242
4094
16788
12996
781
17811
18196
32201
9394
6344
25662
9254
28995
18527
6372
12858
24629
22594
23119
1273
25656
5042
7379
32053
24940
31392
7078
30749
21458
7771
21235
12547
14849
12652
24617
28770
6170
20158
15513
11295
9981
15363
1600
32015
957
11090
19169
3514
29522
16405
2392
26206
3726
23330
23850
14903
27219
29224
2144
6654
4098
30285
20374
12208
23094
3605
23631
26512
2483
9862
6539
10863
9881
8074
16028
3371
478
6036
31797
6518
27386
6790
32708
5080
28132
14291
16641
25335
11582
17376
19911
31767
11468
18609
2084
30941
8235
27073
2732
14936
4544
16177
10002
15682
30190
27685
13049
898
32396
29804
5895
14070
17046
5471
21563
26992
3618
9739
29569
5630
28310
17042
4996
18287
20249
18126
2244
2066
14663
23608
17384
32449
3625
7944
29269
23838
19300
7838
3327
797
12464
15649
18815
31683
22924
12902
8551
14125
7985
13843
25554
9683
22212
5380
1343
6414
16335
13805
8607
3288
14066
20801
25772
16083
214
24659
19581
13966
16739
1980
31319
8963
29491
252
1479
12644
29510
18276
1517
16663
29943
3123
17691
6399
29230
13823
21151
509
27608
28502
26332
27318
3732
2214
19872
30871
4015
12634
19121
10775
22099
19526
11433
28220
17659
25413
516
21857
14122
32288
9336
16182
1885
24754
3717
10760
12606
29770
12108
1859
25626
24657
12452
14645
6549
5677
25451
7700
1181
21604
17946
19523
27804
25861
22940
25553
18674
6980
14433
6467
12450
21604
9134
23955
29259
32730
31543
18296
26715
29359
21231
8680
23935
2598
6943
17371
5470
24991
3765
5459
19846
8123
23519
26009
19110
7873
15065
30409
17919
29760
26372
25232
20245
7158
11831
15413
30122
18929
2649
5078
20460
10228
31024
16117
12526
540
1652
2611
9045
9923
15400
14426
31828
32165
27946
29345
6874
6721
3592
3628
9993
19843
4117
19155
26091
31391
29372
28452
30048
13120
32533
26027
1115
24290
25014
16241
23374
29052
5836
16322
18659
30051
23658
21811
18157
27755
7968
9188
27550
19535
5328
1283
31482
6739
31165
8081
11403
27175
9189
32361
31063
17423
24721
18302
1551
13889
20522
30820
32137
5518
13390
19474
28528
12613
25635
11750
1851
32341
23275
24041
12123
32177
5337
10837
29881
25081
11811
25172
15967
14422
30809
26123
11637
6310
31221
30679
14704
8409
3123
13014
23686
16282
2851
19114
25701
4658
19452
30841
15140
22954
19891
14648
15482
19248
22476
16682
27438
16317
31601
18595
6862
1780
10945
5650
24996
24908
23146
26942
26342
25969
24954
11216
24877
21736
2930
2834
22824
9202
4252
24310
1170
14516
26783
602
19809
9620
11089
138
22849
25318
29644
15367
9536
19400
31172
29319
2507
25162
21784
16956
15065
7891
8102
5209
6246
20160
26980
4307
25379
17997
12973
32612
10604
27065
24792
14806
122
20901
24847
4990
24026
3774
27998
23047
9501
20635
10251
21361
15826
29672
294
23896
17841
15301
6752
4474
13081
14953
7457
4980
31677
11531
14036
27596
5018
20226
12166
5172
22572
26667
20143
6413
15329
6795
591
29739
17870
13109
31805
1240
14752
622
14780
18715
31702
32528
10576
15418
1582
14636
25296
32381
93
24563
9659
10805
20739
24279
4559
31229
15070
21997
19928
9280
23102
29078
4295
4091
5817
25950
16643
18116
23839
3620
7684
18444
13745
32636
10269
8609
2701
81
15001
29046
12909
15055
3082
13479
5009
9087
2270
1976
29434
23476
15411
15390
17369
4903
15085
26368
2887
11486
17669
19774
11318
11090
4387
20659
12200
10192
30320
17079
23839
22816
26789
16360
14164
28005
31337
31019
12587
15172
23001
3565
12007
3656
31592
23471
10138
4741
26345
26305
31456
9084
23274
16461
20173
575
14916
3480
2596
14038
30704
5253
16074
8416
29980
29019
6266
31613
1406
22983
9145
22636
3561
4389
269
22129
28958
29179
22634
5882
16100
12486
8429
14081
22875
15354
4301
20276
1165
23876
18830
16212
5190
18
5239
18651
11302
16725
17223
15585
17908
11397
2340
16704
29237
18918
24532
28919
1789
25099
19759
23500
12550
6808
7380
10550
6911
20556
25116
25209
7974
21054
22092
10259
14105
25190
26383
22103
7657
8032
2339
23896
22641
15213
9042
20488
6118
9403
9636
28321
10927
742
8403
12356
28534
11710
29183
4064
32383
331
22179
8278
32056
13070
31944
11227
20498
3210
25464
25245
7824
12035
8054
23721
23965
17542
22572
29452
21539
16937
4325
13368
19929
8084
4668
30634
28765
10176
2004
21706
26242
18175
9802
275
21995
31293
28008
22899
21209
17285
23196
6901
17985
18375
8104
3741
31266
31192
12698
11411
16405
30394
17407
31365
26150
30494
1108
10566
28130
31271
10685
13755
14769
3441
11514
4343
9318
22098
15510
5029
14101
16479
16737
16550
28964
30002
1825
6908
22181
363
23941
4839
14563
19189
17754
20045
27963
15499
32257
20575
26158
19066
1825
17530
25268
13480
27289
28747
10194
10709
25273
4407
30830
12321
12465
10490
16227
30414
14153
32142
8145
30024
11731
20558
24502
31586
32606
4187
24771
5859
10797
3135
7016
29249
13160
26320
20530
4268
784
21335
25430
2894
15416
23794
5774
13266
25971
15671
5411
16419
30089
1562
1611
25462
6254
8977
6582
30858
16500
30070
16996
8494
22463
4140
5049
32517
9721
22149
29907
27014
15944
611
7707
17734
2429
21918
5402
24698
16527
31398
6799
30903
27463
22634
16062
19965
14140
23928
4106
26356
15106
1637
6086
27253
31135
9071
6473
12876
14910
8545
18240
31549
2088
22967
25417
22085
28399
11779
31677
16161
18156
29327
15308
31765
9708
27716
464
10982
18471
26058
12251
7976
1394
8177
27282
30144
9909
8528
14911
417
12190
10540
16929
30169
28823
18843
519
28881
29942
27880
22045
19664
8564
19002
10501
22978
5857
3441
3113
25656
11542
13905
10832
11695
6698
29410
18544
14869
6633
30998
18627
5769
10625
9133
25629
32099
11135
22102
3453
31604
2042
27927
13282
31375
7438
15086
22112
21831
5005
23481
7794
22523
27632
23891
29842
21264
22420
1024
17159
8830
12835
11787
23295
20110
12111
6829
12253
10722
4295
6193
23764
4277
30819
23894
10421
11620
10914
4597
31749
26157
21847
19171
32083
22583
11935
32025
18376
979
22
11282
28672
3586
29259
22389
19224
15159
11377
27636
11273
1886
7255
15220
2868
32540
31386
16494
19518
15961
24345
12437
5661
14332
31145
8889
29043
10997
17162
19435
8475
26753
14874
6114
26882
20393
329
8349
14137
8716
28749
18762
25416
5599
28183
103
30660
18738
9989
27943
14884
31349
29529
3095
25808
10810
490
32513
18299
2621
6937
5136
16819
23969
4103
18486
19382
11900
10757
18635
392
31894
11852
14455
25666
18798
18927
15185
17837
9598
31245
3656
4623
8896
17483
11715
27717
20593
21377
20356
20498
9237
19636
13266
11959
29627
28741
4567
14788
25986
23399
9031
20525
30812
32214
4930
16800
2578
6087
21628
23574
32393
21530
8859
30633
27715
21207
13024
29861
29224
14296
22538
24545
6791
4547
7543
12624
28504
11580
7565
22739
9156
10328
5976
3409
30439
23124
1908
4618
13268
25479
18478
26152
29401
31125
31974
4759
5
17382
19640
2583
2792
23638
12379
20368
922
18478
22344
22181
18687
32084
26655
21131
3144
18366
8263
26396
3517
9004
5845
28711
5818
23831
9904
21259
21752
4836
17394
3716
31502
24670
16529
31940
19000
21091
17470
31686
26966
29149
31629
28639
11576
31477
16983
21654
13848
5251
19805
20405
1640
7112
5933
31392
30415
22623
5194
21990
11118
11377
29319
6934
28263
5417
26548
24788
5024
3943
21372
17707
18884
13497
14478
4645
31883
9351
20731
4249
11324
3469
16863
32069
24176
27534
12868
21532
3096
19783
18755
26081
12481
13987
22380
27637
24343
29485
12137
3694
32424
27850
29149
4200
5867
23208
20626
5792
19329
23666
3284
15423
28090
21958
13592
27123
18267
7656
26082
9028
671
22456
4581
15910
21371
1505
5483
14538
17958
12116
6391
8634
22233
10229
1833
17957
14036
20883
6627
6775
25249
26910
17066
4397
28060
13332
29263
21480
9907
8765
974
4800
31339
14232
20086
24026
13859
21141
9034
15677
4253
8836
14760
31457
7098
25166
20264
21257
901
11107
32455
32467
15987
29939
4933
19726
4842
4961
22731
15691
5631
19445
12753
20791
1924
20689
29503
2088
12098
14630
19410
14581
8067
18855
15042
15883
212
8510
22946
10173
19208
7678
32135
26844
3968
3674
29548
12680
14506
660
23509
27717
25288
21112
27059
4434
12787
11081
2184
17462
18783
14844
11723
28571
18400
17828
22926
21343
28077
20014
2654
14569
20325
846
10347
16825
14927
10169
11241
1091
11750
13461
693
27390
3733
20781
31036
2488
30143
29418
10905
23852
17154
14719
15357
10454
21181
23395
26452
26374
32207
13956
6437
32564
18082
22842
9658
13971
22377
6009
22914
3816
13733
76
26803
1949
20206
18302
563
29969
17136
30618
2489
25139
3764
23
15664
12367
32033
29644
18780
26920
194
2986
4543
30534
23241
16809
12222
14481
13140
6147
27904
7967
1776
24737
15639
21579
3419
6354
31330
4615
32143
11587
27185
9843
21243
14892
19499
21934
30740
7111
30957
3563
31244
25350
21492
8648
10721
645
5309
31964
20122
18366
11050
1679
19662
29820
17192
10031
26469
3218
11151
9024
32162
11212
9290
16659
27234
30758
22455
27802
26782
1084
848
19834
8503
13826
5004
866
17907
1461
14080
31899
24002
10513
11466
6881
9799
32453
21039
6770
11923
20004
13187
28516
3892
12061
9289
3387
25454
11885
8860
19643
26568
531
2510
25595
25035
25092
22606
9403
13574
22817
3279
29943
18773
8806
24230
13757
9827
26212
21876
3131
26734
27889
1030
16668
29258
5918
27257
10773
169
13673
17314
20922
665
3636
16813
20887
23374
10358
32259
4732
28962
11953
8306
26392
11738
32292
392
13513
21547
13889
19519
7859
20093
23649
25312
26384
23278
26551
2849
31430
14490
18818
9616
23359
14874
17799
29749
23157
24906
11967
13427
23884
26703
23629
4144
6181
23513
27314
10806
31152
10918
7492
18904
14337
20040
29661
27096
13287
28967
18640
11912
9849
13769
2849
1840
19697
849
26869
32432
1726
31558
32327
32614
6612
31894
23517
3666
4423
22491
31354
16760
27160
6364
28246
30086
591
2391
28363
1719
32329
20734
1617
4343
6228
22207
32428
31560
3705
18248
23908
21092
8857
25803
1142
13988
24764
1022
19273
24864
8101
23143
9187
1048
28586
470
8285
2707
27586
21811
27796
31557
8416
2681
4130
694
32639
11779
3213
26785
2942
25351
11197
29850
15919
3424
4788
1524
20139
18576
27769
25314
21608
20485
16725
732
30733
15515
20034
22597
9860
15203
28833
23882
31313
8611
31275
26637
20259
541
298
2563
13225
10132
233
32410
11687
6285
24169
27936
1097
2131
9557
480
1207
22845
4408
8846
29929
5171
14062
16869
10429
31087
25177
5774
27975
3713
31829
14660
15976
19862
3309
28214
31394
23033
11727
7596
2346
24026
253
16366
9791
30031
32710
16482
18875
19096
13813
7156
23528
18343
15688
16058
11412
224
3363
25816
24680
15645
29318
674
18549
16117
17469
30721
22544
13118
10070
4888
11488
26832
30680
9767
23861
13708
10674
13487
155
11421
13810
31703
9904
2558
26679
23054
12338
30524
8297
23026
15964
3454
23719
25712
11379
14530
8065
24109
18332
24681
1640
13349
14576
30966
9314
7059
21970
25363
29955
2320
19072
15317
31640
8958
21225
576
25253
13095
30143
13838
12178
23458
30156
21420
24225
4855
28041
20870
31523
11138
18669
644
2028
27165
4483
468
19460
28665
16575
3051
22431
31693
3218
26822
21839
17971
25148
19318
31609
32078
866
19163
12806
9137
31072
22448
16474
22140
21216
21447
6026
16072
24492
11926
3273
12870
24256
10995
6180
18210
21156
12828
27504
24366
28664
22522
30080
28220
23120
29863
9627
32715
9027
30509
812
16359
16319
21905
28092
2890
26527
15888
6430
19143
4992
28072
6633
7657
3280
20442
5676
6359
17447
19375
28252
6522
25051
25081
29329
30690
17615
219
30706
5606
25483
12427
25198
4619
17298
32087
30382
8616
31471
17126
2119
22087
28690
15553
22579
21069
19418
17
14210
12510
20979
17067
16973
9467
4962
4937
18156
5101
12126
26394
11624
12007
5730
8318
29491
20455
896
29450
3863
7645
8184
18643
20845
15375
1289
3305
5263
2236
4103
32545
20880
12031
15534
29976
27946
4087
31158
11380
20727
18213
11175
4717
9444
19989
20975
9357
15588
833
562
20147
3809
6194
11745
27230
17656
10984
26126
17192
16357
3708
4479
17553
7612
1796
18689
13566
6363
31927
19966
8706
21276
27218
20306
25051
24911
2746
28763
20032
10983
2530
17999
7258
29171
15599
16339
30224
5968
9626
10953
14471
28445
17622
19561
31721
14704
179
16275
18534
4935
8579
3427
7289
29634
10811
13319
10349
2447
4124
4045
25375
3237
5522
23168
23557
22581
19548
13557
28271
24797
749
28385
14861
23328
8466
237
1202
9747
14294
27917
26967
20056
18595
30989
30819
15696
1961
30573
11562
26765
7555
4718
23731
5510
11288
19821
446
1423
6848
12400
2565
7688
28073
20991
2243
24788
11384
13109
29299
18701
7219
8726
17882
24565
20574
5667
17991
7728
22372
15148
11034
27953
1593
7782
26755
23795
10046
12733
30092
25065
4197
6507
13146
12087
25749
30666
22959
290
1104
11110
3252
27589
29075
13143
32758
518
11005
11726
19118
26825
16948
9453
20805
10852
12677
7644
26647
24146
13514
7705
4984
31019
10641
6927
2292
22739
14970
2027
21979
24818
23009
30123
20222
15269
20413
31095
11699
4724
24264
19765
32287
21379
17633
24152
17076
22284
6830
16120
28920
30988
22149
11560
11144
31549
30349
9348
23901
17221
5664
11785
6735
18733
29300
25130
26839
18964
8827
20767
22809
4901
1543
17793
3362
30918
12338
5396
5742
19986
20733
29668
19629
28810
25143
32147
454
15367
7073
26865
14109
31476
29263
6605
14354
9913
10065
1291
15818
3194
10643
6903
49
10754
20226
11225
22591
22266
10480
31434
22395
3679
30650
29381
30910
27699
424
12801
20026
13170
20756
24446
20666
28743
7631
32478
13355
2688
26048
13943
25948
23616
30926
15270
5378
8435
31745
22886
29695
20615
10211
17697
1252
15066
17965
13766
9908
30574
12959
28955
15595
32100
25392
17237
6334
30632
15207
5350
1957
10601
12041
4758
11031
30412
30708
7125
32148
26081
25419
27471
10473
11222
31187
11714
4528
6762
1949
31500
15382
421
18150
25993
28129
22982
12859
5019
12721
18814
16865
6026
8069
23643
6259
31119
3714
32135
25293
10283
5104
2738
28457
17085
29574
4941
16264
29268
25831
6137
6996
17602
21100
24127
25667
15858
29988
11393
12926
4987
29209
560
31747
18036
23765
8256
19271
3979
17189
30169
18720
20817
9757
17744
7651
1240
1116
5461
28105
21632
22930
17006
29848
22798
14143
17572
1151
11518
23229
32123
27713
18971
25728
8744
2198
25932
5277
5631
1230
15537
12425
18731
3767
3054
30243
28577
449
6855
16373
9303
19808
6638
16055
19632
6834
16920
27669
20539
30050
26966
6835
30878
31692
675
18285
3533
23137
15289
4067
640
5709
11562
29237
17635
27480
20651
14859
1935
16650
12723
16089
5817
31507
3141
22369
3497
10474
19977
9849
110
22707
11682
9486
28113
4454
19516
3433
3463
14382
5476
2993
20139
25871
20765
22449
6763
27340
7216
7132
12033
5640
15043
19854
9957
26539
31021
23189
64
20103
3849
20464
14500
9276
14473
24022
20731
29016
31246
23803
19902
15555
16885
14606
1896
27227
23731
25734
24361
27867
28452
14750
11230
20225
27424
27806
29505
22512
12880
29533
17245
20179
23359
1540
16454
8643
19636
7444
14854
29675
9024
4267
24282
22249
5395
15619
23967
13176
18451
20539
3207
9548
20016
9562
26640
20030
15345
20625
32311
25769
3411
16576
6632
276
19668
6716
17082
28433
12491
11984
25817
1380
8954
14081
13635
18792
26214
12438
9784
25007
20327
1624
32747
7145
16891
25879
29054
2567
27231
25069
11821
31392
25569
21959
27338
20627
16880
4640
20329
32238
12149
21264
12636
9742
6246
4742
10594
11016
4503
8401
23067
10824
29396
9830
31423
11384
22318
29405
31248
3236
30610
15676
19853
23195
5024
14712
16617
15512
23737
10041
22971
5153
5978
15838
9079
27184
26281
6593
30621
26257
30286
3772
5680
22155
30340
1004
8810
1730
7792
15540
22446
29788
10417
13061
2750
6499
32312
26333
19246
22634
858
18190
14617
19316
15139
5953
25362
31249
13550
30522
16477
15050
30770
28510
7008
17343
25247
9842
84
11919
11370
9381
1088
29560
1765
18385
30760
8128
2386
19710
23681
19283
24569
4904
10473
4525
29048
31554
15381
4602
28251
2426
2059
14972
32492
11199
20113
25390
844
18816
485
31655
6595
183
7598
20544
24405
13351
3123
10873
7830
20193
27595
20633
24767
24845
18580
10389
5376
31207
7784
563
16920
25352
14093
19567
30244
8423
14508
14878
26804
23711
30853
6609
804
6899
26080
25852
17194
25743
8519
19032
11179
17296
5106
14213
14291
14919
7043
9716
1124
5946
7668
12036
9038
19052
6605
11115
19841
8159
1690
25048
26367
854
6556
2263
2357
12639
17087
8180
1931
31121
30156
25635
8762
30227
5088
25439
23389
23646
2333
29586
8780
19267
29343
4277
18725
14895
24753
26168
30891
28078
2369
1956
5716
5422
32402
7295
20637
30214
15921
880
17825
18358
11306
12451
30698
9584
20091
19311
1415
14552
23753
20278
21854
521
30802
13197
11972
24792
8227
24477
28491
17244
13707
27849
21211
7598
9423
31890
517
3821
1567
9655
23187
22405
19145
15520
9828
1201
19117
31484
13431
30015
17905
19114
2117
7060
12022
14293
4948
8431
20618
20068
11529
19954
9311
26257
15550
23646
28091
9431
18964
5662
27762
12562
26506
25991
15378
26850
11087
15070
13149
4432
10837
27418
22524
19380
10663
27628
14961
20950
31228
4349
20046
15699
12684
11895
4772
24130
14370
17606
7871
25880
22899
6560
26384
25545
20910
25154
20075
27184
2132
25341
22387
16817
27978
10226
2642
3101
11309
15130
25261
18901
10725
31625
22998
2867
125
31219
24900
20773
27953
32367
24897
24859
25801
7035
4067
4132
16934
29248
13373
18771
17179
3096
10710
21352
18302
27982
14427
6572
1662
17701
5008
31773
11830
24347
6028
27339
8579
14702
5414
20610
18451
25824
17067
4265
9407
4535
9426
7274
9755
28169
1009
25364
25931
14646
16752
8637
18200
12470
8574
22059
13123
14869
23812
22773
22040
28219
4055
25317
8263
27121
22322
417
30960
1953
13411
16266
22013
26205
1988
741
11956
25123
14317
26681
31884
24928
22824
7159
15936
7090
26918
30560
12579
15858
29424
25764
13491
3954
12063
20039
3184
31875
29776
7625
29679
10811
3027
3462
14634
30581
16035
20955
20762
3864
11931
23946
6792
28573
20454
17760
17184
3019
5816
1813
711
26821
11579
14195
8494
23879
17869
23482
31143
22061
23912
29252
28984
17461
609
28261
4846
5893
29526
11157
18036
26992
10850
7121
21732
17141
10386
13630
12253
4744
5533
25360
11990
18070
1999
32170
14002
9795
2119
3590
32660
20470
10082
24664
27892
279
13687
10734
11251
2839
29637
18011
3051
6577
20905
20436
17739
11888
2581
5850
8866
30066
13629
15642
16377
22379
8851
30609
21606
27884
3830
15347
14814
14054
2854
23886
10059
16490
9852
23530
20702
3506
12760
27765
25255
31845
11994
31324
2403
30999
16213
10620
32149
11791
10496
6906
17624
3918
16751
31087
7539
26573
22082
4169
18478
19461
26013
29294
9316
5556
15064
29730
21082
19679
17271
31786
20431
8723
12380
28721
17108
24049
14139
16492
26334
27114
2127
22138
20506
22086
19531
27534
30976
363
16020
2511
20011
17500
14253
15615
11368
18560
15346
13915
1293
27301
25226
26563
7308
20292
10391
23067
5959
3078
1199
17137
18598
2696
20112
7520
30823
2139
20239
18996
4662
22608
3154
31566
29566
18674
9791
28235
19326
21587
22324
14944
16799
32012
27897
13704
22021
31871
19955
13538
12388
9823
24218
11348
20757
9587
23341
29045
22633
30102
31140
9642
22589
16131
26598
2959
25550
30415
31292
19352
20943
26807
7685
27640
25785
3612
25772
32705
19811
22092
15064
20813
15314
17411
8162
3038
29266
1074
29068
10369
3781
25086
8176
8760
32316
15372
23990
13655
20164
24316
8330
11823
21379
26931
1485
2794
20227
7134
28555
29878
6093
15667
28078
21542
27450
28666
18289
1236
25222
9293
14615
27724
15910
1436
14812
30757
31579
2548
24108
18289
26632
1664
10771
856
10433
27984
26613
11007
25892
6233
22399
22191
3692
17853
18653
13875
29763
10573
30765
20097
7128
14156
15668
15005
3378
3190
25424
29627
2756
5953
15790
25764
26433
26211
19389
19546
28081
16532
483
13311
4037
27029
2670
31731
20071
14449
4813
17469
4246
25347
30976
13356
23665
8888
27981
25917
9873
5783
23605
30016
11164
1662
13478
951
2071
27566
24178
7807
636
25225
29952
25010
15245
27035
6722
20171
14567
4568
30182
7947
32218
1060
13521
5404
9848
25
7369
4597
14572
14340
2161
28925
8462
11824
24443
28531
2612
30568
24345
8973
2890
1719
18100
17375
22821
26226
15585
19839
29460
632
145
15207
32184
26553
14983
25754
16406
7413
784
14987
30443
30918
28654
28474
29247
6369
16021
18080
12605
24217
28314
5965
28738
5285
24680
15952
23860
8738
19509
2647
26133
28380
9524
25111
21976
23753
15628
10734
13171
31446
15242
11463
5941
21734
16018
3135
27226
1304
13916
31750
17629
27209
20957
19591
23949
10203
3970
2251
16483
21172
17956
11162
16147
28553
14905
12260
20449
9820
4935
96
20150
20291
17823
2675
21619
15468
17479
30803
6277
25950
3896
22124
4282
22401
29129
10243
17234
4065
1388
12057
32602
8751
19608
27538
28469
20745
31238
5526
14716
31610
14368
5944
9224
965
1207
18773
27980
4958
29940
30655
20456
24634
30097
28827
25724
22344
23368
8968
21946
20544
22412
4354
6848
11931
9592
6277
11172
5090
773
22517
25680
1836
19071
12733
2448
13795
16442
13111
9321
12742
26753
25292
10157
20532
31183
14684
5068
3751
16194
19167
3309
8319
32588
25165
5949
2561
15020
5308
28039
27807
22428
4040
9734
26745
3404
10040
6519
14117
9104
26079
16497
25515
23253
9663
31481
17364
4186
29557
30290
5797
29341
16593
9490
27686
23059
10948
32123
14952
6683
22143
29191
17349
24117
10713
22597
12906
26479
25329
12772
3347
15905
21269
3085
26902
11226
16611
26871
32163
4506
13742
26549
31818
28226
14884
7762
21181
10568
17965
23071
14808
30127
26646
14924
13790
24887
26350
22710
27654
25553
25648
29952
28982
853
16547
21989
30222
24439
18559
21708
29736
14840
27345
18333
16542
20249
32
15572
10189
4693
25681
15828
30297
9039
26568
2941
4978
3850
23504
2304
4181
12632
15933
18674
20757
19093
18512
28832
12955
7572
25818
26019
20971
10714
20900
31156
22698
22026
28687
2241
29405
7841
2296
15680
20980
7395
2014
28355
24839
31254
28999
20172
3679
8941
6239
22499
20024
20295
22499
13031
15045
12826
21053
1698
30069
26025
31985
26015
11637
26622
31543
20032
28534
15252
3049
28939
8880
84
3744
12613
22311
6338
25627
5058
18733
12153
11744
4091
15912
12501
12581
30561
7829
3311
24816
26353
29005
21966
21374
30473
7175
3547
9954
7546
3359
14998
6382
30174
12950
3976
22102
25644
25177
17784
17683
17801
6086
29154
19974
9057
10860
29349
27102
7351
25106
16892
30011
31161
3067
18095
4115
7576
30057
29835
3158
19094
28512
20751
12237
27745
16300
12392
19784
23711
8998
16032
30968
21962
17714
10514
23578
2110
20620
31777
27605
1424
32069
2345
1894
30242
16392
26806
16762
19700
32418
27892
22747
28093
28097
6247
9295
31035
31740
27868
30142
13255
28180
9888
14482
14892
4218
14319
20323
30905
8721
6319
29908
6293
23604
15967
9144
22355
15355
20554
19066
31942
28858
27648
19899
25367
5067
3590
7740
17684
3470
29389
26111
18123
19373
993
4265
27736
11429
9571
13099
29435
17538
30649
5793
16494
24297
24964
27258
23669
25180
30162
25050
10422
30906
2710
16444
19147
8453
4949
6492
31894
3688
5153
18516
14036
30841
16587
25093
27125
16571
7253
9912
14636
4455
11430
14085
27586
22892
5761
4085
2223
18868
13752
4707
20587
14249
1437
6568
2306
2296
28090
25975
20583
3220
18114
23301
26890
25855
11207
24941
13484
26565
27564
23892
20850
5705
11998
4040
3385
5059
9535
23662
9002
15498
20579
15069
30606
17039
15871
22341
17891
29482
18078
9812
29999
2586
9366
28762
1684
13767
30523
6059
21029
12489
1618
7749
1528
5294
22985
11954
7036
18936
31141
11312
14093
14694
27195
3600
9670
8821
14499
2652
28055
15141
11114
21436
9111
32000
27527
28314
31899
17241
14736
24965
19463
7890
814
17619
25828
545
27855
30091
4403
11283
9114
28546
4993
29392
2984
4803
26300
21602
7793
22580
12357
28785
3460
14711
6214
20304
32124
20495
31814
6718
27951
28612
12283
10469
7464
16456
16479
2087
2904
6682
27910
24090
22280
10923
19374
20305
8466
9152
18968
18782
15441
31255
534
22164
16982
30541
5094
24338
24668
8959
31422
31485
28798
18224
4008
14860
13096
5098
11920
1098
15564
9768
12699
30743
27606
30196
14011
26992
31457
28621
25473
26225
811
15691
6962
25880
838
262
23324
32332
15889
2483
12586
23070
1511
16528
183
12622
18454
22275
2464
2065
27795
30589
26013
1553
24044
32165
28625
4022
19837
31155
19103
1188
2023
793
30656
18309
28094
7785
13970
29448
25730
14963
7347
24617
21457
2221
7375
25012
730
13529
28598
22788
27157
16353
5042
2065
19762
518
22039
17578
12623
6201
6939
28926
877
16585
22504
23905
805
27455
29424
30541
17815
32647
32385
27047
25764
8272
409
4676
11869
27828
17147
28844
26810
1308
19074
29214
32144
22366
3254
16084
8893
30249
29853
27783
21157
32675
16340
14902
10467
22352
24797
14628
30520
14134
23483
1824
9927
23615
20668
32264
14725
20958
10647
31888
32747
8437
7350
11328
22254
26103
31445
26812
560
4682
31436
11336
30328
23791
30633
9611
10336
9828
21762
23187
13133
21449
32138
32026
27812
25923
12257
21512
14139
19358
3505
24121
11022
16694
8438
4735
25908
10775
19357
24811
5137
16227
21841
22856
5068
2548
2962
6889
12035
28739
10247
29093
22462
23432
28949
17439
27810
14371
18608
14155
24168
21819
7537
11053
18829
26533
29161
29924
22602
13319
28214
31208
198
9277
12243
4240
29579
19451
19381
18903
20022
8372
13971
2143
26227
26811
1925
2230
16681
9641
18640
16089
2546
32254
19200
11510
7886
27147
11832
6006
1048
10255
5575
14907
21689
15264
14843
25382
667
31820
19514
5597
31585
30593
24910
7371
1365
10666
22017
11112
26785
21147
25066
30138
14531
26927
19590
24860
21051
29231
30859
12862
24710
15990
14712
23661
80
21587
10097
22036
20966
2095
25930
5763
4074
2160
3298
8432
32330
24733
13746
16571
17778
14274
18853
23287
3521
19990
7210
31013
28474
32219
30600
28994
2429
17286
5235
20229
22517
4384
12252
25186
5714
28908
13069
5970
18746
15178
8692
31446
16187
25563
17343
4409
7685
8678
14762
24982
20438
30714
30741
23195
25909
24277
21978
29836
16099
6021
9693
13451
5135
26829
3813
29974
10441
19402
5546
6097
18617
19414
3375
1158
23057
7597
24913
6506
7360
12751
28576
28834
27113
17957
25199
7941
1939
15078
16935
20516
25762
11964
12513
25479
20742
9763
1075
28474
1586
16914
12617
19337
5071
18910
16184
3079
1202
3163
13200
2517
20492
23620
11568
25376
27361
11229
8543
5100
3516
3030
28440
3088
672
4467
15524
26242
3905
26602
21359
9685
20340
4365
28180
6656
5093
6440
11450
21345
6408
16941
9123
18178
10834
27150
14338
2074
1448
12395
16141
15063
4888
8045
4948
9306
17607
23538
5201
31748
13098
8426
17472
25072
18809
2560
30769
7872
5729
29054
20059
4253
5370
25962
24243
27001
504
30709
22973
8855
4389
28439
2466
18766
5903
6003
27012
2314
31485
16000
18190
5779
1320
6122
8783
24722
23848
4662
16328
10577
19629
24230
8387
28098
6767
12380
21991
15811
4456
30401
24586
27040
2112
5928
4934
10457
32009
27055
12367
7718
6444
32102
10243
23737
12707
26548
15683
21187
5993
8950
30978
15673
19503
16488
9371
2264
28497
29001
15976
17511
30472
11066
7312
2108
2529
27624
12832
30465
3182
24554
10846
15288
14139
28909
20058
10493
18691
32526
26821
23947
10532
18823
7174
4610
3665
19086
24203
29672
32135
2682
4445
12781
13634
11816
25848
7539
22768
17565
89
1357
28838
6124
7768
11719
4370
1370
5432
2535
16305
8385
31869
6643
26433
10034
25853
4915
28794
1246
22330
13560
21241
29239
3055
28382
12925
27730
4841
15437
23637
3216
23576
22854
14617
893
22246
13404
1689
15096
7111
16896
28179
25493
21522
5378
19113
28991
21519
24661
13329
19234
6993
17939
8591
13000
12102
6080
14624
9857
1036
27603
7928
17161
26502
11378
22831
26725
8880
894
7096
9742
17711
18383
4242
12881
20269
20417
28738
28918
11619
19695
32384
19744
15223
5438
16177
27252
16521
32030
30613
29053
6665
9996
20418
31567
2251
27739
10321
24683
21597
17205
30807
28387
14488
17885
18327
19391
20853
16182
6389
926
31010
24713
22830
3745
19541
1155
9671
19332
18657
9085
67
13838
14983
23809
16793
23724
27150
14985
25061
22873
17045
3977
26718
20928
24873
6832
6024
17061
17043
19563
10667
6785
883
22188
12675
26476
26259
27113
29497
7232
5493
17255
18834
12540
20270
28856
27495
8806
31095
27779
9557
5365
18434
30851
23477
7917
28170
22738
26830
32204
3630
21608
11082
15077
23679
7902
22759
843
9944
3960
26991
14064
14190
18787
11754
29454
17831
14651
26642
7110
26928
3025
30215
10504
17226
554
26180
15026
21092
18123
2002
14332
9199
10291
19131
32275
22638
23722
1218
25092
11724
13113
28241
2524
1011
22010
27571
24845
3994
402
30339
11284
12126
22011
15205
32601
5909
9351
16372
7511
17759
24353
9467
32764
30589
3286
22759
4435
3943
26517
20092
22368
8216
1843
3016
5964
5165
15794
9557
13250
8878
2243
31139
19096
1580
15497
16597
21938
10764
19360
17579
21283
16930
20574
21680
14486
130
15193
19125
13805
23954
19241
13181
2855
9828
12655
28602
30087
17731
2326
24888
30706
30860
472
30809
666
27584
25860
13761
15833
26326
22399
29778
31839
2006
32009
3931
6288
15011
24770
14604
16680
25368
18157
5422
31009
27991
19443
27665
20182
14430
29867
2501
3688
3804
5080
7564
29537
8770
10484
11664
7575
15388
7212
29394
19796
6562
31659
12643
10931
9610
7707
24790
7245
1057
20073
14581
28949
9626
25801
30387
24961
21158
28923
28002
11243
26437
22988
14374
20534
12251
5599
8106
11956
7302
25005
2065
3655
16047
5835
31536
19911
17631
2156
8954
17572
26836
2342
18491
5837
981
32249
10634
32720
15682
8845
15992
22850
1903
25275
15118
24673
24242
27983
26487
32504
32443
25612
8185
7043
548
19697
4394
13460
8265
10427
1120
19317
32090
21163
20585
25103
16559
3465
17020
4106
25947
25065
4976
29494
30979
12717
15660
32554
15601
9419
17503
28715
23908
21329
19057
25935
13098
20646
31673
26081
17265
31762
11760
22024
29147
14976
17125
7844
6352
32131
9075
3193
31768
15256
26288
10895
18857
15787
31080
7128
7357
26076
22986
14356
14120
21378
15200
28658
25833
2160
10053
15480
15871
29560
27794
7588
14974
1070
29977
27732
19681
11246
21078
867
30370
28705
5794
1045
2824
29115
20138
14773
5185
3592
12064
24700
3760
31913
19120
21429
28296
3802
25654
26399
9114
29686
12590
28563
3947
10044
8299
16102
8586
27347
30989
5905
3616
29708
26029
22671
21193
11496
16346
28679
32162
11994
12233
18219
27300
23245
29768
15584
27440
12905
26356
26783
3050
22162
4268
11547
27851
20274
25157
24100
24434
57
25983
32203
16315
28642
31288
21703
14995
16951
29664
27159
30475
3543
11053
7657
21931
28151
22544
27579
14856
30119
18407
6080
4760
26710
17396
19333
4806
23449
15374
26068
21314
9768
2454
473
19611
16425
24237
31107
24591
30898
13732
26413
25250
9353
21684
27262
24173
10798
14832
13453
32313
3867
887
8009
22348
27210
10222
21529
1411
24568
4910
17855
19873
2729
31545
386
14823
30060
371
7052
25829
2912
29711
14993
26255
8311
17351
1713
6035
30586
464
32672
7914
26957
31245
32260
32173
4469
15747
25630
3371
9175
12557
16813
9016
20418
29776
28431
20680
21552
13554
25514
28348
10569
16903
19338
27899
25385
29644
8267
6085
12771
15256
18746
18244
8902
28687
1719
11620
1759
10649
11486
13797
8894
17171
29030
11439
2941
21188
20680
7781
21759
12178
20132
10044
30070
22133
5473
9230
552
17453
14613
31146
10610
5936
8612
26223
3597
3559
24619
4633
26512
13593
29599
20442
3126
23208
16561
18093
18402
6267
16629
29671
9312
3003
11588
15374
1774
3138
10079
32239
18171
30800
9940
23531
8750
26752
11558
12178
12714
24571
1320
23411
17553
19692
4522
28465
17350
27956
28503
20954
760
27486
28126
26229
8924
18389
9296
24282
26809
25172
9417
12487
12074
14239
4947
24879
21536
10097
9223
6613
18470
22197
17526
15642
8937
504
29767
27667
24823
21535
4385
13023
11975
5461
6603
20280
25850
17992
11409
17735
6624
31637
17642
14013
27710
3456
31833
12319
27470
28649
21137
24673
16392
18044
16604
28343
31648
2343
7357
25256
12112
19665
3540
21092
12631
1097
6915
19287
13122
19836
4815
10494
3434
7916
21257
19962
25534
26973
13229
29539
1986
465
6410
606
15320
26551
28963
11250
15295
15200
8278
13079
11865
30898
8507
7440
25777
18976
23503
15355
2620
2010
30674
18343
10847
14144
11885
30885
12082
7837
24344
22946
15748
16658
27579
17140
4639
22224
8211
13426
17484
5514
10328
393
4506
23851
23325
908
5852
7364
23159
17996
6769
968
20577
25321
19400
21371
19039
31975
7202
25768
30818
5508
5274
13714
21228
10569
19811
5166
27764
19424
27218
14479
29196
13861
16540
25506
8001
31359
2528
22043
10563
21361
18536
13231
25926
16492
16556
9860
11815
25832
11287
22246
19795
23987
2318
2875
27365
136
11311
1081
18702
14819
30422
26966
20154
32020
22246
22912
9584
31378
29638
29711
28282
4243
11433
28152
21319
10713
19475
1859
29965
32463
5273
29887
32690
27860
2792
4596
25581
22487
8456
28505
31913
18980
9954
4295
9130
18045
9216
28718
31090
109
32405
6279
25702
28377
5053
27913
2861
27864
9477
28832
20057
23749
16174
8603
1353
402
32302
15780
589
606
21112
502
8716
19530
11133
15306
27171
18057
11123
15634
31503
3255
18517
2410
22861
9068
32299
20300
20927
23312
30347
387
32082
21745
18784
9442
10206
24210
15082
9781
7758
5959
6918
19576
10240
5118
10672
6983
12143
30048
9414
14742
24079
9241
25358
12450
12152
10099
8315
5927
16327
18986
24492
31956
22849
380
1206
10748
1338
19071
3363
1934
9270
29111
2363
17223
20813
30952
14978
1062
5332
3881
31617
17185
10809
20282
21705
7190
23855
14359
25398
11012
16907
5069
29553
18811
19822
16525
30392
16465
3877
4095
13538
16791
5197
12504
24477
16075
13499
22191
27387
28495
20379
5133
20269
6938
15190
6851
6030
32174
27834
22144
25315
21834
6485
5538
14560
29280
22817
13389
22767
23369
2919
32186
26158
22584
733
14290
5302
31597
15633
3324
15395
31147
10507
18483
29521
26347
16686
5979
6499
11090
31840
18389
28682
17505
23147
12625
11012
9836
4002
17123
6370
21069
5063
26202
18703
29529
6188
11725
21262
6547
10521
32630
8963
25632
32366
13251
28533
12283
16265
22955
15442
7914
15978
5439
3891
2737
28181
19585
14562
14469
6200
5752
22554
24771
5646
8324
31117
24290
4227
32240
31019
7591
2969
5574
2210
5015
16650
8935
32545
25522
3631
31322
22114
30302
31008
3045
30951
7842
4381
20698
17796
8084
11821
7476
27677
9749
21508
1762
1969
2747
15402
22371
6551
28687
19290
15251
18952
4345
30249
9669
4574
21368
22760
5649
12699
29590
1738
15600
6573
23196
21578
11270
10225
30338
8391
2366
24181
9641
25457
30748
30594
2765
32617
11599
31450
23861
8996
24710
14398
2348
14097
4229
19251
13493
8059
19832
3078
31867
21936
32135
4622
32007
7267
20394
11057
31797
21327
20671
27817
18153
11805
22234
16648
5886
21128
14044
6010
5503
8639
30791
6219
19738
12554
31568
681
8401
13745
17718
6058
6899
26650
26323
13969
10315
8753
12657
3661
5015
15628
11742
2114
21820
29136
2499
20556
2871
16846
28465
7681
11607
10738
31357
9015
20905
9566
16974
17351
5428
17234
9716
31376
31975
21583
22011
4030
25296
29308
19200
1100
17295
26952
7876
22215
9
16465
31615
1365
26465
28037
5495
28919
7460
29318
25296
1547
12227
26963
1446
19989
29511
17446
7257
20158
29760
17560
27688
23069
5886
28171
6658
13366
14084
30537
26008
12736
23226
32617
6839
13356
20322
2547
11477
9954
16717
1604
12522
25038
9295
26163
10625
5403
112
2036
22798
8766
30436
30525
3714
1591
4926
18856
8221
14611
15584
6745
2179
9910
23734
26848
23059
9431
2852
24416
31860
2636
23100
17393
26736
19336
4149
6468
22022
16482
26136
12934
4282
30488
7869
16006
26160
14483
2550
3609
25337
8684
18442
6590
20909
30512
24933
2686
12346
4960
1677
18966
3963
6588
3160
24152
4365
19521
30813
5071
30558
11121
12712
15266
31750
17234
10674
186
24667
18873
4496
6183
27711
29128
28522
20672
20285
6326
10287
17930
6101
12238
20871
14940
13587
1979
24585
23616
13927
24834
1455
31515
15792
26064
21638
28433
22426
28918
31146
14371
11818
17970
9330
6298
18839
8112
28136
11945
21340
13520
21628
20814
3979
7722
8185
13433
100
15056
16823
6256
26662
31442
1299
2162
7461
13064
9244
27802
25629
24075
5263
29447
17606
28293
8454
5178
3240
5803
8812
14015
29745
10503
28084
13840
6661
30331
18890
20662
18581
19843
458
16817
14835
32442
26481
2330
19941
2720
22993
10247
26168
23706
9288
21423
23894
14138
18866
25551
19227
13761
4062
76
3045
1762
24383
21017
15850
17609
19172
15195
10447
3676
21674
23243
17270
17857
16817
24156
19479
6176
4876
26911
9874
12970
30397
4195
29955
18650
17632
13344
7831
20474
23846
13974
14495
5098
30853
22321
1507
2333
17198
13488
57
32740
21184
14982
8278
7407
19643
32128
22499
15120
20791
19369
29140
6723
32214
29547
19701
32748
7415
1526
9413
11359
21804
6374
23688
18853
27887
19231
152
14206
30352
4348
29180
22690
30834
2986
28731
17740
25975
28622
30066
1785
31161
16238
6309
16749
20347
23310
27219
27896
16479
11801
32589
1527
26329
31363
7624
21917
21475
1965
16560
14324
19698
14473
25919
798
9769
19710
22223
29665
3277
21134
27884
17251
22010
2102
28590
18993
9620
14741
5701
21638
383
21841
21462
3019
9491
17079
26246
6490
10442
15009
23764
26247
21052
10141
1323
7649
8270
20811
31671
20917
26534
22279
19065
27604
4962
15816
20374
19094
24073
5448
24053
12063
5825
30822
19464
24801
18115
27848
25834
10850
19213
26052
28587
4928
13910
28289
16616
31602
3911
16217
2718
31696
16104
17026
24127
12246
17241
19438
5382
19621
31426
2159
4744
10570
6796
26655
5517
7235
9938
2047
2845
21055
32274
24286
6110
550
19753
12669
19357
8793
32638
4592
13098
827
32637
28231
15465
29424
23367
29294
8358
20069
8615
16722
18729
9104
2889
18757
25098
18681
17446
14244
3911
3705
26947
20407
30740
27457
3739
10456
7282
19743
24921
6104
10499
27901
14923
18334
15645
19627
13460
17681
22301
16862
7329
569
23294
12920
19294
5280
26410
26121
16809
13055
27535
4246
6151
13846
14070
31386
5781
8412
28304
27211
2370
29656
9170
12830
9276
20431
31875
2189
3240
11167
8468
3352
22934
8555
25903
7818
8500
5880
24210
26237
26177
17751
24094
15904
31173
25541
32555
20536
9472
31183
16671
7269
12192
7354
24383
16295
5687
7201
23237
9760
1259
25056
27442
2588
27248
2353
18661
25678
14131
28949
1517
12636
7384
19958
26908
12447
25063
32394
32604
36
7618
10234
22342
14838
28891
23876
6897
30367
3363
21982
31752
22764
8902
30620
9760
1777
1301
14291
11080
13389
7107
6079
7905
8623
29781
16418
21168
13721
2004
46
27185
4708
2245
13221
14382
19845
19803
21567
6801
11278
10730
14924
18551
2168
20383
20634
18053
17823
879
16281
30079
29454
16717
21437
28438
1661
8096
8996
9474
20120
1780
13945
30289
770
4591
14616
12031
5530
10631
29810
9670
10493
12659
6835
27703
20556
22751
9379
17674
31791
25444
18122
21683
14617
32311
16856
16438
8910
30113
4676
11835
12579
24239
17202
24165
16901
2346
26778
19168
1213
19913
1191
2105
10866
3238
23645
22387
32752
28655
32639
7767
21672
18142
1968
14859
21239
3307
21208
24550
11691
28992
15561
131
18115
29293
7203
24852
13174
25181
1652
24313
16759
26248
8100
4498
24952
18539
30865
15953
6893
10805
16630
21267
27922
29636
20625
23216
16687
3023
19333
8144
21018
12645
26109
29185
11518
2454
2834
16647
12124
13680
27375
627
9807
1069
13362
5496
29460
5546
31894
6393
22729
283
7375
26598
22389
21502
950
12233
14409
32077
17574
21916
12070
30968
25894
7390
13663
20370
11720
17638
447
15946
593
4214
16846
6942
1305
27539
30800
18763
2485
9108
9487
21000
6868
25978
6618
30067
5991
30335
8398
18380
11013
23282
22484
12001
9613
24385
25963
21449
30221
14168
27304
23765
19682
10281
22138
964
10529
28556
32307
23606
21814
24138
8004
24164
5835
22644
11848
2573
5612
12282
5957
13748
16232
3448
21294
24072
9850
23379
30380
2468
10664
26373
7709
5368
24300
11445
23262
31367
2834
267
1477
27476
10337
3394
6898
19350
16509
20863
712
26547
7564
8545
27702
30060
5784
20185
7227
13653
31540
30524
22185
18569
25187
9878
17449
3739
24757
17730
31103
8144
27059
951
1039
14219
24701
14501
8096
8968
7090
25921
31073
2125
24720
21468
9257
6494
6493
1211
8707
1969
19205
23843
9962
19425
3588
19635
30929
5542
3718
23799
4327
30725
22477
24377
25112
9668
28372
11418
26839
21025
50
11362
26651
2500
9536
5269
30631
6129
1150
6343
18319
19458
20787
31536
15608
13077
28244
13315
19487
6658
14503
8956
13213
27536
15400
32568
31977
16104
22700
31050
26142
10825
6596
17291
6398
11774
17892
29873
21303
19341
26821
30884
25574
7474
23815
909
8794
395
6427
15151
16922
12181
17248
2682
10281
18135
20876
21341
9608
12253
14158
29405
15101
24808
26674
19300
18963
23268
12484
18779
22370
29338
11000
5626
16912
14887
20937
27743
5272
7853
30753
17630
21194
3656
9977
19097
26900
14916
9921
20304
8447
18829
14338
12666
16124
3942
16194
26772
11617
6750
26664
11193
22703
12160
992
26227
8470
1483
9921
28625
1339
21986
18733
14265
27192
4612
28601
24192
9444
23101
7822
27320
10326
222
7184
4425
32164
13100
18109
17348
26864
6741
599
30963
24486
2216
69
25525
13311
1796
26423
3080
6602
22161
7689
32360
26731
15023
15850
1368
15908
7980
28605
8510
26771
28346
14527
12915
13948
11680
31338
2459
5833
11439
10650
21042
10447
26744
239
2920
8659
26812
12914
815
11213
13348
23675
1938
8555
11314
17874
16968
19289
25976
9492
29321
704
20488
30552
31008
23821
17451
10771
27330
17651
18262
7225
7326
9395
7513
15013
24373
1435
31194
15291
23404
18636
26114
15948
17887
23873
11894
20409
23673
5901
28041
7516
25154
3044
1456
21795
3447
6365
8246
31102
7136
30070
1072
11388
350
30681
22964
13873
25796
28254
11590
19034
24295
12880
18323
20804
12281
22516
11618
14313
24338
8135
23495
2908
30736
3336
5273
25448
23457
17782
20263
24692
21918
7771
8487
16554
28059
31433
13295
20569
9660
24356
6632
14743
7114
24032
6207
30506
16517
16780
14557
28329
6460
6160
14490
30174
16284
819
9645
18287
5062
29280
16999
10941
21668
10665
34
21261
4732
14860
9844
14822
12229
20213
31400
30905
25658
29957
31598
26056
30254
15890
1233
30784
7711
26223
28778
14248
18573
24429
1491
14975
10764
25377
20319
30753
22937
30056
9992
29163
25898
30249
4009
30623
5257
10458
11886
2826
20065
21830
30856
9956
21401
25997
26917
27895
17634
9580
21407
32644
9868
1726
9715
2530
22174
3907
12150
15464
10533
21409
16323
16269
7884
9128
12792
25166
27053
19418
14370
2000
13415
4139
31477
6215
24433
17413
25025
30998
10414
9103
5793
20536
28993
21039
6902
5854
5538
8782
19
16217
3057
2651
6202
29243
15499
27410
13256
9913
18652
2814
16044
6740
13428
27452
21021
27577
9308
22915
3725
23781
10410
25441
20952
140
17491
3783
7618
22204
10049
31688
17056
7358
20133
21406
8789
21565
32655
10478
8064
17833
20412
11597
3316
478
12462
24578
12649
9985
12546
6669
13169
27819
26623
7017
429
15178
16235
32143
2880
21188
4002
12091
23684
17501
16873
23922
29692
17370
27903
28100
25482
5094
8181
28111
4578
4534
20288
7172
12351
9193
6157
28078
14421
4274
19924
13871
1670
32568
1584
21389
25688
10301
5870
1070
5927
31230
14947
18912
18199
13147
19971
32285
21069
14904
24368
31628
24671
12579
31312
202
18952
4151
28706
12395
10529
17728
1362
21052
9420
7968
16459
14795
19955
2161
18764
30250
8177
21867
4286
12015
31118
10504
12229
21119
8753
13671
14101
31117
12113
23406
24583
9181
24109
28084
21483
12878
13757
6814
32160
16919
1256
16840
6499
19793
4343
14502
30437
13494
2122
17003
8608
5800
3401
16169
25450
6005
28062
22074
21835
32473
22946
8160
29324
20164
12308
4648
25104
14174
12817
13588
27112
3144
13120
25080
16673
7973
6734
4645
13280
9050
17818
197
19890
32529
10289
9222
32285
11652
13052
16763
27515
5752
24120
8639
26632
32519
26407
10075
15673
30627
5637
19689
16719
27480
8254
20090
27437
13393
31454
566
22630
22942
12617
9282
31131
23093
5164
6631
22788
10550
21683
28656
12108
16243
24573
6227
15010
26159
3789
11028
3085
7974
32130
11879
16127
19918
8265
10773
20270
1501
26513
2592
159
8971
2239
5290
3587
3609
16163
30483
4423
21266
6443
11874
23143
27857
9687
20198
10371
27075
5741
28445
31028
19950
10350
14804
25120
22066
27592
27536
10444
207
14669
16173
3250
32552
28004
3525
30612
29895
15103
9683
2063
10144
10957
7576
10867
1434
6832
9406
13266
9035
20849
6460
13143
6147
31411
25465
28121
23309
7973
23988
14256
1585
27900
19107
8392
8573
25761
8026
9972
23622
15782
9327
25220
22377
6143
12892
24857
25814
19823
3364
8888
24656
30528
9018
27934
1390
31799
13214
26963
26342
15047
8009
16258
27402
9093
27083
9480
29075
22492
11571
4299
1694
8450
1327
2509
18164
21290
13684
17409
22926
28924
3936
32605
8793
9026
23262
23856
4662
22756
18059
8118
14405
8982
8983
2025
30819
8656
28141
17819
2801
5246
28438
11714
10712
25338
28250
11027
3785
12983
17321
7378
9930
23615
18106
6120
7918
21727
25074
15926
11875
24736
19591
8233
16818
8314
12261
23694
27459
20677
15441
29352
15648
19440
28876
31360
28666
9589
6714
14205
31601
28940
19907
14644
912
2592
25210
32385
16279
28543
11836
20183
15870
1877
2523
15828
10678
24411
24700
3353
29874
15692
20030
24664
2982
5017
4637
30638
30479
11869
22293
25652
3443
11411
6282
27345
6890
6535
9703
2386
8669
14986
2438
20924
6414
25834
22224
4064
19160
28705
9125
27953
14777
6221
12542
1747
11789
25824
1744
10740
20764
26521
1844
10847
31063
26547
15558
1870
3039
19804
26698
21120
5959
24936
4502
3468
2971
13639
8108
29045
13217
18228
15398
21630
21342
14000
1495
8768
4060
7471
22191
6649
1067
24337
8415
18215
10150
2259
10046
26710
26999
3207
5355
14390
9566
29569
14388
19696
21934
22612
25783
442
9880
15613
16583
7850
20139
4445
530
12999
20636
32237
23936
21606
2627
18093
11870
15284
13543
23133
6331
27535
15035
25072
11026
23706
1448
25662
17194
24208
11085
20985
14907
9176
6725
3554
7250
11098
11432
17724
28406
31890
17364
11393
19212
27106
20845
29781
19960
19757
29090
2744
9733
29345
31410
31871
15879
9684
9647
2821
19519
5395
13443
18974
18558
32503
14640
23116
3469
24120
25180
4918
10701
1990
28940
12885
8987
28438
15280
25073
12790
1210
25184
11340
14308
25397
6245
12061
29969
15885
9979
9023
16698
18210
3413
3243
19401
32317
25058
9892
10050
7916
22735
24625
9181
8334
5069
31952
15733
31914
7956
11625
8352
12165
16295
13697
2848
9971
30426
28848
2938
4973
24338
19541
25572
20324
17869
2440
5220
20693
9954
23376
20535
22814
27913
13590
25200
22288
7069
23898
17889
12101
17825
6309
29758
24243
30210
191
12416
11138
27931
23585
20616
22555
22398
2477
18949
3202
25074
21661
1687
27109
20152
17594
17205
31861
28691
16078
32460
32628
11271
2395
15400
10127
28000
2445
6936
26479
9718
19566
3277
25227
17968
12377
10116
576
19911
17073
23909
24867
22988
9682
6826
150
21485
4936
3843
31897
9972
20032
9785
12771
7312
6715
29714
2610
18520
2570
6006
25311
9229
15094
22735
16821
16671
20543
1974
19459
13171
17096
23499
13296
6500
22800
23780
4111
25864
23396
5739
20787
19124
22611
6657
19077
30914
3427
5479
32723
31889
18434
32671
11819
30926
21183
8526
17065
4338
17082
31845
13197
11788
14681
22272
28560
193
28221
28047
22393
25745
5493
4147
30187
2140
30193
12139
27009
36
17465
7151
13597
9236
5471
32220
27260
24769
32305
18194
25358
23729
12980
9434
31493
5914
14798
13517
684
25579
2371
241
23035
26896
7651
1828
27240
242
25601
20414
29439
9790
1062
22386
23221
19688
26631
20597
31994
19567
2997
32482
9357
16226
28436
13406
10388
31779
15246
12024
24556
2795
29192
24402
24254
15630
13589
23046
12883
18817
874
30787
3881
4761
30355
27575
9542
30997
23012
18866
3788
24671
11697
20872
3278
18447
27330
29239
1634
7857
6657
21321
32247
12744
5238
25852
28905
24339
32629
15265
21843
27406
22806
14914
10789
8380
10470
20615
19830
7844
10460
20442
3355
29977
31375
7114
9592
31167
15525
14765
8854
29771
5263
906
22390
2186
116
566
24485
421
1386
12988
24337
25251
3564
15106
29723
24623
3209
20906
4077
10140
14041
23863
10510
5926
27829
3697
31795
19323
8103
31242
20313
9850
20128
30081
27408
13114
27113
15175
15898
2894
13148
6689
24372
8519
28372
13261
24884
5243
30434
3816
11604
29189
2498
15
22478
1805
25229
11845
8873
10314
29359
13972
8914
4804
20380
13047
15214
18911
10431
10360
25455
5781
22963
8342
26981
3075
27830
29161
10647
13607
8539
31753
27219
20456
19327
23211
21122
14678
7805
21517
11903
28468
14502
1685
30506
19124
747
6581
20280
22657
14557
30225
27341
29186
11480
18660
5452
31710
7290
22175
18798
28091
10586
24788
3985
1868
18935
9043
5715
22154
18159
11411
14688
29505
6258
5459
27272
5071
14325
23424
12565
24360
14891
25690
13147
8222
17713
27091
32400
15840
14089
22327
222
7616
4169
22802
27063
21049
30484
9295
25705
15152
26186
14493
24818
31610
23804
8727
24341
26527
8739
32291
28589
20957
28817
18330
24642
22384
7975
11818
17626
4881
6473
31993
21521
22717
15247
21643
18796
24247
26813
15334
16875
30672
27382
19700
18141
17126
29996
40
31480
29611
22747
23396
7593
6311
17399
2075
22697
641
6947
5299
3025
12410
17443
25901
2863
26170
29844
5895
857
20175
22746
23649
30721
20723
10075
4704
4298
30861
29675
5840
10330
6523
22406
8461
20913
3983
16453
8739
18361
16343
32139
28724
31518
16162
23679
16666
12895
16831
26816
14414
28710
14472
9556
3080
5077
16160
20961
1448
26721
16248
4127
24917
5475
28312
32141
20708
9836
1692
5475
9723
7321
25084
28360
26486
15976
23569
11078
22025
6602
6869
10619
9255
27770
9707
20497
25891
26252
28383
1264
30614
31561
11950
9393
28416
13370
15497
3670
16562
14979
16854
5945
14315
2675
28536
31555
30017
1368
6224
7518
32066
21912
21763
11309
6748
22781
5374
32506
5626
1361
16568
16112
3312
31531
20791
12426
25369
15112
214
12619
6718
12445
31045
15792
4154
2156
8913
4963
26716
918
30950
17329
9229
15856
2002
19006
11955
6744
30667
31735
24789
18762
18740
25161
15999
7598
9756
22160
29928
9204
27912
29139
23378
12131
22770
9390
31538
20910
27281
2959
25489
28873
30427
21286
19378
28410
32457
16662
18677
6451
13402
13553
7163
20383
20698
13667
22795
7291
8292
23981
28596
11559
26278
16213
21940
24957
228
3100
22809
25953
26943
7217
23974
2201
32568
9380
2424
18656
14704
12829
9450
16949
9393
15310
12725
31097
21554
25254
32092
13625
10007
12488
12999
22729
1848
27963
12077
30098
1315
22499
7736
1708
30052
25008
8548
2736
29444
13589
1705
28615
27471
8892
21081
1543
5850
18040
8267
27648
965
30843
8249
10641
5438
24265
12647
27905
7238
13036
24965
7754
28088
4073
21207
15544
6535
23668
19859
15027
10055
9568
139
19417
31727
31833
13579
22865
19677
11989
31237
4187
17434
26952
2667
16171
14816
6807
29405
29687
10073
11216
14980
4687
13994
24600
4926
21165
5168
28901
21755
24653
25865
14957
18535
2366
1751
3166
1225
13498
31936
29391
25898
5043
11706
2934
22715
16302
22533
15132
4721
15316
24056
22351
23538
3142
20481
6231
4020
22450
22504
26475
32355
18212
26963
23844
17284
6174
23439
1073
19801
5354
20621
13389
7172
26415
3371
6510
31726
30915
9909
15167
16234
22208
10668
6353
15254
19162
7622
11405
3202
7919
2869
27758
25749
16096
25900
6765
27436
11424
32160
31036
28291
31370
26188
14646
27865
16376
25335
12695
14543
15377
20729
14824
15634
6882
10236
14270
9017
4273
30720
13476
25073
16269
2210
4182
30295
6954
32157
9008
19621
16108
9361
25829
7185
27202
20483
27508
14834
5941
25509
22104
10277
24385
30168
31231
25263
8803
10864
24446
12451
9331
10935
27779
31815
5300
24244
18315
30322
13226
19373
19541
2360
2859
15338
9366
24009
27833
5052
22766
31127
10767
30654
28187
14007
15354
10331
25197
7050
19306
13968
8057
21916
20681
30195
13330
23500
15755
20469
27253
31662
25607
23652
3780
22061
4485
25396
31158
3957
3736
11134
13196
13840
31150
15305
17223
9550
12261
28553
32280
26347
14368
1509
27416
22508
25691
3517
3897
5322
7483
21228
13692
28882
3049
12490
1893
31948
5665
28149
2477
24795
24710
1362
20790
3492
19257
78
1092
2226
7337
18026
31721
22553
20141
1526
6593
20826
12752
6684
9696
20359
23275
4641
18697
5288
3834
15848
30496
23132
8488
25528
24034
21956
30508
830
11220
12956
10200
18902
17273
18859
26607
7174
11976
5726
14648
22603
26333
12208
4048
14105
17391
18508
25028
27677
10626
31222
21727
27845
17118
24615
32449
2
25535
17911
27441
31565
24910
27456
23733
20712
30544
9473
31583
21350
3486
23808
26089
21101
29141
13492
22789
29883
22862
20321
24814
29543
16209
1925
18755
6761
29573
4979
16149
12893
27819
23870
22847
14212
13196
4568
31477
524
31280
11131
17568
17297
13137
31560
1769
32227
15887
30255
27668
22282
31206
18702
19344
28295
22236
30749
23500
6109
13823
3465
13900
7760
11790
7007
25083
30189
2167
5292
22467
32202
2689
16867
13659
14223
24267
21630
4704
6197
13045
24040
11176
22030
23965
11675
22739
22534
8333
23173
34
10792
23346
31665
31885
7012
16721
21539
10767
26767
27125
30212
3141
6315
19116
8447
17207
28265
29426
24554
17014
4844
7150
10665
32359
24016
24668
2383
990
24171
12491
4487
11758
2642
22536
7987
28160
13599
9178
12114
23075
13682
1519
19495
30115
23350
16663
21912
26589
6950
30384
10452
5457
5007
10337
27448
20217
20055
524
31860
3034
25662
32765
21481
24792
25956
17768
19798
10958
11020
14098
10420
7902
30367
11854
16734
13574
500
22571
16501
8436
25806
5356
20099
19740
29606
27576
2142
3079
31659
26259
15184
29678
8
27277
11380
6279
23653
24633
28515
5919
28848
16481
4112
10473
14877
22776
5105
12182
32107
24144
5728
28709
26218
7310
1088
28669
16570
23898
15075
10297
11733
21979
3627
835
31823
12514
31216
22692
1117
2405
674
23322
11669
26928
2352
11499
500
8151
5672
3706
29221
1519
24607
23320
12032
125
4435
18460
15442
22703
4239
6710
8412
15306
20815
17664
22430
30564
28453
10454
26197
17875
6235
25320
15682
16101
3034
25485
17453
16594
11850
16091
14506
25966
31355
27508
16795
22435
20740
25506
23542
7455
27434
23719
1224
10314
29955
2126
17530
18043
4827
5318
32595
15979
21974
24240
12095
13034
25559
2423
27343
7632
22177
29152
23936
30519
5692
12002
5440
23783
12955
5303
18734
19986
123
28211
32162
20290
32142
24661
10605
2703
16345
11292
16482
16405
29786
17051
18197
6821
12527
24400
21474
15547
7539
7346
8497
6576
14378
14089
5369
28465
14687
29058
24963
29424
23115
20867
9073
2201
825
9276
8446
5128
9448
639
3719
15289
16689
18129
31819
12160
26345
10689
20847
18298
9481
30840
30789
3907
14604
6546
8141
4457
31897
21548
13948
30497
22114
3390
573
20537
12876
28460
31158
5966
17616
12183
17100
17983
7585
26489
31337
3809
19855
12657
10620
3061
9131
603
2882
32343
17836
28708
2245
27256
10129
23260
3490
10765
9864
11277
6670
17929
19215
8268
13851
11465
30297
20237
10808
6287
32499
25788
8439
14898
167
17161
5652
31764
25505
31619
14002
29011
24272
22632
5863
17732
31119
26555
24699
16157
20613
15512
24301
11761
8649
23237
3255
20706
25674
137
1491
3986
28271
17089
894
5850
28666
12080
17724
11711
17202
26903
2844
22177
22849
29701
1341
4278
17883
8433
23697
19895
11808
20870
14561
28633
7876
1470
26642
25599
3437
26546
2726
11310
2396
18865
27014
28225
24400
19087
22782
23262
13479
5183
19721
168
24007
26788
719
24502
29628
28837
25452
20805
27938
384
1011
6057
15942
19552
26290
10890
17544
11313
25016
4940
260
1459
20117
28111
26225
28109
26465
24921
15944
2597
29952
9680
26921
24557
12963
26925
32380
1280
2706
10541
3924
26413
4138
21833
4248
7634
23329
19689
12388
31149
10258
3541
6829
18160
25141
9964
28964
30099
31341
17176
31325
7150
12169
24705
19505
1927
11203
2049
30049
20521
7053
6361
27259
8502
8590
31906
14850
11581
19431
22406
19401
32719
28346
2223
12192
8591
2029
3840
16178
17033
4139
9731
5934
24261
23852
12067
11173
4379
31031
15132
31668
2120
5093
18351
10338
21058
28711
1434
29387
29129
29578
15047
25983
29247
15034
5316
11557
28089
22341
32627
25700
14678
6818
21507
22275
11216
4722
29726
78
12880
6661
9572
18620
10119
9504
16665
18128
8442
10238
3098
1853
9885
16532
19222
8269
2212
1306
26362
5251
18326
7110
13741
18560
17059
32731
15102
4131
8247
6114
30171
5876
9423
311
3523
10179
27660
13512
29821
6028
14341
26906
20491
22430
19170
21901
16602
29436
32423
15072
22587
31492
3917
21751
21271
10062
19223
6620
27869
11479
7459
27141
24256
4191
9792
5589
24352
30735
22527
23652
13637
16479
17933
18307
13651
22583
8639
2299
14458
10324
5103
15638
25966
2542
26887
13921
23831
4248
17243
13999
8073
11111
18364
14689
15670
24918
30793
13029
10338
11497
12681
27005
15064
15121
32183
19266
17372
4432
12893
25960
12896
24349
3109
24771
12155
32394
15595
10122
15638
26660
8214
6236
11497
7707
2345
27264
934
21155
24725
10097
7283
19865
722
23962
8350
21866
5549
28766
10124
7985
18404
10587
4851
2591
12016
28400
31561
10784
14114
17404
16509
26043
23025
29929
4836
11066
3731
5610
2166
268
10442
13952
4666
30055
6657
28227
26111
12594
18583
9951
12365
12833
29051
18269
8859
28706
18425
9380
12738
29176
18387
23359
6322
5413
28052
30304
29540
3342
18721
2085
1552
23898
7825
5915
1183
21403
2366
1281
28259
17456
21788
21198
20998
3690
586
26101
3520
11245
9959
13031
24525
20313
8999
28889
23327
22058
23462
15048
5200
4573
28156
16827
6874
11349
5009
29769
4746
11132
9907
16218
306
22573
32229
19506
9375
3154
4474
24491
25802
11337
8035
16065
13906
20365
16710
15444
298
23698
10448
21546
24463
7152
30283
30516
18750
1732
23923
27922
32483
21587
3205
28376
18900
2801
2458
24339
25599
6178
31283
17159
7202
13310
2325
24891
2618
5082
24151
10552
26685
12324
23993
18573
25355
8591
7991
4374
30626
22896
21982
5246
12434
14696
6367
6403
22450
20036
17122
19321
28688
12833
23452
21138
3118
22996
16292
10076
21611
20873
31362
22283
20927
11433
1801
4601
20651
11522
27112
11243
28784
25890
23163
29078
12928
23043
28135
30562
7730
26606
30821
17773
19641
28313
6366
1235
29015
2195
8889
4653
12750
20961
23025
6487
25368
490
13674
7799
32343
23696
7045
6202
25103
16032
19698
32609
13203
18796
29125
30589
29885
29110
31948
29942
8674
30160
22816
1106
27653
32514
5627
5812
25419
29228
1225
30627
9647
13228
32130
20493
26103
25218
15670
23180
24295
20146
4842
11495
1716
12010
20130
15068
5820
22885
9919
30237
15219
1039
1931
12184
161
20458
275
7675
19915
9136
18229
11640
1774
6586
30713
31942
9588
1312
7205
11112
23904
21026
5643
23857
8908
17863
29350
5896
9109
24771
20709
22761
2389
27038
21319
6444
6033
25107
20392
1290
31284
27575
12635
10845
22588
24539
16760
28327
32436
7858
18807
30550
14306
22967
17406
26438
8897
23881
4088
5512
7858
7576
23015
8546
8046
2757
12155
1942
32063
28741
29027
7399
5488
25479
5987
4570
20225
1494
31399
25530
22432
7552
6743
24286
11477
19000
3691
5679
17789
22713
7361
29668
28537
31148
9324
18320
13735
24524
21328
30047
25105
2376
23020
10908
28773
14440
4470
15223
1190
24436
18477
3590
14880
978
10219
13961
24225
23662
27385
10482
28134
12127
21288
9125
24916
12999
5917
14204
10217
29946
14829
4366
23153
4067
234
26417
32765
11172
31676
12989
30353
5245
21171
5011
21533
26607
20315
1758
21422
7457
21329
21145
8934
27778
12630
19026
9130
23216
7330
20781
30234
27289
8826
15659
24262
15072
25093
32684
23838
4738
30300
14131
1579
8377
18144
3690
30589
29728
12752
3174
30309
27928
17691
14891
3940
12139
31090
16755
18914
22320
9122
26795
17443
29935
4129
4159
19320
5381
31974
5399
17586
22089
25982
15458
30940
21487
21853
3218
6698
26285
13426
14247
5420
285
16894
31409
583
11107
12709
5776
19302
25103
7878
17919
23021
23621
18952
21713
24815
32027
21813
15481
6048
29762
29004
27088
30733
20969
13009
4115
22026
4574
104
11563
25196
25078
20386
9010
28281
10160
9239
2866
925
2325
1205
9520
9055
31970
23383
2409
17298
9705
29337
32475
23248
32181
1515
6919
4388
4717
6117
3830
26887
23546
731
17786
29838
27756
30640
14006
27361
32666
24303
5344
12783
11785
20503
13894
12384
18192
4919
24719
31691
5689
24763
22852
14122
6121
21382
24463
13707
24900
16705
29506
13576
16203
27890
3354
17912
20807
18384
11334
12903
8811
13398
23843
31172
1717
32662
7498
13530
16149
1232
16588
30210
10449
12099
15548
31126
31784
20035
31470
15016
24118
28556
6911
16372
18967
13270
17557
13588
5455
20905
28392
9203
4969
14963
16770
25220
7391
5592
29251
2228
32058
1865
17575
669
3194
29144
3660
4860
30648
11850
25774
23013
32010
26478
22581
13237
7847
4270
24691
1097
4428
10980
23974
17005
27102
19311
21381
22423
20048
6533
16697
10198
11719
13770
15017
22021
17404
16418
9978
6212
27618
28612
18518
12457
1418
29073
28909
24114
29507
163
2362
23038
29189
27944
19336
13501
20752
1393
22708
10342
19664
5446
2612
12840
4356
28541
9560
2210
9759
13771
21456
16982
19950
21209
1391
16475
4988
23194
7983
12627
4659
17629
7028
16541
14403
13854
32661
17868
2120
19106
19096
2135
7719
6083
16701
27537
31544
22408
15167
5852
23979
29304
21974
28186
10020
23472
12160
28261
5801
29492
4353
17152
22974
25219
10152
9869
14542
10094
13525
25728
25293
16681
22200
3795
7196
13219
20059
15356
21677
21779
26339
24860
26983
6611
25107
7289
5324
21106
3601
1070
21209
4101
26733
19745
15405
8893
29279
24118
7278
26303
6736
9154
18409
21295
24220
14147
29816
32654
3479
12110
6569
4935
18126
11208
7196
21380
8591
29273
18477
17222
7339
12062
24531
2485
15226
11678
16328
4789
29728
7680
24555
7609
21263
14971
13026
11996
30669
24845
10499
5678
20216
30064
23157
331
11655
8010
7314
19251
12626
14500
1680
32341
2773
157
10593
15597
5168
26207
32471
912
22899
83
21516
31237
30233
913
13057
18007
27602
20379
3973
5672
22150
25162
15193
21064
8598
18440
26001
12423
8805
23616
10557
6087
15383
28179
28489
2645
28824
7501
10146
2681
736
919
7578
11595
3702
32238
27534
20425
14387
10835
20934
8743
23625
28100
29852
32102
23940
5740
17889
14120
31183
28183
7548
26563
18425
20712
17748
22164
17081
7246
31857
150
1264
2612
13662
27954
6959
19576
5073
17753
3705
31903
28045
24785
3146
13255
21128
15820
20439
24284
24649
5823
12440
8975
25749
2673
31236
26244
4938
2643
28828
20811
21387
783
10282
23186
26653
29539
3915
13849
30481
25904
21547
13798
13476
31950
1680
29753
13667
4771
6938
22978
11155
2804
13257
21522
5071
24570
20927
20560
5363
4665
21575
20013
5945
29453
26903
7961
22178
32134
20946
9656
29848
12661
8913
10639
19665
9415
24355
4868
4470
16146
5586
9093
29317
21358
25704
32263
21620
3206
690
5042
23063
24303
15300
18650
17859
30136
30781
26162
30132
19778
15821
10812
32684
28753
18420
3844
12253
2916
7692
6158
28425
19010
19081
15501
21480
13270
6016
16853
25546
30780
29798
6675
18045
25884
26907
6972
29041
29751
14886
8771
3610
10303
8771
30351
8086
11244
17691
428
11152
26444
16210
12097
27236
32603
30662
2370
17027
29651
5654
25702
4890
20293
16994
12508
4590
7529
4690
17210
16522
7091
18266
10678
15517
22566
16956
24984
28574
12909
20430
239
25009
29480
13053
10371
13262
28036
4114
21004
1312
24334
7476
20129
18347
457
15406
2419
18482
1149
24947
25275
27992
23891
27743
14065
29189
10911
21696
26175
7947
5629
20885
28725
18442
28063
23830
30654
3985
26597
14836
17235
13957
17710
24033
3438
31431
17391
25939
14658
18705
6914
29829
16297
17953
28224
10687
26718
29466
29009
1240
9068
28967
11459
26617
5862
10337
6490
5539
13529
22003
1447
20468
28031
17787
31196
32038
20917
14772
3551
30040
14767
18515
26013
23953
17387
11566
18337
13314
16483
22691
485
29067
23559
15672
4328
25729
8298
8319
15616
10415
7100
29501
8690
24730
17656
29898
21696
5130
28766
9659
7106
22469
26660
19903
27896
8862
32105
6343
9887
29614
9578
3946
13826
11746
30456
28295
8339
19638
7210
8748
9018
22079
3151
26550
23533
11887
8742
23354
12673
12181
25170
29732
28096
11299
1544
13598
15803
15796
7691
4916
3170
1357
25050
22581
27473
16611
32551
1116
32237
23070
32140
29487
6832
21085
2682
18344
5825
12282
16754
25491
28616
20687
17527
28215
18432
17913
14531
11832
26766
7387
31673
15036
15889
14694
9243
18381
890
9624
9085
4607
3870
31299
7161
11602
30217
17680
15909
15193
31125
4035
17218
19612
29500
27841
22454
28988
12971
11471
2493
15573
535
8732
4187
16808
17620
5250
32405
18170
25636
19209
14048
16055
32333
20141
13018
15963
3054
19041
29496
32530
28562
11347
11263
10526
9094
27762
248
28282
31208
7214
26205
14525
8961
9086
31193
28224
28117
20264
26544
4739
30455
5181
12345
17869
14754
11490
24981
26643
14086
29270
6555
25371
10208
6193
25618
24546
27725
11498
18723
27450
11744
924
8205
19895
26610
27402
31259
6860
19001
21984
14804
15154
10653
22588
10865
30345
29510
7788
11156
16450
22010
16634
17718
19388
5542
6629
14305
11181
15674
32562
23840
196
8890
1699
27701
31629
29074
14023
30473
13716
12075
18739
13161
9677
28091
25102
25710
13363
8545
24787
30781
12464
19313
11858
11761
12605
28685
11256
22486
6986
2549
10321
3544
23648
28831
31947
25659
5637
25739
14525
31372
16608
13777
32167
30423
2845
14588
28860
16666
30227
32282
26013
4858
30500
32276
9832
12213
8165
12860
31985
22616
4479
18981
24911
20530
16214
29623
29083
1416
17640
27010
5876
12938
21239
15187
31686
2694
30698
1285
14156
18268
18289
1946
21076
11058
9576
22667
2371
19048
14334
7003
28504
12750
17686
31090
22325
15637
32493
19497
9371
12676
1021
11554
27509
28908
5666
24794
24
22750
19708
20353
23753
8731
18324
9
127
21580
8514
18813
10987
8692
11726
11924
6582
16546
16597
6022
11018
4459
1134
24094
2387
11671
8974
24592
17479
11163
18601
2958
31524
12360
16154
6678
31800
8257
10693
28046
32167
1458
9339
17298
21353
32319
18846
13069
18066
17723
25477
10246
29142
11803
19745
20925
18252
9002
17889
14071
9074
31870
15572
25750
4466
17194
22286
27244
9379
13493
13644
6737
2899
6859
15579
15731
16068
19251
26549
13294
29812
25601
24558
12957
13473
6157
27214
4911
14861
8099
25664
27261
32511
8572
22762
22810
7050
10221
29086
18988
22801
30303
17777
5243
7947
21247
19497
12744
7428
6327
30813
96
21988
9564
15575
17137
28788
30761
317
21147
28958
5228
18929
14154
16629
31871
5941
6724
9717
22778
16275
18174
4235
8231
18812
11828
25176
20918
2095
7992
4658
6834
32732
11147
20843
30132
21769
26794
5718
6999
19254
1066
12296
22251
5820
24071
18268
4974
1531
7482
28986
13496
17844
29321
13848
4341
17588
32163
12992
7768
31411
2156
13908
10510
5755
3222
400
9585
22349
14193
2896
29311
5504
24580
28242
8330
15979
9052
25660
4144
18309
6948
29153
32142
23755
25206
10432
19377
20066
23793
8653
9293
382
29708
5493
16306
26754
16041
13532
26875
18025
18158
10345
4745
16740
25168
22404
3760
2244
20464
23966
16559
4635
4395
20594
23014
12702
12396
15243
30531
4558
27205
29959
13054
20056
27839
12186
32390
13881
8430
28118
22715
31013
13000
15017
13405
17450
19255
19239
8900
4497
12396
28041
5842
12293
16503
26998
21543
17655
31252
13698
24211
20032
1992
9717
32209
26376
301
30925
10610
21479
22154
25350
28951
6731
6823
792
13539
10010
7904
23746
16944
18584
5495
16902
10369
32650
11823
19829
23224
27548
24854
20908
28810
22272
23458
25119
7215
9560
17407
22805
10334
10710
18088
32500
4728
10401
8757
14015
5380
1915
9587
21469
13915
29090
21434
32028
12196
29427
9083
16629
16387
20053
2841
16146
16398
4949
20474
2829
2433
14094
19421
11387
1842
13388
7278
24617
327
30449
28951
32421
31142
5783
27418
11264
11437
9334
17373
13523
2596
4232
11652
15488
14959
27116
8645
8378
1032
32393
4856
13896
9517
7667
13166
17157
30166
914
18180
22828
26090
11265
13048
30674
11186
6580
16379
5300
13966
19678
17031
29491
14823
29329
7538
27805
25700
3879
21188
3502
5985
10210
5830
11607
12957
12239
6491
24765
18482
15344
31123
28805
19659
17049
6014
13135
6161
27163
14398
29056
18790
10912
12384
13893
25814
18262
2157
12757
15434
25296
20411
4342
30975
12969
4489
28098
22839
5738
8267
15787
30255
5549
11075
24765
9808
2435
21073
13859
20393
29972
11276
23021
16029
20869
29201
28688
21721
20767
18332
8366
9354
23981
20053
10648
19404
22053
32108
10514
9317
20363
28391
1494
7091
23827
5947
6235
18147
9094
6938
31062
1892
15334
14221
6530
21403
10581
28738
1692
30681
26163
30759
434
25482
19591
2104
19102
22191
23968
6292
17614
910
11516
12247
22854
30887
29288
15524
14823
26347
1897
11649
27121
6185
21467
15080
12231
10697
28120
6042
21490
24508
28891
31543
20841
9139
20517
15116
23311
1167
10336
25900
23166
18969
21635
4546
19459
28916
18933
24229
7145
8912
32757
18733
26875
32479
26169
23110
20548
18061
11989
22722
9753
17004
28511
30196
16474
29549
23889
10362
13812
25686
10670
10586
14250
12144
16361
18257
26134
3200
27650
1127
18666
31481
11250
12743
19324
23664
12361
32206
25218
4944
20502
10338
16153
31183
29703
20869
13069
17697
15569
5673
10836
10475
26834
28486
24027
20218
15605
1835
9094
30517
29911
30994
32626
21456
32296
12022
23165
30147
851
20905
520
23931
2401
32545
21755
975
9498
15122
16906
28469
2926
19907
31543
10550
276
1306
664
10271
28017
3064
29787
250
5307
19405
12807
30140
15710
3171
21252
13248
17567
17918
32350
22132
26239
22951
4550
595
15586
9157
14810
11283
14832
7405
24486
24607
8636
31995
3946
7751
18211
5218
15517
7606
4088
20416
1843
3365
1118
6582
26140
9039
28020
3830
23309
5029
18232
14493
4994
15170
2469
16580
6916
6689
3359
21841
679
27790
3601
11539
8664
30938
5077
25359
21589
25939
16084
7188
22909
10867
16878
10902
14538
30040
2844
9401
20380
3700
24403
8363
27704
6278
28076
2871
6672
15305
7619
19607
837
4459
7516
12170
2922
25408
29005
16039
1931
5048
3480
3057
14189
16911
14551
5803
25624
32451
16093
17262
18323
9291
13978
6776
8687
10246
24383
16455
8070
30578
22691
23655
29829
13726
15077
25224
20904
27874
20820
29139
5701
2253
31883
15998
25484
11359
32736
14750
29965
14456
15872
27453
25211
5777
10451
12973
11951
7082
26790
24859
18415
6019
32392
25191
23921
25615
26100
26676
11803
2342
31153
19259
13453
18554
8183
5860
21601
9676
467
29463
27825
16224
20940
24655
29658
2734
26055
31217
128
18778
10280
13021
25555
19046
9274
16450
14608
19367
12753
9910
3658
3957
1070
7558
2666
31399
8226
15434
13429
20159
32119
9917
16397
21601
22411
10956
827
2570
28990
1261
31083
11006
20494
16050
30648
8834
12929
23454
30314
16204
17860
18487
5053
15160
24209
16220
13285
27452
14677
6617
25166
11166
1427
15417
22568
23652
16515
5852
19491
525
8960
27721
28535
24190
9889
20932
15400
5695
26149
7716
30856
13799
23828
15071
5117
11221
19107
2919
16644
2593
15320
24249
28790
9426
240
7986
4619
24658
4606
13477
15900
17439
9940
19628
11437
9666
1574
32059
7594
5
20461
30075
5745
19041
18186
12501
6289
25782
24108
24652
13777
27455
3059
32273
9589
1732
10838
16209
16060
3345
25922
22610
31917
1448
31875
18110
28435
26291
23784
5695
15559
7740
21666
21323
6957
15264
26350
8258
24321
19777
756
8374
2644
18044
8686
12041
31697
475
4236
4158
9029
13195
26519
6665
24415
24592
30678
32552
26804
11063
11566
13814
28165
4940
11532
11582
17861
27790
13320
17229
22742
12512
30402
13131
10900
30657
2576
27851
8724
10878
5724
2464
30893
18598
23111
22002
29112
20671
16530
7826
16277
8503
3391
14731
14831
26014
26099
31994
18752
25618
14751
6175
11159
16122
19295
691
30361
32503
25763
30332
31429
30999
29324
10016
27645
25932
4761
11319
29506
14621
21122
20899
3520
6812
10084
16932
23818
32664
24607
16423
19622
19731
5884
24799
12492
2806
26260
32151
17003
4
26093
20295
7277
18957
12261
26725
7740
18020
31188
253
22405
24211
32109
18692
24892
3404
14821
13546
18400
12195
20568
30830
27392
30331
32616
9142
30206
3134
551
5791
22035
17106
22071
15954
20883
24008
11567
20760
9330
19670
3393
31855
17928
27271
25882
14685
15377
4913
5898
15108
7928
10280
16229
11127
13141
21297
14889
10956
15540
7737
11232
17522
28056
13127
4552
20165
6335
22704
7474
26848
1960
32138
24104
2738
6739
27234
338
23381
5192
27186
9499
16794
15066
32653
2575
25321
10413
31261
8839
1096
31350
79
17801
441
14594
24909
2282
20425
9338
17197
1717
15206
17637
359
4561
23537
25582
20365
7645
27540
21479
29750
24159
31190
10255
12348
24862
11372
16912
9767
10188
594
22732
21992
1256
19739
23641
203
16355
21638
23370
2471
17538
22609
19761
9559
24963
25682
26210
28526
23171
10947
22777
14119
20767
22750
10014
6299
18778
6570
27271
13879
19774
15124
13631
9836
29639
10561
28582
27048
20220
13347
22458
31878
1375
21322
1428
23106
6791
23549
6453
879
11020
23946
30083
23788
8099
6106
11407
31508
7050
16456
281
11573
10791
2227
8534
23875
28652
7378
32497
6094
25213
2504
26703
20530
19477
17401
18199
13582
7718
16155
10226
10487
22335
19600
28559
13165
51
13299
24811
32269
1144
14833
22735
12809
27085
2394
25242
18902
11039
12919
2624
11044
15022
13471
3987
7443
28524
17925
24257
28324
24997
19924
29214
24941
31461
17534
292
11410
15639
28240
8376
11248
1258
9291
14511
3995
19321
7983
29329
8075
11050
30936
1437
26514
11222
22477
1037
24465
6699
30999
3483
25580
28239
3151
2883
4667
1478
5627
22603
24131
13462
19483
31873
29476
29097
8446
23492
13523
8818
28762
32453
30155
18900
668
22799
13568
7743
23165
12357
30741
19228
214
2219
5582
24939
17077
15080
1224
15274
5552
5899
616
22777
5753
14539
9745
29565
21939
28947
13466
22018
26372
26814
18431
13540
26220
24735
8022
3631
26581
12996
11013
21765
1259
30971
10547
27712
32045
31894
26236
13401
7236
21356
30441
12425
23188
20000
31519
1837
27666
7078
17878
24943
12629
17922
30093
28195
16111
27731
22140
3055
28413
24081
8395
24239
12541
31635
26369
21527
3040
32724
18623
23450
1632
6006
15790
21899
27028
26887
3254
32131
4546
29316
17265
21506
16756
24603
16863
19289
10958
16437
11867
15303
8990
14516
26061
25314
13493
8569
15394
29240
758
10282
8441
28983
13484
24882
31903
30282
22689
27145
22846
31557
30828
181
11345
20739
19850
13457
21595
30285
19632
5197
7897
22014
31584
32054
27253
12389
17339
28599
14716
13291
14998
3360
18578
2294
3023
8871
32165
21773
225
26029
17183
31036
21943
17730
9056
4026
20414
29930
14443
27849
19262
5281
17375
9950
13034
6686
810
27138
5558
24405
5113
6776
20200
31295
31986
2720
29810
16861
11942
18459
32639
9339
4289
17456
25420
13106
28548
23406
1593
1712
23926
147
20768
24892
23894
3757
18661
12788
26707
1663
26190
23897
9344
15142
8213
28430
24450
12797
23356
6365
8587
14781
13729
8955
27789
31977
24274
12685
31655
4969
29474
874
5860
22388
3325
3619
20260
436
120
6977
13914
20645
29996
19149
26616
16191
21061
7958
30120
3796
12502
30126
3133
10299
18544
4534
25833
6190
2546
7003
22192
10993
23714
14497
7196
27444
12669
9056
8499
2107
24780
24715
28070
26428
1528
31928
32587
25609
19871
29149
10445
1262
27111
6744
18595
9693
8467
21811
27710
24264
10836
16293
13191
10575
19681
10204
2184
2459
30025
7417
32617
16010
13576
16477
29343
15628
24665
15395
12128
31437
15948
749
18010
19476
32536
15588
21668
22763
27826
1530
22773
28032
2463
24947
26900
10699
4614
1699
23439
21617
4873
27385
14768
21736
3157
11580
3501
6364
20472
17941
24863
26834
5236
8654
32693
28684
27921
1881
21034
31660
7287
28820
25972
13596
30075
14283
29247
23468
15930
15998
30873
16765
18788
29029
17391
3999
14811
19890
27448
5494
9341
19350
8560
10082
1085
20998
27208
20638
13433
6079
1820
23657
25992
5512
12325
31332
16274
28087
28144
572
10148
27894
9998
6792
23299
2119
13838
18165
21697
31814
7080
8608
12687
29102
8507
17347
1490
19231
32634
8596
23033
31
23905
23914
16653
10590
15215
22050
15753
8766
7951
29889
26733
25490
4695
32090
3726
31654
19444
26419
14384
18305
4965
35
20182
20838
13672
24382
21849
30881
7346
27317
26168
18048
25315
29943
27695
5279
28089
13596
18699
26728
27780
7812
24252
10203
18906
23483
11948
2955
25995
28832
847
29161
10967
18375
22524
30661
22239
12059
29435
31250
858
1992
26079
25834
18825
11608
26645
29650
4461
22555
16318
18238
24887
32461
11450
29528
16640
31603
2565
27645
1722
30598
6471
29192
7783
25427
11430
26068
8841
31906
8927
8956
22745
10390
27029
18789
26427
9428
31209
6015
21746
21479
842
14791
11280
10468
14478
13201
20273
30281
29506
17668
22377
9259
8511
29286
3707
4497
12414
4250
22860
9499
27950
31462
9879
20711
1539
22010
13793
3508
10960
1070
19120
4424
31064
12044
8184
17424
11362
2574
12246
14855
16651
12968
9088
13016
1632
20873
32637
25927
19244
24863
24593
6605
7695
15705
23036
22658
21456
24752
21348
11841
18420
29288
26895
19718
2960
2579
13269
2970
30299
19544
597
2163
19975
17650
23272
29653
30674
8699
22995
17726
26712
13419
16321
24577
17835
23004
17520
27441
28581
13200
426
24768
25213
20148
2679
6120
10137
8678
657
20170
18595
1014
18968
30550
30943
32745
4487
19306
26812
10820
27111
27710
30633
23431
9538
4351
14377
29687
7003
2234
31274
3232
9884
4988
20371
14747
27984
22200
16156
16781
19218
28904
6498
28272
28293
28791
9275
23446
32582
12767
4166
25834
24607
26895
27847
7034
24958
23055
3506
25394
30757
1254
6150
7658
19490
18620
10332
1956
13314
16956
18368
10254
28738
26940
8895
32079
15110
12704
14017
17407
13
13179
27034
119
20709
7800
16219
11596
26971
31865
8814
13078
22582
1917
29154
3446
8229
5831
18947
16727
25845
26429
15150
2163
30983
17166
25315
22041
24322
19607
6940
6446
5061
28808
13277
24435
13472
17218
27405
15877
21955
19844
5764
9002
7414
3143
13413
30026
29835
10214
21934
9020
27281
9858
5901
2500
4171
7589
7158
21081
28129
10021
16370
12075
24148
7500
29242
6244
26551
25141
28548
28334
25501
13945
19997
9974
3022
25356
4152
25456
16190
14945
12422
7644
4927
13525
23814
18183
1269
11338
21535
32660
24330
31506
6124
19964
10148
528
27607
30164
10900
23065
20585
21583
29649
13472
29024
26115
20004
12179
14850
23024
6692
8320
946
21950
4453
6908
4801
20294
18925
13893
21894
8020
3559
22054
6577
12715
23452
31515
11228
30282
8606
23990
5475
30702
2886
22849
27766
15320
29025
27045
27244
20176
17191
16523
15450
9066
31597
13760
16869
9608
30235
5854
11860
10016
14815
6697
16362
2624
2595
30903
370
19535
21821
29652
18971
22165
21222
18852
28550
14334
26350
23818
24094
11290
7214
5321
2984
4969
19389
13801
30746
16598
17511
15709
12465
16513
1626
31970
2366
31681
26403
32554
32705
24170
12761
30522
32312
24907
6040
16145
28345
7675
1073
10634
21951
20438
11040
11139
26306
26178
24767
8255
18186
3127
5049
11529
29380
18686
31424
2074
30806
7736
19075
9917
32240
18211
2010
5809
17763
32025
19012
1743
8759
25945
660
17132
5623
3082
6631
9985
1744
4221
31961
19850
17499
26291
26361
32043
20150
21023
634
6553
5081
32172
12331
7096
5927
21762
2985
21761
14148
773
32722
551
1575
14751
32638
28922
26480
9920
13930
15755
26875
15011
18037
27281
2485
9042
25871
22795
25262
8556
27886
25383
26224
6694
14338
7779
10896
2704
21932
2290
28546
16410
28971
9825
23217
31318
31831
20346
5839
23039
29329
14697
20074
16699
18426
30749
13505
2333
22755
32753
4309
12398
28037
27276
32451
26541
9714
773
23376
7764
25164
23883
3526
30045
31541
31941
9215
15109
24198
20021
29887
21456
25668
30946
15431
13517
28624
19190
26406
21275
12637
17701
32595
11436
7079
2447
28537
20041
25059
12776
4242
31446
4593
20694
13751
22488
7897
8858
10806
17204
28533
12531
21990
13881
17771
28223
31671
23009
4191
3044
18061
12372
358
4078
6223
30638
29373
28154
20282
10754
30651
10066
30076
16031
10500
13913
3838
4242
256
18730
31105
3692
23691
3964
4844
5957
29678
8137
6628
10496
24590
14255
31902
17361
32740
23446
2545
9981
21037
6547
14512
19169
5987
29580
31030
15414
20459
13469
17730
15507
27280
13755
25094
19507
14128
21911
2170
249
29109
10181
26614
20145
31047
7966
14080
9369
1985
14179
18019
1056
32097
25123
19073
29933
5315
15070
20201
31267
4880
18026
2092
27876
18547
16790
30701
24596
29900
17166
5944
29023
25769
13438
31509
11133
23154
26362
10076
23988
6115
18078
970
3231
7103
29041
10069
24623
26563
13711
28093
13039
25305
14984
2916
9868
11151
23043
4959
24980
28359
27559
9165
23166
5808
2107
11367
21483
26101
2059
857
28203
21300
16526
15441
29187
14513
17735
30165
14509
11340
12265
4313
21793
5040
13246
1681
25235
18638
73
20612
7229
25226
14123
5858
8798
30131
31043
6423
4227
25145
20249
1184
18693
154
28797
11805
6611
17310
12139
24744
7793
8772
2610
14182
833
24060
10453
13659
3586
30998
18866
3971
3990
29051
24929
23838
8968
5019
29151
8779
24013
31142
23788
26840
21834
2815
13745
23385
7575
4078
21926
5751
9603
11669
14515
9355
5080
24101
25750
22380
2528
14673
24452
29828
28455
8451
31251
26410
10883
9806
28759
27948
27730
15013
9803
29098
28163
330
883
2603
19160
21768
12736
18922
21993
22053
17332
24433
4461
5267
1478
12393
11061
10854
32520
26545
8825
23179
25863
10669
31447
1974
1779
25313
8345
6044
29696
25790
25143
5731
24843
17595
8988
11862
4481
12712
11181
18398
18301
13119
14984
26029
32560
2045
15113
4413
31110
5424
17683
27513
23046
7504
18957
13754
23547
12434
4906
26356
25297
3003
29934
8498
27073
22834
23534
6975
5809
2138
5847
21158
29781
12062
433
6621
6043
10702
30309
22206
13382
27945
9853
1334
25816
16059
16940
21057
10678
18281
4238
25366
25479
13386
23856
7326
19677
22968
24275
32555
14103
3239
31597
27239
3718
9782
3441
23947
27086
25988
3664
2001
10383
9157
19008
15659
25925
3733
316
9013
15981
23691
6476
10856
15082
12306
17926
10129
19878
7284
18773
8578
15484
312
12665
9992
28246
12206
14415
16669
25746
3784
10195
21854
25515
12587
26595
3263
3861
4486
6470
4733
31848
26915
25068
16212
449
21692
20087
1267
17253
15247
27899
11693
17576
11444
1282
17521
14
9903
4308
14588
19119
32066
23541
5197
1760
20869
27374
20825
27151
20536
4176
11777
23023
10839
21239
2113
9430
31727
2444
7082
6499
5425
20301
13074
16739
22980
13841
8842
17397
10848
22918
7568
13037
3225
14270
15750
18295
1272
29418
19555
20989
22352
24677
10153
24906
8527
2292
20375
25839
852
32332
30367
20197
19328
10708
9498
30837
22288
30893
17723
20053
7658
2288
11073
2068
7285
15414
28145
28343
4014
21342
9028
30373
14201
30602
21853
12480
4916
21611
17341
22229
19602
10175
17594
30518
17575
27159
23341
933
30527
29918
21612
18292
10356
18839
632
2283
4224
24166
26231
23018
31183
5074
24420
23503
1369
14281
12549
31386
2350
14820
30493
25424
15698
29933
22756
14749
10956
12703
4276
20668
4346
18092
7173
27548
13607
31237
10139
18491
20575
1877
3070
31318
3970
28622
28203
22853
22936
30505
22665
1313
20580
29160
24606
18215
16188
18655
10755
20833
27672
22002
25877
8579
32488
32288
3054
2835
29483
11457
788
11468
18365
5131
26479
21829
24816
22235
8449
6862
20703
32691
3537
10906
31231
26878
22824
4900
16375
31388
21248
3531
15026
24730
23482
3007
8114
8001
14351
2593
21927
10323
24905
29030
26176
21905
9651
1021
16961
27776
11598
8241
3030
3949
14021
22864
23334
16303
8355
11277
12588
21804
4804
21027
3266
3871
23561
31035
22015
8728
22608
24848
5059
26436
29348
9425
8080
4334
6064
13255
19356
2118
11386
15671
12068
22625
23886
5002
3330
19074
22775
19115
2178
6040
19510
5553
7282
21255
12652
10174
2168
29355
18586
7206
10409
6170
19339
10708
27478
32554
12880
9706
22825
13748
7149
6568
25457
151
12114
28559
27835
4607
2189
31686
16290
29927
1597
25532
26600
20956
2890
10511
8645
28932
2259
23469
21374
7520
25704
14137
17722
19790
3706
12208
2834
13394
23823
12620
21863
8725
32442
6056
7032
21166
6603
8230
21555
5153
27587
23438
12620
25893
32011
25335
4237
28971
15589
21483
5997
3483
6562
22470
11491
7265
26902
14943
17788
30632
13641
21482
13740
19173
16751
18973
32353
32024
23322
27794
18398
4175
19375
12397
32455
6763
32278
3902
18296
15142
11446
19753
15259
13141
11169
27204
9722
363
8971
17216
12433
10047
19969
9548
14568
32015
4440
22838
16032
13764
32483
27091
8267
30839
6377
10658
6785
13109
27093
15276
15664
2815
17456
9134
19251
3349
16077
8570
14374
1397
16707
23451
14457
7838
13472
7480
6084
11929
11356
11067
18778
21818
7052
29873
26401
20388
27224
8820
4769
9483
32687
18952
27738
4286
4922
18372
5467
19812
23438
1074
28432
9605
27813
10424
3420
27981
23183
1911
3815
18829
29797
14963
20410
26627
11135
15860
10761
3291
31462
2605
14671
6517
25356
28700
21409
28777
19899
15793
11579
23241
28236
27954
23136
21158
29209
25566
9057
22229
5429
977
24315
11250
28506
5415
18149
11942
3362
19044
31402
6950
10618
25620
9397
28156
6996
14254
30122
16906
19357
7614
27133
20428
18287
2883
3517
29149
17031
23126
12976
21181
7673
1549
19621
10193
18210
23967
26630
7595
735
29385
28333
22924
30972
18288
12024
13351
5104
32391
22816
4520
2247
5171
26310
31477
7007
24877
8399
23604
29399
28009
14194
3213
4677
22005
8335
817
18855
18979
12355
23963
13085
25578
8121
6934
4181
24458
30275
12671
7238
30319
2217
24396
9505
24920
705
24269
644
17848
12095
24242
15345
4700
29135
25550
29568
3919
10081
30746
26832
9467
24772
19197
10307
7824
11127
9930
14955
27562
23740
24459
26559
9518
4845
7933
25747
22900
24851
12763
31047
25516
22709
14943
31422
21114
26094
27655
10001
8676
12738
13461
14981
19566
32434
30297
20667
30595
13198
14258
26151
16151
2187
27603
3523
25739
2710
14531
12037
25809
26855
24231
24590
14800
16600
9284
12324
19210
23544
27840
30306
20860
5211
23208
30894
12997
21301
9272
32492
6027
23975
31958
9841
16667
25561
14303
2491
25167
1609
2214
4191
32693
17763
954
31554
6893
3921
17768
268
11603
24596
24961
3802
13791
10196
94
308
24137
27508
19744
26942
31600
21354
6460
12850
27900
7374
22840
15117
8258
8368
24239
14473
14953
26031
29595
29516
11723
28615
15060
13919
16030
17003
31187
481
15060
18644
12220
22013
26943
6296
7580
10777
29689
17022
9198
25680
20995
9617
6501
25891
29740
30835
32485
31595
14645
31988
13522
21650
27954
4579
5518
15619
22579
5925
6461
17631
8228
22531
26316
7410
498
28616
30257
16357
9712
23692
10228
15285
4984
13387
30190
12132
2005
12346
8529
20718
13408
602
488
3966
10218
10573
23200
9698
26458
13929
22344
12604
31127
14859
6037
8187
27305
18989
27497
3338
2587
22331
9300
23367
26787
17187
8284
9527
22789
28332
29177
21752
30772
12552
18788
30839
186
28076
785
9699
27995
15455
32634
1121
12021
22417
10271
19713
31147
17647
17867
22512
27970
27700
3096
2544
7371
4162
32309
13830
14723
24177
4327
18290
25847
2087
11726
18404
28268
6825
31722
5613
32637
2352
4446
24500
31750
7488
29299
13802
6465
16693
479
19200
28719
22815
17992
12951
3898
7631
10500
13624
20248
11826
4643
3141
28402
19166
1455
6703
15302
28651
9778
29418
18186
16644
16505
18590
28818
31677
17560
4256
18355
25639
20526
29856
1961
24483
11754
25636
13110
12787
28238
23093
5004
4247
32179
11095
7789
86
23438
28607
1937
12571
22257
24001
328
19458
29781
10376
28768
26547
24726
14089
5961
5871
5439
18233
31863
17768
4616
20862
4104
22230
20381
16484
21671
15431
20385
20626
4016
29622
28147
11516
17556
9696
22320
7002
32640
22099
18553
19672
13113
22984
31862
9999
11851
1714
27034
6452
27490
21527
13737
20879
16632
23199
632
26415
13360
27627
30709
19421
29442
13351
12134
6734
14745
6627
25590
5277
9977
20510
3181
26360
17637
20132
16959
665
18176
9371
6600
9463
17714
22872
20438
24382
30029
20343
28776
12797
10225
24106
23221
4383
3245
5329
18032
25629
358
23755
11851
22130
28925
28044
17338
3150
1324
18160
20473
3982
12209
9679
9808
2284
20143
9938
2966
6515
28753
2949
14068
26679
31152
21933
20459
14402
13559
11483
3480
6865
2757
16961
23351
4545
27346
9925
9703
13892
10198
18260
14252
14296
19110
889
17338
18298
8352
4654
2033
17174
2378
10482
10148
13635
18230
6427
9118
32045
22569
22382
4967
13010
6267
8685
963
7026
13761
14320
7804
16960
13482
22647
32609
2398
3623
31423
23183
18184
10191
29971
22511
17168
11137
1509
18432
10378
587
29469
5591
16328
30346
13233
6756
1161
16723
22390
13558
27757
1810
8502
19713
29100
1905
1794
8480
13832
1148
3273
1878
20992
9474
11562
665
9287
22078
17543
20881
13684
28854
12891
23197
1019
9316
9421
6423
19548
28692
17029
28633
8602
10253
9918
1279
27119
20467
25500
2799
5054
19436
32448
6807
5833
11522
7195
758
5540
7369
19199
12766
13162
11329
10620
6648
29102
2557
20969
14856
10932
25477
18113
10610
31713
30202
20657
19966
13425
4600
750
7896
7272
5824
22988
6363
10187
10391
10125
18446
27151
9833
17270
2671
24018
8882
12073
28656
21705
25503
9774
23488
9210
11888
19411
19147
24619
25120
27446
25476
16026
9544
32160
13026
28142
11073
27412
15016
31598
21640
14632
13546
6257
11879
7188
12493
21525
5586
7689
27790
7476
400
20676
4294
8340
14235
15714
12524
22366
29128
1654
13595
22994
13738
28761
4373
19000
25524
17345
27785
27674
16799
16021
8337
15280
1035
1792
11903
6556
7017
21701
5081
24280
18456
17618
8098
27884
14798
2839
11483
3684
15930
30360
26186
15233
17128
31681
30586
5935
11876
14586
20227
14391
21666
10620
22027
4790
2717
31331
16653
5582
7487
13828
24026
20891
12161
14720
733
14696
17363
10394
930
22051
29886
21445
20122
32015
8392
17537
6168
24249
3480
25576
13984
557
18010
28548
5217
105
14693
12388
23040
5138
22811
10351
13975
20838
17425
10744
26878
6770
14449
3474
28233
9093
22172
31269
31121
7140
30483
29505
6392
20159
6039
8627
11239
20580
9103
2646
3738
2995
7083
10028
7903
17362
24775
5805
32282
24098
9746
21855
13453
2161
20079
13735
6614
3953
14619
2527
9913
31080
16784
13480
5152
14634
30378
4994
27488
3397
19721
30618
27582
24443
20662
8418
26930
14453
6665
28519
2155
7093
2506
16096
31762
24525
4246
8322
10067
22222
1412
26396
18842
23300
20489
14687
6042
5088
26905
7805
26004
1846
30607
14583
18134
19113
3023
9135
18050
26979
16042
9541
7568
21001
14210
11680
2582
24813
23982
20939
11207
23174
14623
14851
2490
27166
17988
13838
9582
30923
16684
27598
16138
28832
11243
21525
12009
16420
5182
31163
30805
12803
23666
12014
31123
27908
2945
11466
23841
12347
26751
20777
12347
8064
25908
28349
17059
13344
7179
25436
13218
9682
25899
26778
20554
24556
18147
21149
9983
22230
17739
12589
29750
20927
21800
1803
19579
31888
30225
2948
10169
22046
14288
10821
12726
20132
12043
13681
989
10864
7460
32241
11328
31964
20317
17932
9693
20352
31040
16951
9760
18854
3646
7214
25514
27646
24214
11331
14929
13460
31608
23798
20584
16126
9834
27847
8512
13530
20460
584
4334
8824
26967
18038
27983
979
3595
31049
74
7622
18377
13450
5973
30588
29278
20709
9275
2089
642
8511
23324
27895
13311
30794
29109
15172
25366
11350
25569
17162
5406
3434
24928
21918
29806
403
18648
25758
17277
15228
21529
3364
2888
16191
22949
25408
2292
10619
18288
4518
7861
27815
15076
8611
19438
30885
23080
32598
28826
154
21154
3612
24554
21246
8379
24908
1583
30703
1250
27941
9723
2507
18899
17412
28803
31741
16409
13274
32072
17431
4817
22494
25847
6434
22962
29311
909
15665
3146
9117
9662
1341
14986
20216
9624
4908
11909
18153
14948
30259
23413
3920
32717
9566
15871
19661
30788
2157
4536
13363
3746
738
32743
3641
23311
13656
11149
9075
12067
26902
16034
9345
11596
23012
23714
25223
28528
21022
7752
27613
211
19718
31385
24839
12090
4958
16677
5607
30545
1591
2442
21297
4170
3076
15417
19488
23239
21490
6269
7271
14074
25468
23481
25195
1546
8761
28145
18863
23225
22521
14219
6543
7493
20753
1111
7218
9867
7411
6094
29114
5746
6914
22167
9149
27015
18852
10576
3321
4581
2968
31882
26947
5976
22410
533
8641
706
1508
6015
10585
6333
12520
30167
32105
10113
23292
3766
7865
27657
20292
14977
5806
21105
28790
7144
23744
5539
27114
23730
12333
562
30449
10173
14831
24710
13416
1088
2796
19002
12429
30292
19054
28354
11537
2227
10450
2897
18286
9151
27268
6649
31610
21958
7979
31765
13372
28804
22816
9188
24319
8169
31013
374
13478
24093
25172
14028
11583
26818
10837
22331
20955
7033
6612
13841
24732
21415
4402
2171
30479
16761
9595
24230
14012
18981
2457
14373
6140
24435
6087
14227
24331
28797
3912
14713
26462
22450
23128
21105
14647
27169
28771
30860
7542
3061
10357
23538
9138
28219
4082
13000
20104
23020
6535
31831
23091
11303
14432
32618
20829
26558
15259
2039
25653
32756
32253
10242
13762
16517
15844
32703
4983
30439
12669
20727
19207
16592
11063
25004
4731
9208
25208
29184
13953
21280
13454
18771
775
17491
29160
7852
6664
31852
2950
24666
11430
13272
13486
7899
19066
14493
19681
7932
15144
12699
9741
22338
5686
10002
31492
23689
3358
29797
10797
491
7073
1822
2169
12259
4703
3889
24729
14002
12197
1157
29295
8194
14982
9648
1730
17354
21549
21507
27445
9329
29553
28870
27258
22070
16042
8132
5315
30159
14275
4875
27769
29264
28305
17389
19249
11855
11619
15690
4828
15430
21467
23314
32573
14904
21500
8965
11169
4248
1411
6845
8394
6246
17275
16111
32556
27803
2060
32750
6492
27335
31380
26480
4805
9977
9209
19349
22173
22239
15677
13093
31511
30766
19538
20249
25818
13892
816
11614
16051
21261
5414
2261
6534
5923
30317
23198
18571
3385
14851
4246
19894
3257
438
3358
27255
22444
13439
21535
10404
20443
28434
2379
28596
1843
25267
9125
31277
12142
5707
31299
16223
11504
15803
3666
9555
20719
7024
13916
3839
32471
8248
3782
6843
16621
15700
21405
9465
4146
7374
1938
25392
21386
13325
3138
11033
23069
25766
4027
14878
21758
8053
29500
4368
5131
15853
3901
14360
2580
1452
30895
32496
23615
2642
11141
3410
170
24980
15987
22449
12371
23948
1014
19496
12341
16723
15508
19376
13748
9170
15973
17301
27195
29909
13778
31531
21028
22625
25501
27069
6872
19528
31778
10438
5175
19450
3036
22115
22842
26270
1322
31753
27606
31586
23379
19827
18468
4111
20168
21471
12992
30176
20138
22906
18031
12436
5004
10521
1284
21442
22394
30249
28548
19053
20282
233
27016
15576
18641
19159
27619
2203
4938
28519
19077
32503
5042
29947
4511
23911
11111
10768
15880
13431
21395
25269
21728
12505
4595
10818
7795
31414
10973
15686
2143
8002
13441
24513
29434
14483
28527
25492
28142
18355
2137
29493
10278
29940
10010
29863
5870
10883
28408
6314
6229
15680
21542
27183
5334
6093
27277
29198
25656
7141
4557
17147
31155
11760
8830
439
6996
7892
187
15747
10403
26637
14305
11482
13442
28160
916
8799
30296
15500
27139
19989
22127
29155
19309
7886
6555
19352
2789
22502
28701
2553
13394
12080
27590
7582
17337
1841
8544
21314
29119
6540
31049
29138
10601
9662
29537
32452
2855
30731
25126
7338
8465
23736
24862
14343
10352
21371
2678
30305
5248
5936
12264
7063
11892
19917
6882
22901
30395
29848
6116
15750
11138
23704
20777
12585
6266
19273
15499
16359
5083
5012
8353
6148
19625
15101
29994
31060
20022
32543
8878
1616
23784
20309
25954
11113
4156
3771
22349
4253
19979
12885
26025
18759
2828
3981
13708
13883
29851
28387
15303
19986
26552
14048
3086
16323
22867
17227
9050
9076
5063
15520
12684
11663
28068
958
9811
6167
23985
1504
1359
13885
4145
3278
17783
26158
24934
24405
16312
21808
24916
17908
28894
18925
17607
18392
4792
26894
26519
13323
20599
10252
17451
19176
6744
25155
1084
7122
23683
17481
3803
27429
7474
381
14262
13421
17941
2019
29591
7382
7414
9775
13869
27108
12185
22559
23823
20580
14054
11534
19454
12195
13641
31943
7786
3293
21594
24215
4664
25336
17849
5798
4035
6770
11068
28038
29473
15769
19021
9741
31399
15610
3725
1376
32431
22555
8126
8529
22168
32365
3807
26859
3855
15484
24216
6986
21901
2409
27353
8369
15649
2202
29631
31190
16496
5040
20407
14720
9466
8377
2277
15444
9119
22695
27079
4844
31329
29186
15637
21034
19307
9177
17644
15820
27987
17662
11564
320
4252
27507
32031
27321
24191
8223
19547
23682
29930
31429
16105
26771
25546
14903
3238
19042
3974
11463
6122
13051
7371
31999
22376
6995
18831
13970
5973
4313
22352
6033
21965
12367
27293
482
15986
17112
984
8431
2390
12626
30010
6043
16667
16869
31255
19066
13400
21468
21348
6721
5695
3508
3446
8827
4733
12659
21260
20606
22626
2876
29072
26270
24898
11807
29338
16288
30235
29493
28342
26226
14455
28397
32103
22041
12948
20641
26220
30186
12995
24685
30785
9725
30222
3904
10217
28639
26141
19763
24043
12167
28251
6682
5275
18571
11348
1113
11162
15252
32609
2554
5280
12304
15240
4092
15737
17958
926
25581
23374
17647
3758
31675
31526
30947
23711
26567
31660
22161
7696
11067
21555
13716
21383
28318
19703
14274
26571
16549
3238
12454
18830
22860
7967
8497
18511
4902
22905
7084
14463
3825
16199
9201
8931
13678
19738
24539
825
2928
19528
11259
23070
3122
5100
26764
5679
32237
23342
4777
6255
29866
197
32190
22505
30549
27578
16701
26774
31508
26990
11922
27008
10455
11486
25432
7720
8495
21286
19405
14117
12899
4420
10627
3599
13505
28447
29273
22683
306
13256
7082
5895
13841
26367
9668
16825
15933
3065
31644
31267
20077
31072
31424
17129
19652
29340
14220
838
22182
26193
20897
22956
22729
30248
27795
426
28047
11219
8418
20755
30099
32587
31020
4189
7809
4700
20384
12871
19500
17764
8118
11966
6106
2392
8221
1282
23010
4871
14581
10501
29050
21411
10815
24596
16074
23165
30354
20664
837
1040
26127
18911
7224
6721
13719
1335
19363
18917
17979
26843
841
4484
24819
3121
26115
3420
25235
1042
29529
17577
25596
14892
4435
23588
12943
21413
26765
20938
11496
27393
18058
9694
22472
8518
31306
5425
16210
19038
24351
18593
30843
14524
2492
7648
22204
27715
19343
28023
10761
10339
81
29194
6407
13701
23003
13533
27514
20905
7739
9111
22780
5197
3079
13126
12277
18833
22769
13476
26823
2202
32412
15769
31049
2356
18862
19456
31863
31931
24359
1454
616
28219
11249
14768
7296
28118
29367
1749
31206
2918
27643
19309
10296
25700
11363
16975
19582
18697
17748
28961
26717
15538
21442
19411
32654
21897
28999
12653
12686
16226
15218
9739
7062
26083
25953
28197
5837
2536
1938
28436
9917
17957
8694
30930
11267
18190
1095
23810
12107
14835
4252
30512
22652
14192
3131
2649
26160
11524
29358
6062
14695
2560
32537
4757
18812
13219
24522
5617
5208
1155
18450
32419
24293
23342
21587
3921
22981
31762
29787
357
32325
19098
20464
10073
14220
7578
22956
1075
11289
13037
1036
31819
15212
1629
19651
852
1026
4034
4692
27546
1415
11374
26591
14985
13128
14281
23355
9839
2791
5945
24902
8579
850
15685
23673
5669
26613
26617
29120
14439
29743
7820
8072
4301
17155
12864
19225
9297
26385
18058
14374
23978
16068
9331
7842
7118
22732
23870
21206
2486
31951
75
13233
9057
11355
26683
21343
3099
12320
25429
3613
6655
1372
15144
843
15035
16278
24434
9410
5523
12943
14401
20585
3753
30838
25432
10243
3963
10331
24788
6987
14509
20710
29456
22595
24841
2889
13765
5577
1476
14963
12406
27755
4098
19078
26635
12668
5021
1164
13244
2151
27426
19046
22832
7748
21789
20228
13286
17321
30359
7900
27605
22723
26332
3220
32591
16293
10370
22018
9259
18655
13222
5463
17443
20051
30073
21143
6267
28740
26876
18765
10468
10416
11527
13948
12703
10464
15248
17112
13541
13629
9770
23862
15239
29541
31692
6466
2258
24190
15316
26224
17845
21963
31307
13109
26406
31100
6507
20598
21441
18891
15454
10561
3250
15428
22345
8891
24022
15204
137
14425
22813
17510
26429
10323
8499
5978
4868
17494
18271
11639
20744
14970
16555
27058
29243
27251
13893
14224
16096
6923
13605
3128
17230
9168
240
32204
23024
24329
3612
25849
5777
30703
26454
15565
30422
26906
544
13513
31756
16186
18111
10552
4644
29703
20308
30143
26620
30075
8777
22068
7393
11582
27630
18867
26449
7266
31588
11247
6405
24400
1723
30919
9263
11778
31319
28186
1536
11379
22424
32731
14957
8020
26298
21096
7475
22785
16377
12055
23576
29363
28665
10002
24180
9719
15206
22630
17905
23135
17879
2390
27791
15223
8185
3573
1003
27386
233
11252
14784
9030
12001
28856
1454
24078
23319
11695
1082
21327
29922
3813
791
25733
14367
32722
8868
18462
31443
21111
12469
2351
32274
23721
8342
12134
17951
32684
17485
9024
15828
19971
11040
8827
10564
17287
18775
22735
11168
17335
19779
28889
25687
21071
17791
12632
26497
14876
31862
31387
5502
5646
11557
14394
5594
28815
29987
6917
31092
27923
10206
12090
18400
12272
26407
8955
31753
30833
9457
20734
13339
8485
29269
25479
6304
31357
16346
9107
16105
13206
29428
18518
2735
17748
29898
23272
21242
5040
7740
572
20034
14675
9509
19281
2516
12643
28381
16812
28792
21405
27651
27653
9297
22180
24953
321
12292
19608
17071
27040
21277
19947
293
24632
28078
18032
29995
18594
20280
6325
17388
3315
27855
2963
26282
6125
17018
13827
14155
16247
25561
23859
9749
13131
10
30938
31926
17391
23756
20936
21127
5606
3301
28353
5649
5415
26050
17291
20433
15566
30814
22086
568
1810
4453
20220
19190
6519
1176
9593
10616
324
18291
24925
3759
5176
7949
8303
6676
18809
25921
22324
10217
7885
10507
32705
5313
24076
11828
10957
23106
22230
4146
9994
26922
24705
3146
12982
25744
14421
14071
27500
8813
4092
8335
28737
5466
24628
11556
27148
923
21447
9128
28165
12125
24253
14421
28306
21564
21968
5708
11869
7688
6688
11389
27050
31945
11560
16838
10728
31232
16625
5215
30597
29488
6277
2165
24071
23965
19623
10773
30297
30548
18625
1612
27490
2411
5150
8077
11484
8074
15193
338
17508
22699
28182
14086
205
13597
9455
10787
27578
1487
25522
11160
15724
24779
27593
11373
17112
16129
29433
27049
27133
10054
12880
3956
26740
2716
24920
6009
12361
13748
29073
26254
9993
31665
7710
28055
21276
32303
9151
20903
29525
13956
13567
24425
13512
9285
32431
19903
31452
17677
20626
5032
28065
14713
15962
21863
16995
15223
19667
11490
29311
18881
32607
20808
21621
11428
22946
25078
19263
14342
10622
22684
32737
28327
11586
26267
22850
27303
27166
16818
9786
12105
18139
9178
11756
18422
16072
622
6742
22661
16632
16527
28966
697
4010
24775
3791
17675
13321
31212
22493
13994
23062
29512
5253
17601
10466
19446
10881
21752
27392
29071
10523
28989
6970
27143
23431
24772
10627
21713
21877
21068
3117
1866
11751
31653
29020
18516
23616
21103
9403
28481
27550
16932
32109
27124
30826
857
26695
28226
11310
30784
25148
23198
11174
12914
30488
2550
11033
1515
6258
7896
7401
19798
24795
2521
11882
17292
5980
20279
1776
5719
1824
20413
32044
5755
32621
6375
14008
10487
4057
71
26096
23944
21690
3623
6660
20079
26590
31600
21835
11636
18812
18123
24026
8747
21867
9477
31830
23926
6290
20664
7430
1611
6816
32040
1836
25527
28669
28779
7830
26659
10240
2253
25456
471
27490
12658
9308
21692
24306
2621
5829
16742
7819
18161
18799
23889
25667
2454
9555
16491
12262
15391
28843
19411
675
11593
2121
19937
772
29894
17196
10086
7460
25243
13397
22069
29468
32199
16087
2274
12734
22053
12334
8137
7558
11667
21713
16210
27597
15444
15115
22388
15424
5299
6150
17528
18065
27113
809
27904
4204
15937
31651
327
16301
15482
27720
16298
23760
16493
8605
25192
6568
21232
26158
6822
28756
7417
14632
15542
11888
5639
21283
408
16520
29117
27968
449
20946
4304
32372
19740
5148
31012
25379
17487
17411
6450
8945
5951
15718
23213
18645
3286
13338
18533
367
30724
25823
19307
29595
32259
21139
17270
1862
4576
25510
32389
3712
18743
29646
21446
1235
28222
11772
26039
22739
29444
17038
20363
29687
10747
19910
16847
29863
26549
635
21069
20118
29163
27918
817
17746
24515
25248
17770
29978
20306
28802
31315
24047
5216
24557
14483
9453
17516
8692
22594
32732
17392
14262
2637
32515
14567
27352
32539
10556
1675
27187
24688
7758
13923
7881
8850
13174
29309
19710
28843
15943
29945
22021
14447
437
4295
11672
6398
29036
14256
22508
14604
16230
8603
996
18495
26556
30985
5509
12248
11964
12515
13482
13974
17725
26485
13304
7127
1839
31418
25621
28161
2166
12762
10005
8224
25593
8177
22581
8913
245
9234
23500
1118
17048
10892
27518
23594
21963
4971
29363
1360
4431
25154
3911
27783
7179
6952
2692
30025
19876
28929
24141
14900
32079
10495
6811
11440
13027
22376
16174
22482
28211
22937
23932
19072
30874
12619
5870
27862
29911
9493
19275
17609
8475
18994
2932
28170
32609
23429
9299
18733
22526
474
22030
9739
19065
29039
2944
28005
24732
179
9705
3530
22475
7245
12516
12218
5269
15456
4762
29963
29833
16141
3126
18316
29259
19514
7833
31465
20455
9874
10062
17870
15204
3533
18880
22095
8605
5682
30890
1416
9036
6490
13264
28288
24680
9270
19949
27732
3505
1620
20204
17297
2185
26205
18010
31457
23813
32739
8732
9962
29252
28249
23901
11635
20735
10595
7115
17352
14434
5713
1283
11360
29978
21221
29769
30654
11952
7517
20605
19605
7957
32173
8266
31535
26750
5133
11937
24591
32113
12467
21350
22998
20256
6370
13417
22115
13815
7459
4759
15166
18545
25811
30578
11575
5167
4829
22206
31562
27979
10185
30845
12486
18410
17654
16158
4783
20496
13603
7666
3168
13241
24116
21471
20340
21285
51
15960
10983
19315
26006
22668
23929
3953
26816
15070
26451
691
29386
11926
7917
19170
22402
10710
3375
19287
12980
18383
21719
32488
10921
4404
10522
9218
15342
10479
6030
28409
29270
12564
10567
13979
13122
31763
8000
20235
32032
24113
19965
1741
16434
13113
23663
31261
13457
27758
27160
12421
20849
15045
24688
14510
18854
10577
29574
13943
12648
15359
5610
5956
12627
26243
25547
24728
27313
28562
18781
19687
28924
5202
26749
10917
31903
15
408
12707
15101
27695
25545
17051
24500
31848
10305
17674
23331
11056
15596
5949
23082
23157
594
17583
29488
23695
187
30354
9323
2419
30870
21164
1883
13353
21019
15460
23960
5248
12336
11293
23246
30976
10889
4290
20486
21792
29460
28578
7207
32697
27284
13951
1468
13755
26763
29665
25079
13599
14942
27056
11510
1052
7604
11778
30534
14494
14879
20018
19622
21492
24062
10290
30733
1736
674
28194
18670
29013
23471
2081
15802
13268
30149
18531
14247
25399
10336
9603
7088
13850
24317
28443
1244
32247
32127
12435
27588
16537
25552
13878
26447
1491
21707
26763
27329
11633
17498
29154
9460
24943
20699
25133
25828
30825
27593
17681
10098
23635
30104
24125
12897
18794
20704
32763
24741
31082
12478
12292
989
3842
9848
3737
32542
21893
12895
13263
32498
10466
23546
30507
29344
6614
5472
21870
10926
8800
28134
26802
16549
32374
22522
9910
11284
31990
1615
22903
10455
23775
9275
1536
21145
2753
27997
13698
6552
21106
26754
21671
29864
22787
18889
7460
29819
29426
16390
15758
7199
10913
12645
13166
8904
2823
11088
2967
720
678
2450
31927
31228
29373
6332
4141
24321
16062
14279
19738
28743
28674
15612
6587
32748
16828
8721
18166
8460
10540
15253
31282
14912
11797
32654
26988
8548
10096
8032
7559
9374
12386
30960
12004
9371
26988
8970
12339
9244
23010
6400
15241
28850
1438
18836
21938
18629
2805
3352
7112
8923
23786
18132
28420
31255
28066
13736
4821
17408
23832
14323
28975
29573
18
1715
31014
11581
21332
11245
19387
4339
12051
14415
10998
15457
20140
31764
24373
27452
150
18216
1731
22641
4757
29836
940
17583
20017
17661
31696
17957
6503
19664
7991
17805
3998
31009
10404
19561
9949
28716
19565
2188
13626
20731
2441
10461
27286
5698
4331
30552
4743
8327
14094
21589
12950
11141
9170
30477
22699
13011
13446
5978
11717
2497
17478
25790
8430
10883
20103
28327
15983
145
8176
25073
1856
12877
2412
16301
23746
11750
18813
28961
21680
32125
8147
23823
2387
9863
16157
25147
14838
6259
4383
23335
20378
28300
260
3873
6635
2336
16374
13439
22642
16866
14317
26666
25611
16269
8388
15961
3226
11466
27538
20639
32506
22100
30775
27944
18230
29786
18741
19264
17148
8997
10690
26900
6222
20218
31259
30397
1147
5954
5658
29306
5966
27880
2571
23101
11909
28675
2492
5738
17796
20661
24019
475
27979
14162
15204
13095
166
30661
14787
27428
26787
5168
23191
19626
1353
21203
22576
16794
3719
27439
11803
12575
363
3691
4083
27444
28053
20214
17017
28007
14058
11118
2791
25820
8077
16577
10370
4500
11787
26514
3183
28399
17365
16606
17351
17776
30708
30175
18414
2497
2552
12080
10528
11511
305
1843
18252
16918
19490
31664
3366
7384
29747
8894
24952
19882
14758
9959
17080
7928
11212
20103
16608
30634
4473
4725
18810
18159
13749
2021
31226
23865
27828
8589
27729
22153
25865
3079
12735
31212
6422
10615
28649
12869
29895
28781
21547
1102
896
12813
20783
9690
14931
2925
23231
6749
12919
1598
5079
30893
26613
11439
8959
15882
20645
5262
8407
21085
24409
9648
21748
8637
18264
8084
13546
28471
5134
8771
22954
17615
26881
15994
24335
9410
32263
20747
25011
24590
11191
11649
3847
13876
7197
23555
31651
8765
29618
28283
13274
30971
1674
12535
14994
15505
28112
14671
27218
18742
4464
6664
27805
16181
31251
15480
15231
20024
32592
9771
24933
17863
9760
11654
27442
3852
17299
25002
16526
29657
14274
10651
22145
22252
21765
24226
28738
16753
18278
26095
25161
27080
4181
3459
2987
6025
27293
12365
31143
2245
10902
26003
27004
15503
28316
16276
7294
18107
13249
23916
12905
4326
8895
21559
32245
11447
10545
13177
1963
7011
13058
10430
13046
11895
6181
1661
14717
26066
4742
12866
28848
28400
20545
15884
3489
10607
30227
12532
23318
21707
9741
17168
5596
19309
24208
4247
25438
28388
17781
2118
5750
10610
13196
6402
13954
10442
5192
25278
31931
13848
28088
28319
15298
20290
9401
12894
25980
25965
20843
25327
8992
25796
14305
23136
13198
26996
14621
5379
995
17915
20539
2511
13898
16035
28652
25092
2837
7753
21542
21518
24588
2147
7194
9644
14852
11330
16487
6481
3252
15764
14733
19147
13509
22060
27300
16162
22568
9478
9294
11203
8364
3717
21482
14557
1232
8704
13066
17164
4821
2173
2855
24629
29208
20668
24980
11185
3743
15480
8113
7597
8946
29417
2913
29136
5164
15501
9150
24863
21585
11304
13835
13086
16098
22794
16105
27192
9135
3728
27598
3937
29677
5357
20660
24826
17800
30506
9742
26869
8379
27244
8960
15929
19421
14966
18383
30024
2430
24430
11415
1055
31922
8420
10300
7518
10157
27152
25506
18088
14480
13147
11553
11853
6275
9506
8243
1062
28932
22454
30064
22977
7038
21671
3773
19902
12062
15682
5056
1657
8418
14936
12951
16362
10739
6465
22729
28873
26676
14881
30844
19189
27931
13162
11753
6934
11968
20130
22798
19329
3891
16999
32674
3677
28179
19888
2894
29444
30812
6229
14362
27308
10881
31954
18214
71
14523
8008
18842
18344
20896
30148
6111
18406
28407
9668
18704
25861
10443
23287
16043
3283
16062
31557
6285
11025
19360
23567
9501
10451
22336
23736
8647
31530
14978
2660
24492
1279
2482
12543
8343
20546
31000
32130
16435
25157
28621
5489
32124
12130
15565
18344
30836
29156
8780
14936
14359
26661
11086
14925
19600
15859
32626
3954
25005
9528
10510
31382
21905
25050
385
16496
10153
19681
14277
26081
21473
4824
9540
378
28183
12661
25837
17982
4559
30844
24710
11177
31273
4576
18500
22257
22033
21803
10393
10635
11446
27169
4685
6385
26173
32416
2256
13219
19638
5067
10959
30571
6479
9832
18693
23782
25031
13957
24404
15424
31270
29282
9236
28479
7852
2187
8619
21635
31239
25925
3677
6156
23497
24363
22118
25852
13080
5913
3142
25758
8615
3913
13149
11944
15078
15804
6327
3773
17270
7644
11817
17206
1248
1375
7069
6434
2438
16494
31402
2443
21722
14599
28776
15356
27597
11680
6530
4671
16779
15117
31884
8555
23653
15779
30359
15391
18190
19870
22019
29192
8715
23232
6037
10409
26981
11067
31177
12635
17057
16849
23146
146
26353
28474
4703
27235
32172
4806
17352
2115
31484
20035
20042
11282
22231
12577
23974
1112
12336
7892
18065
21966
12398
29818
9664
28192
17181
12734
30018
13297
30179
10492
3090
30751
5302
31398
15341
27721
22093
24550
353
25231
11476
2180
31271
15001
3812
4107
5554
8155
19634
20007
13320
32023
17799
1618
9937
18723
4464
15023
18605
4332
29494
9782
7883
25275
9872
8722
14520
32439
24216
31303
17012
28844
2172
30104
31947
30474
9846
5288
4066
23345
22270
19551
27665
7915
23614
16271
11504
9018
14278
15320
12981
11349
11905
32201
26045
26349
18663
71
22632
21172
9077
23347
15146
13856
9050
30023
22239
32620
25460
3393
351
14049
28026
24132
16467
26195
4987
25467
3655
6638
32135
32511
30208
24115
16300
2043
30735
24381
3108
1038
28326
3401
21964
4080
25515
27253
30424
15193
3339
26056
12229
23582
25425
26483
4752
7325
1655
29270
11814
18780
25851
32454
3611
8685
22838
29326
25246
12565
12522
23091
25773
28717
21274
18301
19077
14791
30750
31026
24669
20373
10230
12325
6483
30599
29407
21871
11431
29748
6180
22013
4903
23675
3895
22347
30954
5738
9984
10606
30529
31070
12149
6744
10987
23404
24939
3672
31368
3584
30891
480
8528
3524
13385
22667
20997
27076
12593
7518
1574
9679
21251
6223
19814
7200
12065
23811
12637
8766
11782
14044
380
29984
22233
5683
6982
12437
31041
25314
701
21987
10620
22534
24347
9646
17067
19715
12227
20764
25456
4040
19831
17975
6331
13396
3019
7059
10977
32120
3802
24368
16623
17119
10551
19617
20029
30797
22055
11886
32326
14884
9229
28344
4790
812
8997
6939
26565
28563
11381
24537
4804
12595
5377
15924
20213
6420
8511
539
11424
23090
19658
15113
13923
27008
14938
15403
202
7980
24564
26561
22560
32037
17246
18886
132
16091
23254
17875
15423
5702
26115
23617
3156
14889
21292
19086
24409
10648
1192
2817
8838
18616
2710
30609
26892
15046
9422
5124
7591
7514
8471
17236
29303
2285
27034
27734
780
31385
22422
20893
23744
2849
7766
8349
24905
5937
25184
31756
14222
15591
20720
1422
16058
21137
19364
10896
14223
15033
31865
14452
6142
14687
26102
31727
15604
11909
17319
28592
28278
23025
20173
15939
27120
3118
15188
6964
26314
26836
261
14199
18749
7689
17661
21767
30565
13640
30558
15822
1175
24929
31044
8645
9972
28097
24315
8284
11070
13044
8815
284
23275
13416
23011
24459
2168
19316
18150
20048
13824
920
20867
13719
2573
3079
17337
28855
1710
25186
22827
28434
14026
6855
30487
23613
17843
26890
8332
4962
13566
20290
31448
25058
9363
5512
30272
23870
24832
28411
28405
20535
11283
28680
23107
820
29607
14824
21514
25573
27326
32617
8306
20518
14544
18162
30171
2086
13155
3521
8979
3016
21980
12408
26060
26441
27541
15576
1357
13092
8239
4300
1383
19250
27178
27305
1451
278
946
20148
8410
19928
26044
26085
24733
18128
31058
14826
6518
22982
29483
29295
17143
5207
3455
30621
8242
31386
5145
7648
19568
12548
30382
16110
38
32137
21869
25605
8740
25604
15319
25971
30992
25049
32209
9052
4371
3289
27384
15288
10706
6502
19508
24987
16544
3031
24464
14777
2801
6430
17993
24617
29970
31399
6436
31593
31000
14724
5893
163
25111
13512
8638
3374
20372
26416
32037
31064
3388
12297
1129
2147
4822
9037
18854
22989
16502
9488
21430
32725
10995
21530
28235
24378
3228
2006
16442
15430
11815
25963
7194
6411
23530
20520
16142
18669
15182
14629
29151
23904
5248
4647
16462
20467
25705
26565
15016
3470
19169
26313
30106
18167
10527
20697
15431
10907
1140
9303
10392
27532
314
31621
5587
14790
2567
26349
8560
4022
30502
18176
11816
30973
19015
26877
7502
13937
21109
27412
12898
25444
19529
11212
21732
42
21085
18594
9318
1493
12804
28658
4837
26435
30776
2587
31065
9051
19156
32223
23179
19603
25092
5128
18471
10677
13817
15953
7698
21476
13537
17795
2045
30170
5398
8927
1339
4211
6037
2236
24271
26735
20147
24177
17354
371
15627
13173
32724
19026
24763
28101
8
24203
32464
14214
6661
275
17150
28652
18753
13396
1941
9050
22177
4981
22960
20171
7751
20700
3503
29296
26540
32241
30696
14234
1006
37
7578
11739
9835
22324
29218
25448
11150
6310
29810
23746
16873
17564
16574
12182
10628
22473
27256
17633
32117
16063
12927
1623
15281
3692
28052
31494
32546
9700
12045
5943
8186
7521
3021
17301
11846
9863
2419
24465
31430
16877
3538
17156
8700
28122
25250
790
19843
12876
8564
32352
8098
11839
7148
29773
32033
2603
5162
11206
10587
29647
22921
27918
26773
1837
7564
21226
7310
18646
5397
14086
3927
5479
14808
15764
24677
10836
16400
17462
18405
11236
5232
14366
9295
19581
30301
6003
1598
31010
602
8695
11903
12090
16580
31976
12904
24467
3263
20004
14955
678
26480
4752
3819
16925
2925
13241
26445
23442
21617
8380
12115
8346
20309
28260
13989
14338
1595
17043
32433
1112
23821
3811
6837
21421
4646
24204
22042
15514
14158
15241
5380
19585
14060
28406
8999
27413
14711
8381
25820
5917
32558
6769
7796
24693
521
12666
17868
17237
29679
7283
4641
18645
27945
14288
15910
4273
24343
32196
12372
10314
7969
13666
32130
21230
7665
7426
31157
10073
7903
5094
19257
9852
941
1821
13297
12157
117
9640
1259
29950
19423
8156
28727
22434
8087
30215
11514
18893
7423
6742
8638
8364
27169
27126
2316
30326
6887
16762
17469
497
14990
12413
20621
1847
2392
4232
4721
17850
17025
822
27435
1926
32373
7061
19611
13766
1344
14032
16216
5770
9542
18443
3839
6087
25140
7055
4299
19359
4150
21799
14438
31203
12139
11721
28415
27351
7062
13433
24733
20277
25622
5739
13235
26996
24600
12904
24308
23625
21259
31602
4456
17007
13652
28331
24768
29604
30019
8307
12775
6900
17478
9425
4057
569
17501
22292
25784
14051
10702
17594
18717
27637
9498
16272
23980
15696
10543
23323
25323
14388
25055
22839
852
19716
28305
18942
936
3657
13623
25323
19847
24826
24960
20799
2110
507
25678
2980
13280
1251
1898
26385
31384
12290
26999
29421
11325
22947
30244
24695
6183
10894
11942
31077
14657
27089
22118
27083
26720
13760
22518
24895
2259
20027
30282
20283
25404
21551
7717
16067
8862
8799
27601
5447
10166
9061
14611
14538
9871
18675
18270
24900
16977
2143
23111
6469
7001
95
22073
12764
911
11281
14186
11703
19700
18238
29965
26507
26235
18399
9418
30647
15130
4320
29291
7460
1824
16933
16344
11631
6089
18891
325
20554
10512
6832
10666
2591
21956
11317
15219
23031
19934
10050
20857
28315
18194
25739
13362
14072
23460
8210
20260
20936
19325
1517
6816
8303
21374
31818
19884
291
3860
20144
27713
29776
6157
7816
1463
12603
22698
15579
14205
28133
17397
20829
18445
24114
26708
29355
28191
11850
4191
5073
6173
31808
26095
27407
18392
5362
19319
13789
22137
30768
24472
32300
13498
26656
24303
17647
31574
2016
22578
13786
24509
19822
26235
18537
24845
19141
26083
29221
16702
4681
22099
20003
7836
14949
24727
24013
16763
17523
12724
18148
29222
27356
8316
12998
27416
6784
20831
13037
15215
7000
19588
20153
11677
11353
14873
7791
1633
5788
14567
6017
12278
31677
809
28176
9610
25473
21918
12207
13041
19643
19677
31594
23707
17776
11497
31495
963
20025
18181
395
6890
3305
29129
29440
32388
4720
18294
22902
17905
14335
7815
19272
8366
22381
28808
1696
5069
25306
9003
26173
11170
8082
26521
4980
30144
2099
9222
6517
22308
6675
7048
15824
4783
4572
18473
16952
5082
23417
6971
29574
20901
14646
6123
10753
24016
26146
31769
7900
29774
14264
27495
15104
7927
703
20624
17164
16765
18287
26876
1178
8609
26837
11921
26821
16294
29561
5067
4072
4870
14141
17935
23207
32613
14472
27196
1076
5571
15524
1924
12747
30197
30053
5242
7039
25686
4108
23147
12857
26554
11114
8946
26366
931
31049
25543
30576
25272
3847
23768
25496
1394
10628
23707
28898
18713
26687
7842
24169
23279
17339
30832
11893
27563
17192
18571
10562
14120
13631
23506
32004
13407
28782
15633
7975
403
24117
8915
21211
24779
21968
28535
30928
22661
2582
30598
3134
19625
3745
580
28969
9148
14383
14469
30691
19542
23624
30146
14802
14038
13345
12140
13171
5972
26305
26240
16287
983
32354
22364
22542
17096
19738
23505
16153
23975
1210
13177
30404
19453
1527
9803
10491
19090
10951
13676
25884
13023
4110
20040
22198
26310
8826
13282
22929
9345
29355
4712
3822
22233
5272
28939
22543
13720
3630
30222
23034
19008
6458
12572
28283
11517
15496
24542
9832
3545
76
24781
16680
24111
16834
18501
15734
11874
27154
19419
26467
5070
3190
30705
1946
11007
12190
25480
6120
2593
18004
22101
8444
14264
7004
5398
9579
31122
13470
18470
15863
4089
29063
12367
19216
12589
26796
7648
24475
22801
18608
24064
18675
16676
16488
4674
22573
5299
12862
9850
20641
13645
14035
22734
8101
9080
13033
2064
16796
24482
1151
15435
30768
22362
2877
7579
13787
12992
4115
19778
25260
5690
20510
21753
24136
11369
11979
8324
25391
3164
21310
13705
12096
20483
13557
7586
5504
28390
23464
14001
23831
12566
22132
23924
4507
20068
11833
9817
10385
3538
22337
6291
8241
31047
26146
8045
31594
31111
3045
9694
16166
28257
7527
4190
21711
5931
10752
2297
30226
24427
25955
20898
1507
25559
26821
4297
31425
17280
3906
19504
15931
4426
29052
1530
9651
31135
17541
12293
26722
28772
8191
27001
13980
31532
28545
15009
22101
27564
4925
17146
26853
7792
29664
3466
15880
4556
3514
32627
22569
26900
14111
5320
1504
12303
9741
24479
13497
29354
30990
32104
24887
31978
18272
30333
18456
22308
31828
15354
15579
21104
500
14286
18816
14683
32488
8978
31631
30940
11163
5786
603
21898
665
2506
648
267
20540
13227
17099
9168
25991
574
5617
12031
29266
7185
9763
2737
19111
8207
1384
29790
7021
6044
10091
8597
21059
20194
10367
31473
15535
1893
1504
840
8824
14558
11067
16165
24400
21574
31089
12409
16310
15665
10905
14989
9499
27997
14148
571
13636
30347
8452
7774
6383
22157
17967
11399
3513
20897
8928
7666
20287
18173
9023
20664
7044
13227
27394
18757
22163
22423
13876
8205
4453
12519
14133
30587
30724
16778
5635
3626
27377
21268
29879
16728
18371
11465
7507
5016
9490
28663
15546
3014
1427
3722
20224
64
18052
4058
8420
8787
19787
6087
2715
24052
14426
25608
18384
25009
5973
13248
4328
25319
28279
19794
22922
29236
2354
5751
22623
29743
24597
29326
15382
4695
5619
23347
12716
14410
20546
26386
8170
28984
28353
13053
15407
14742
26206
24893
23663
6423
17238
8998
10876
6360
5790
239
7300
27098
21122
21440
22235
20406
23180
9739
23291
9100
19111
28192
10186
829
14724
22268
12059
218
31293
2914
17526
26204
8504
14126
26908
24981
20559
13029
6470
11366
3629
3472
32430
1331
11515
26827
11344
2964
1085
23321
18290
21837
502
19578
16866
20353
22291
320
2431
16418
17158
18206
20730
31660
17074
30850
21982
8979
9863
18980
18382
32249
21486
5855
13582
17701
13799
7617
8262
28977
8432
26206
9090
24962
11818
16233
17532
28542
20919
2949
24094
16888
12390
20568
17219
29935
30866
15329
32446
27001
16967
5132
21661
20986
15015
17540
26799
20121
7820
32457
11843
11765
18543
8322
1331
9747
21897
21524
10273
6556
9783
8051
20481
15685
15779
21817
12503
12686
17569
7157
13250
25775
13271
32709
4666
20687
26913
16935
13974
27256
11316
23564
1489
21320
26241
26158
30349
9449
4700
23460
6488
26691
9565
27315
30255
3311
31238
18408
25408
29935
31911
14179
14580
26781
8063
16502
1837
1762
23076
16239
12237
1448
14373
18865
2679
22162
15085
6154
30105
1002
4842
27456
30890
23003
29679
7917
23472
12256
2263
24205
22534
26236
19052
12502
18012
27948
15751
19784
28159
25754
23672
28676
22875
12563
12199
8161
21438
4411
22908
6845
29790
3327
6525
23569
23198
20684
2742
29128
32653
18686
8542
4946
16559
4508
11191
12020
2049
3650
23094
24930
13623
15966
4836
2959
11336
8607
5124
31428
11564
16555
10742
22256
22756
11793
31835
19263
1980
4990
13946
7405
21709
7987
3811
9309
709
26038
29265
23653
7659
3016
21973
31724
32605
19608
29745
19896
5532
12342
31362
14977
5707
1610
26659
14666
32052
30982
9677
6641
31884
19545
6147
24068
17016
7526
12461
5078
14288
13876
17411
26578
7202
18855
9388
24592
8954
11183
19239
30246
30304
22975
3179
833
17059
26497
9162
12916
12117
9160
5147
27983
27031
2502
9240
30388
9111
21119
31237
10214
11606
14973
6803
995
2735
20421
20227
5364
10901
23563
13966
18562
9116
16162
1797
15659
6586
19894
16565
14101
12623
2109
22925
11906
13156
15915
9091
11429
18224
29029
29235
27317
25825
3577
17353
26431
26009
18956
28962
26048
21686
16916
10542
3187
26198
9543
15257
5224
14106
1618
30378
16342
14635
9295
7275
2738
29307
16369
13066
18816
28750
20738
13439
10858
5112
12304
24943
19599
7400
2147
15184
24989
5093
9778
27087
3490
31640
29974
3950
31007
27211
17086
20850
18783
28912
6629
5884
29446
29541
18817
17270
6893
22006
27709
28720
31021
9252
1066
26955
29306
5284
32433
29143
23475
3755
13517
4920
7094
5225
15223
31694
8057
14035
6241
12501
21591
30374
12006
6025
7335
13993
31041
6542
29331
9010
25086
26768
11560
13035
20911
9511
7081
9430
17632
27901
27433
8079
32333
5170
2648
21970
10578
3583
32670
21564
162
18586
25958
23638
19772
90
189
28879
20891
19996
9755
30473
29997
29925
24704
4568
17415
13001
3779
6534
5847
6411
27431
21786
30490
12165
12592
22745
5007
26442
21941
11790
22763
8331
1333
10247
718
18359
23663
2656
14582
19942
3884
25732
3251
120
29024
18032
27290
1017
5745
12986
21630
30280
31447
29138
30620
31737
27621
10889
29462
15607
8678
25551
25251
5230
16492
21441
388
30696
12517
8163
31162
22966
2927
29353
13174
2705
494
2621
14545
24193
347
9340
445
6398
32095
27713
15419
25685
6688
19431
25807
22606
10331
18697
17201
21516
10163
19852
8006
12084
17224
480
16974
1618
31884
7298
6239
9848
30802
19142
1554
23592
8744
5843
18044
10611
6631
28399
25952
10083
8072
12797
10658
5783
28985
25923
1023
25389
20400
30577
22012
8165
7360
13535
9500
15490
18474
20759
3670
31604
32437
10643
3526
27317
20353
9672
28323
25585
15256
22627
30577
22505
25542
17874
9848
26905
18603
29702
4724
6552
20750
10103
17294
4161
2676
29033
6283
14608
22513
29550
3140
17614
831
31789
28502
19441
25613
24929
27162
6334
4505
15141
23256
23728
21121
25710
25655
21789
16087
25817
16376
8983
18547
10151
10724
23185
7565
9221
30467
3266
6539
23185
11535
20943
14359
19483
11816
5540
15989
19880
19657
11298
3859
23997
23547
28800
23394
24282
4041
29675
10213
23364
16883
32624
22152
13831
28391
27932
11058
27964
32492
7266
32413
20872
12193
1468
4966
22245
12710
12693
16736
25253
20121
5735
27438
15028
11076
8737
29201
31261
31252
29387
7166
11983
12749
620
8180
1186
7293
18988
19596
8597
21167
8374
31954
5977
30432
22496
20307
3604
17719
23950
21367
3167
19312
25555
8465
144
23834
21594
3637
28479
6146
4869
30538
27395
3311
21459
19807
14717
24719
2055
24259
18840
30898
9863
3535
24334
2486
21378
27143
5935
6210
11093
24418
10974
17208
13488
28645
4572
27108
15860
11126
27465
634
10720
23024
20327
13503
28525
2931
28322
3334
20726
766
8653
23390
3740
12095
20399
4874
6121
9641
19390
15921
180
21448
4650
22999
15684
23249
1309
11788
27064
18814
3906
30307
8357
10264
20356
28326
9474
2773
12824
6088
25409
7781
6845
18715
3519
25288
1090
25027
22622
2146
14665
11883
6000
9041
2636
22327
17880
10494
9437
27129
13931
27634
28722
21671
29853
2540
4832
25613
6233
48
1511
6847
4400
23073
22767
29778
11446
11794
3025
26827
23593
23642
8537
17496
32084
17574
20299
10046
10931
26004
28579
16915
22232
6781
5921
8749
14093
27537
29957
8794
16699
9258
24600
21457
16651
9050
13547
29545
18506
6854
26979
16137
32402
12216
31093
16224
5159
12911
4399
22998
23583
24506
6136
16066
20934
24773
280
2013
3392
32050
1403
6903
27504
13163
10929
9448
27929
11063
15162
16586
4419
13964
5121
8037
12001
21669
27430
17131
4528
27475
29696
8934
24162
10904
1123
19566
508
20082
7966
21151
12413
13045
1992
9034
14016
28316
17341
5099
9123
26337
11363
15067
3177
4875
30386
26823
28765
24904
21491
22113
32696
29179
4039
23125
18885
7511
20332
15231
5699
30509
22076
29531
28171
17666
29558
29885
5875
6757
32065
19138
1777
3968
31982
9222
4740
17900
28798
7703
23119
12234
17764
25898
15367
19727
28812
31757
19088
21279
18331
16477
4451
29342
32633
32505
10035
12162
29709
11446
21456
32621
7495
5973
19787
8763
21860
8882
20571
26838
21613
26173
6143
24146
1281
16046
30821
1846
5717
10229
8459
11031
28537
29552
18980
23660
26589
11873
20797
12957
26899
19615
2336
27229
24022
27532
16633
24634
4684
16710
18103
6514
27016
3106
26805
20233
3155
5718
15002
12056
29996
8693
8574
18536
32141
20769
27470
21567
20592
24188
30065
21114
26130
14815
9899
11228
27895
23887
16450
20134
17454
28204
19040
31080
27350
32428
8121
10262
2273
904
23661
22366
29976
20981
13360
4665
23647
14806
29608
32193
28219
4144
12566
22338
12945
15838
28729
6291
27825
9862
15728
13991
12178
31691
1054
11871
1887
20676
9298
21410
23603
429
2984
5808
29218
17373
21866
13235
10872
29176
13819
152
27205
26726
13686
19740
18969
1540
32146
2346
29452
9497
16073
9572
19713
8331
28857
25088
25132
14675
29130
32725
7122
28718
18961
1973
15440
10133
5492
7166
14943
8688
22799
2156
24982
12295
18391
1073
23601
9145
14973
23112
2576
23280
24214
27654
18691
30420
24824
16882
4676
4927
5991
7894
4421
4721
28017
18710
6060
20742
6294
32321
4764
22053
22444
17638
25911
21497
16770
4265
19553
3173
26308
27797
12230
28147
19230
8116
1054
32014
31140
32733
8880
23922
14450
26318
14868
4064
8079
32123
15422
14358
5912
20901
28088
32510
154
27053
31279
25894
4031
19115
12849
6512
5677
9403
22069
10251
18091
6551
4828
5537
13189
20843
4726
15058
3122
20964
18376
29666
24117
19338
22029
30894
23873
20817
14906
28901
30368
11882
6534
6260
13270
20063
22826
2114
12417
27487
25445
30494
10115
30423
15812
1782
23395
28738
21664
29257
24049
7745
8168
11742
31529
24046
1313
21175
19290
31853
6826
25665
12424
20165
12357
18125
17166
31726
16595
31299
29063
11564
12639
27925
22511
6299
350
31603
4614
6666
20533
28350
3317
19980
23548
4414
7220
25421
23938
10775
21931
5667
26001
30073
31000
2661
8051
27928
26288
30592
7348
29916
26889
23239
3626
16345
22071
9227
3635
385
19510
4204
24638
16152
3208
10094
18829
21865
15134
3664
26425
1720
1148
9625
9590
9463
28441
9459
15384
11325
23556
10556
21590
24947
31437
26843
15310
18769
13475
592
18634
2953
21178
6415
21442
5697
25584
13455
27170
5575
9647
5534
7756
5248
29717
30199
6369
22306
1362
26134
20285
18723
29778
15691
832
3442
24221
20494
28756
1892
6523
24722
18859
28657
16987
32157
28105
19232
11893
17302
29507
20928
32175
13280
29382
9049
21693
5734
12890
21602
653
6519
5608
11444
5346
9173
30970
10815
8255
3336
21955
7164
16134
12280
23903
26914
3041
3003
25948
22685
7009
26284
20088
27836
14565
10173
18604
10026
27326
23054
6250
18719
400
3774
16676
25559
14075
4353
14605
19780
8059
8306
2595
19712
29581
9643
1133
5509
29716
5395
25985
23968
28154
29688
6474
11811
8474
13278
30728
14299
3678
22550
9624
17857
28964
6546
30198
8052
26599
31991
31488
28647
4123
3828
8061
1111
6488
15059
29533
30593
5051
28493
3394
7441
32138
1443
9536
16733
21526
7914
19681
4435
11238
27558
26733
16048
5137
4507
19816
13428
18668
9184
10843
28562
31205
24885
7128
20459
9903
11414
4792
30077
22432
29713
28583
32216
13655
31188
30691
13778
17313
13194
1856
4988
17310
13288
9072
3157
287
21122
21633
7101
3923
1508
26279
3500
14499
9182
31036
24995
9690
31775
32517
23011
137
261
5047
2782
5290
29364
19129
32491
13699
16486
23340
16957
27085
5122
19753
27414
8982
15343
3145
29240
1124
26410
875
28573
31771
26518
9649
3943
13600
28308
2252
21274
9023
30676
29818
29449
11978
22123
2892
29710
17283
6181
28845
17790
18108
13084
4128
31580
14525
12681
27081
30925
1382
20443
2095
7884
18454
16646
832
21279
1739
3358
13462
29578
10378
15908
248
2370
11009
20256
23332
20644
23403
4463
25547
26919
5812
31839
19166
16784
21725
6905
22024
5221
931
3102
12412
2211
29787
18646
26608
19123
24865
9444
15081
12699
19761
15774
7226
17522
17557
19195
4039
13334
16129
1774
17551
7457
10747
7922
4074
9752
24126
25574
11790
19942
1121
11292
27608
32393
11444
7085
7626
14348
7787
18191
2128
26549
8702
25577
7495
16255
19151
31781
12991
8650
1038
22343
5888
30034
25817
3582
9676
30046
4008
31737
17124
21050
8425
1020
24014
13798
28903
23091
25300
272
11504
18630
15696
21568
2999
8877
20263
14675
8439
22726
404
298
5209
25893
21287
10659
16280
171
1805
24520
30691
22234
22929
29255
1667
11239
24035
18467
5309
10513
26904
12200
3834
17202
11891
6564
17189
28564
28899
5332
15957
6917
28108
7581
11692
5934
25866
5628
18047
29216
25140
31168
31158
27696
11037
8951
30326
5
30625
12966
16382
12527
22174
29117
23247
4986
25664
15945
21776
17476
13698
22764
11824
16651
7409
9866
25037
22538
11443
14918
6613
8582
6601
15277
19435
14244
25745
32048
17932
8317
27279
22232
28274
7796
17772
6453
15032
23240
6975
11416
8768
7781
17420
12418
4050
3328
26762
12123
5765
5730
32298
14951
28131
4612
17492
503
31048
14557
9972
15836
24203
29048
10805
31265
28640
8777
17292
7162
27901
32321
17401
13047
24444
32672
14218
27261
5761
1291
24096
12151
1436
17630
8565
24137
2801
2755
11358
3333
24726
29572
1870
17890
15676
6941
24092
17898
26642
28950
21254
5106
17382
9999
757
975
5517
28061
7939
31175
2438
29524
16186
582
15578
23077
21150
4562
19782
5867
20590
321
13468
28480
3752
6698
29543
2453
25035
18329
20174
17282
27104
16135
9659
16986
12475
13705
8508
29187
32127
30023
17449
26116
352
26416
7687
20704
16813
25836
9516
1443
25357
26386
31780
14266
14857
25500
9812
27911
17610
28824
28637
22069
29220
32544
3267
329
22996
17035
13135
6778
18950
6117
13745
12099
19995
413
24298
10166
4776
2942
5865
27155
19138
10976
4596
23705
31353
28448
3914
14748
19106
5709
27399
27096
18906
23076
1863
22789
16071
2367
20622
30892
28577
16521
24936
25912
753
22773
2380
24912
23961
23920
15046
7012
8725
7444
9430
29062
13568
11678
31635
10108
27354
29218
13331
17171
17160
31229
14223
694
21532
19468
20931
8766
19799
29211
24212
25100
12652
22688
31477
1109
11911
22186
15627
13502
14222
29204
14223
3625
17063
13310
19573
13006
20730
8573
4811
10893
9144
11410
21475
31618
16988
12633
25524
12507
13873
21379
22654
17382
7956
20486
26029
7022
1403
5907
24064
5448
3510
16969
8426
20009
28789
15144
30521
7099
23691
9672
8949
27887
9713
25547
9867
1172
26126
17296
1834
16937
28981
12201
3694
27887
17776
29328
20284
13635
22140
25237
29165
24619
23316
2587
2990
20783
32627
8196
1318
26218
8468
25706
21594
23264
30652
13712
3534
8978
20410
28952
4333
30672
14701
30070
21419
847
21000
22436
4457
25723
2450
8471
24857
31886
2609
10739
30370
15074
9383
25467
4998
23299
26141
9931
27330
18697
15136
23497
31734
8229
17385
3161
10693
30585
15841
14288
3967
28973
9828
31404
23037
16319
31429
24194
10189
5530
14739
26167
13456
13035
2331
10867
21407
1456
10030
6739
32245
4113
1573
13406
30537
2292
15137
19387
20090
27340
8600
11681
15664
25777
22541
15118
10945
25014
31262
19132
22097
6775
15300
26449
27710
25841
18903
15829
2747
13975
5072
20586
31162
3234
25299
16695
6672
11944
25069
18854
20435
32624
31642
12751
27655
20485
12426
23604
22906
26889
19364
14766
4333
15948
5964
14759
6260
157
30689
2698
4640
480
3978
15992
7642
8033
20275
10301
4754
9832
6354
1154
21146
26382
22255
17219
16204
26958
11619
1412
4083
30815
10080
9024
4073
30785
1713
19875
2044
14743
6211
8569
22294
16308
12773
15845
32286
11512
15692
13142
8985
18781
29786
24247
20373
22349
12960
1254
28231
10935
33
17000
19443
13921
14680
9051
8076
896
30845
30635
23965
18310
9221
14217
23271
3131
18024
3097
587
7695
4902
20587
8683
13486
15628
7853
5005
2518
435
15775
17472
21093
3659
583
24385
19895
8598
31205
8223
24366
3895
28713
4126
26130
2093
9636
13017
18332
19611
19069
26156
24397
10954
4453
31057
18820
28528
28364
16201
15440
11059
22613
8318
25219
29033
6280
28582
27912
29730
2760
1514
20086
8552
21380
27208
21732
9669
26801
2102
5632
30726
32375
14728
24923
21055
11306
10131
11527
15375
23933
18323
12388
2597
25586
30282
8503
30467
15509
30442
18172
14594
24042
22837
22654
14743
8740
2787
22436
20948
8599
6212
24462
12338
4464
24614
6368
19341
31396
16121
18526
1904
23846
30001
11194
28051
4957
19692
6313
8354
2517
17109
4668
27712
7989
13896
18542
5708
16497
25783
13818
21859
5440
13388
20591
4262
20689
4559
32389
19645
31417
26059
18610
27164
17457
25836
30713
6276
15742
16300
5891
9165
32688
29998
2416
32228
7823
19818
11631
10768
30419
16011
15244
28025
11411
16789
22730
26858
28160
23115
3826
32726
20051
22096
7978
12441
19716
1932
25289
16897
23869
32209
11882
27149
398
959
27456
20980
20450
25317
23209
7017
29106
13096
14341
19230
29816
14697
11464
15495
32359
6498
19150
736
15193
24273
239
23409
5641
8665
15828
5393
4482
19109
13576
4329
22231
14414
31314
16506
19221
20223
26435
17634
16758
12631
32523
4954
7639
10510
17553
17156
31596
732
14018
26596
11187
24982
26408
7979
8614
19611
24255
12476
7477
32110
17669
27113
10995
12452
32081
5501
19472
32257
11877
13568
23175
31710
26694
24374
32152
12749
23628
26601
17017
7808
23413
13544
11593
21735
3838
25680
22085
29849
7989
10250
26430
373
15497
31381
3403
24201
16099
4358
12987
28723
20281
11853
5453
10629
20320
15289
3236
2286
29729
19135
5365
18455
17808
25591
29187
17164
31129
18279
32333
23196
23772
516
31365
22018
15803
31862
28997
1989
3504
26396
766
14812
11492
10064
11825
9494
5118
10732
26593
30649
20537
16140
6216
12137
1466
25366
20425
19020
27680
6392
18470
4972
31068
14769
1523
3677
11971
23827
11850
17951
15457
16327
25793
837
28305
19089
17817
11607
6603
7893
20536
23414
30908
19547
21977
22590
12444
5199
16515
7409
28604
23948
17975
2001
23134
15898
23662
20941
14794
15860
32707
1888
8606
14095
9196
2231
32614
30361
24558
21778
18540
894
10897
9580
14802
11825
15122
6750
24285
19881
25113
321
20884
19882
28394
29843
27018
29253
29919
23451
19704
29858
1302
3408
6158
23805
12391
6776
3723
15855
26009
781
2956
13551
32725
23268
9121
21528
6490
8593
11558
22829
30323
20869
8913
21978
7334
27257
5255
11580
27183
31504
6772
2724
16813
28087
32346
13720
7706
7376
3881
26395
8960
29201
21201
1071
31978
5414
2644
24983
9753
28062
15391
29921
25465
31748
14490
5796
3540
20044
19710
14855
31556
4978
6247
15746
7406
4701
14122
14569
9453
2057
14440
27814
18573
12517
4579
13893
29370
378
1553
11831
31416
21070
12399
21199
13076
776
11288
25745
25818
22740
2198
22444
2824
7177
248
32453
25155
14602
10532
21238
8393
26730
1391
32023
27303
8787
16491
1084
22060
24872
29440
17790
5277
30569
12991
6399
4906
31959
23154
18472
10273
5849
16632
14645
8290
8223
21072
29684
16659
29573
16115
25545
4500
24122
13671
31478
437
32033
23057
6937
16423
2423
29003
26358
21809
22711
28598
24951
21924
5050
25809
32241
16913
26915
29643
1449
26169
16122
20118
30359
19653
10135
26429
16234
6968
7618
19319
31948
27169
19480
24188
7142
28053
25521
25879
1575
476
17919
6141
14913
28779
1529
12381
30325
274
1145
8888
22545
11127
11235
31731
5175
31939
3848
5291
11743
1435
28490
3784
19743
25682
28160
20821
7083
16221
27932
30351
19096
17415
25355
24635
9573
32102
9692
26173
22075
6029
29093
21351
16244
25347
11810
9359
3675
11380
14240
15844
27442
15527
12057
2690
27258
5296
5537
14915
9070
14951
14080
4568
4049
10520
10145
281
6377
14972
22955
29594
30156
7144
3437
3967
16090
9157
8447
22161
23179
6976
806
23953
10091
20546
19833
3532
1890
931
18882
9455
12345
1947
26279
26397
25946
8825
24458
14143
32471
2455
7085
2459
25006
2189
2202
25769
19788
10405
29634
25633
8783
27791
10084
29273
1680
29782
20144
11214
2657
7571
25901
8448
13075
29665
13656
27268
3772
1424
10894
17236
13622
28830
31275
7529
23147
15330
26612
25740
21968
20619
10674
25449
17200
10185
11808
32485
8363
202
19207
15281
3582
13032
5800
16927
4357
28705
28762
21557
894
3015
31860
27137
3599
6520
5997
26667
21643
30801
1090
9425
14193
7775
23064
11918
20149
14422
29987
2524
451
29062
28358
22685
24770
30730
24828
8180
8981
4419
30966
8281
28456
21125
7430
29677
20329
21007
10683
26378
30868
25665
2638
16159
17716
14601
12348
25531
2663
28063
11829
7655
10721
26226
31285
25017
1331
1378
6897
22054
13901
4143
17524
3864
12610
23345
10250
11712
13132
3146
31581
23342
8976
2586
31454
20767
17955
27505
27494
25878
28620
31498
24349
18862
3340
9078
16796
31278
12763
22358
28494
1118
2997
18893
23580
9369
23893
2869
3401
26660
26561
24081
27290
18878
25734
22595
10939
31864
30021
9344
24286
22727
11374
30720
24997
8152
4940
4218
11586
2339
20802
20047
23773
20035
22612
16134
23861
10501
15080
11256
4235
30655
3790
332
27068
31715
383
8486
17069
26323
418
30492
29163
10487
8661
24554
25491
14094
6313
14694
14704
14785
494
11958
13924
23422
17714
5312
30985
10371
17796
27362
18839
13625
15998
21475
32521
32452
29314
6954
16251
14808
3651
6702
8151
974
25991
4654
26288
10743
27948
20002
30318
31536
5737
8433
8876
22454
28503
5092
29918
29500
11440
22875
9271
32059
214
22463
17610
9098
25623
24759
29167
9006
12847
26783
30696
23411
16654
21046
16580
5948
21724
8854
2180
151
5435
12650
7293
29332
26572
10587
10749
7512
21492
27851
24625
12397
21472
12998
26950
32604
14022
28725
32463
21630
30830
24917
7527
26127
12786
18280
7063
8580
1986
11947
10234
16670
14570
20615
29342
24512
13208
26123
1454
32510
21208
32410
4430
13174
10659
12001
11975
27491
32536
11276
24292
879
24585
10042
18332
7625
27065
32046
29936
28536
12772
3655
8471
30703
28672
21170
18393
22241
19395
32478
2361
13398
29925
19504
8022
28415
26663
14841
27539
1222
1428
23205
24310
27050
23559
309
16846
16586
19949
25327
7833
11199
29516
339
21540
9263
23813
28754
4852
5023
7510
19643
18917
7561
14754
30454
17937
20399
26997
26100
2547
11438
18115
9830
8141
17622
21360
23085
27462
20793
30741
19474
15960
1282
24578
27576
13673
2313
22143
17870
7864
21924
2392
19593
28923
24255
21656
1106
5447
17967
31636
26812
2095
2115
29483
7608
5680
22172
8525
16652
14157
5439
13754
28673
19958
11753
12
21852
19758
11683
26360
21392
2541
24725
25809
7986
15299
24607
11597
23981
28863
18214
24716
7223
30863
172
28502
13060
2792
25764
5285
26809
11561
5892
2147
27171
6971
23835
20340
27177
14267
23845
19703
32255
18267
31773
30921
2461
31621
19922
24395
20592
4162
19261
20070
32335
347
17170
21452
15536
6846
14485
28800
10268
26658
9391
9624
14816
18414
19777
15938
31238
9559
9912
31493
3459
7625
29666
585
29874
5513
6144
14874
3585
32664
20252
28457
12523
23770
16540
27923
29990
13943
8216
27622
31261
6018
20585
30434
17056
18905
15618
12412
30938
23116
23940
6057
11908
10241
6028
12888
27993
790
29391
16704
11210
7817
21354
24797
31218
22869
11891
15285
31436
8926
27860
12768
32164
32399
28761
6599
19403
27330
28423
32300
32399
12000
6320
32107
29034
21705
15044
11775
9338
20854
22122
11335
9009
8413
23759
13706
17230
22804
1470
29754
20492
30906
29810
24949
30105
29843
7848
24529
201
18546
10744
29529
18188
3932
13156
15059
19102
26346
13618
3653
28413
8687
32503
26295
20896
3675
29685
29497
6886
21087
934
32552
23373
9426
4249
3502
18660
25812
14717
20104
28931
21681
14460
20492
12857
31752
19658
4714
4742
29996
25213
24626
17866
10698
27807
4118
30846
17100
9601
5106
12962
20350
10579
30985
26358
26607
7922
15761
621
20123
25345
8051
4063
21830
26939
18508
17406
2347
18439
31415
1419
27222
8781
9422
17866
12879
25481
31726
15667
28152
542
1467
24682
28344
15340
12900
8561
22233
292
27689
20765
17711
347
16410
13510
25595
3806
1057
9283
24334
19526
7746
17429
1330
22604
20770
12259
6341
27614
12742
10535
5031
7794
10910
7718
25175
17562
12226
7461
23128
7384
2171
2010
28634
16052
20997
6945
28310
13
8083
7920
14842
17581
23444
21133
22662
27680
20021
26878
20086
20933
27943
10690
2977
4901
22690
2494
28833
4228
10666
20602
12084
23478
30097
7565
2530
2356
10941
25174
14048
5999
10923
9197
27189
24676
17716
6489
19227
18801
30991
31236
22696
9575
7576
4204
429
31968
22991
25882
29663
12499
3236
5592
26164
11109
2674
11551
25232
4866
21449
3535
21153
13229
10608
18210
21511
4756
8618
25827
6073
24552
8889
4059
20644
15083
26273
4749
30101
31819
27694
5667
23128
31406
31032
11175
25634
32142
4646
30070
23852
21063
2737
1266
11169
14190
5099
16504
28602
4709
27519
26002
19751
9004
4154
31597
25522
10874
8138
18829
15135
13837
16838
9919
9814
1854
17391
13391
25028
18392
19382
22908
28926
298
16638
4905
32679
2395
22050
27605
18837
23294
20794
12237
20015
2790
31386
12704
21273
20540
21660
13012
31252
21198
160
17623
28191
13226
30032
13880
27618
1004
27177
24599
10573
7636
7223
26587
24701
5148
20511
18723
479
11144
13667
15358
20887
4798
3810
19294
29731
19544
17566
12234
11835
32568
17090
16980
23548
8475
18916
7115
25414
12145
5255
13361
9571
27245
30180
5743
13289
18008
21994
31816
19681
1834
11907
26252
25128
14939
28185
1422
12310
759
25433
1495
10078
27633
5686
5404
11829
13497
12849
13166
31927
19472
26072
9393
6278
27932
23437
5711
13236
4791
12169
19758
29411
13581
1825
28639
24234
1382
11591
16664
1083
7232
22611
24164
2371
19873
32004
22297
14098
6059
21185
12170
16636
24433
27941
9343
18943
28681
3771
17122
28070
28643
6406
10171
20524
16472
15813
31839
31205
31622
21876
739
474
1116
32534
18135
19379
23793
27954
17969
23771
14106
1052
9864
3294
29499
11637
19075
5398
349
1269
23440
17286
22657
17000
7129
21766
30772
1271
5236
15009
10340
25513
29657
20027
27506
26410
12442
14966
22152
20682
17486
6615
17453
21192
4814
4389
5399
7633
20901
26898
29504
26564
961
27422
19260
20408
23919
1463
28617
17216
9350
31653
7080
18670
24801
8869
17835
21525
28947
30036
31504
1491
22359
31823
13325
32591
21190
21145
22188
10560
6349
18749
23513
5295
17117
28212
19129
22781
17508
31368
32318
4903
31997
27578
26873
27209
15075
19554
19247
15713
16812
28693
3886
24150
10548
9867
16353
32313
10455
10753
19875
11978
8931
19677
5457
7486
1100
10897
23971
27199
19618
24513
16060
17205
21057
3496
10239
8388
5832
11448
30757
20117
16332
29312
23436
8282
1997
20179
25810
30732
15208
17447
5027
375
5839
7995
15823
18169
6007
20989
3744
903
5648
30122
4202
22000
15546
14391
29795
14694
11638
14576
3253
26426
27866
6239
11474
1511
25866
16239
25608
18770
5347
8657
18005
26704
16249
32671
14204
2921
12228
27199
27736
6364
25750
4235
5745
482
14544
5678
28109
30007
23510
31313
3337
6871
11840
20856
21416
15621
22227
22182
17066
658
9135
6088
1888
7772
3017
16720
10368
6165
25756
19745
2421
4678
8220
6315
14328
12691
9964
9815
14308
2368
8912
3621
16710
12532
19813
24979
9396
26557
5904
1730
18913
26709
14900
20180
31854
21156
3752
19352
31490
20101
12648
10345
31900
19405
21642
2643
8232
906
19316
15224
31313
7816
10061
9650
13719
9498
30641
24698
30881
7190
937
22025
1748
29474
3802
17340
20260
10286
32508
6589
23850
17474
30094
32224
24695
5498
12744
30155
15913
19023
20178
31834
24764
21015
12851
1602
14882
9935
16012
14836
11285
25625
7814
24260
19116
20353
15369
18250
11564
13828
14255
15112
16673
17107
29816
9038
21422
13140
3007
32603
17698
3178
15724
25541
6859
13558
12396
2331
25359
6558
5982
11720
8120
15821
3471
20282
10896
24058
16425
32324
18478
1838
14247
21185
23823
18368
21900
17019
30953
23907
23125
24395
11323
1124
1964
16513
23593
19500
13022
7045
2183
5388
23439
20415
14388
6970
6829
27061
32681
13078
32162
24947
21969
6834
8654
6192
11036
1170
9268
22830
30415
16304
14707
25058
11934
8387
505
13653
23676
4289
28275
16074
18098
25763
18567
1953
24110
25192
13254
1147
26398
5980
15068
15775
4030
25498
15626
22173
26990
24272
20439
14641
30728
31298
26882
26473
19312
1042
25786
14602
22381
28606
15377
2097
32183
2026
32687
4406
32337
28000
27331
2517
16920
1877
8768
13200
13213
18670
29765
27983
6704
28674
11228
2122
11069
8482
19688
25640
17884
1238
19545
5736
3235
18986
6306
8449
20926
12905
1645
31813
2370
2601
30093
30731
13759
13191
16948
14349
789
9652
22118
20367
904
1457
28589
16450
17174
15446
27919
24679
9479
11673
14653
27703
16327
29965
9485
18051
10993
19369
17962
11416
29612
31435
11786
24933
11066
124
3361
5088
17358
18678
5717
1189
12190
8548
14001
12000
30266
18408
30045
30830
13340
15586
4046
11583
14464
14704
9786
18943
13686
28465
3151
23029
13877
30031
4644
27691
20402
1724
22896
25551
16241
30139
2810
10201
27803
30883
80
30190
32594
13279
13756
23684
577
9530
6260
8264
17015
21594
1297
4284
24949
27785
2626
4133
19845
9148
17346
21156
5198
4813
24967
6307
17318
25356
12093
26738
19623
29942
12274
2866
7429
25668
8723
20723
25246
3368
32663
24601
11603
30419
20090
5124
25367
18234
21869
12016
14917
9242
2252
25369
11831
9529
17360
30499
8724
15344
8710
2490
9705
13286
3327
14454
4604
12574
21065
11777
27741
20276
21919
23419
19645
17891
13149
24861
12931
14027
26423
27165
285
2161
19241
32722
5780
29320
689
6169
12388
8047
9789
25335
4746
1786
17119
7040
9438
26229
584
24567
31395
31206
3828
21814
30813
23187
2210
6480
3042
9924
7431
18806
10932
22218
6339
7959
2702
25408
1172
26699
18493
8337
8906
24434
28849
29627
24827
9752
8276
17490
4599
26397
11419
20423
1022
25618
3034
16874
18225
29157
28508
13998
14407
10433
17331
2348
9089
19248
2893
5099
5088
10371
18248
18015
8853
32371
25223
13231
23225
7688
21254
32444
1342
22458
25962
18270
28966
29399
26333
31984
3058
13348
8472
14864
24158
14279
23745
3488
16715
8804
24056
21776
24317
28039
3885
3040
21638
21314
20020
13408
1922
7447
3995
15803
1029
23063
19515
2867
30418
16460
27917
174
6094
15701
10559
14450
6324
31312
2695
17965
27657
22269
3000
11064
30803
8223
1427
24604
2950
1318
24031
5974
8895
4364
11452
7511
23092
10877
19508
31183
6507
24378
1555
13867
20395
32447
21496
27996
21681
18468
26029
2267
16803
12097
25012
20202
22090
32021
5154
9756
15995
20329
32689
12823
19414
15280
1296
11673
30644
6450
5245
9657
16730
13929
7574
31344
15475
32171
12652
18519
25533
19722
2778
8114
1026
1401
28949
11438
21322
5424
10371
13543
2127
337
26065
3629
1585
13003
30528
29320
28779
2686
6207
21881
15110
161
9023
7811
2828
21345
5571
27882
31552
2251
6838
18619
6412
18412
3842
25868
11707
19767
13406
22405
10216
32295
1639
26912
14646
24613
26099
25644
31810
30379
3746
920
14038
19626
2742
26478
3168
11561
6436
12958
13474
20271
14826
13821
2730
30948
21668
19597
2053
24051
11610
19711
48
15666
7069
13430
12367
389
14290
28302
30497
27136
29389
24221
18740
32075
19362
3641
13653
19531
6071
9466
3403
18430
4382
3456
1733
11943
7970
27576
26768
21548
3360
18524
6157
18876
9113
5561
6883
10420
22404
29109
24817
1220
1001
18704
27271
18766
25003
16362
7893
1550
12710
902
26275
28416
19705
26957
24387
4990
4005
32534
14788
4265
20824
28836
6761
17163
24707
26224
3161
15227
13234
16809
23960
31552
17693
22906
30518
15225
19578
7563
1479
17340
19222
16842
1555
5117
7716
22379
2574
26033
2901
30509
18954
18484
31657
24800
22059
23656
22660
13348
31771
29600
16132
9843
13568
5564
32146
23138
12203
12949
4023
15395
19218
667
3121
1871
5377
23228
14663
23010
8460
30600
15193
30856
19400
915
4539
10263
15931
23835
21956
16476
17808
24299
28705
23578
21263
12415
14447
19024
14413
24937
13066
9403
29600
21492
24863
12188
8406
15110
22281
26299
25127
12107
3290
23468
21863
8079
7479
18769
27009
8300
26218
160
10272
24358
16818
4774
18351
15315
17629
23500
6532
20159
16921
21594
10328
23822
31240
19001
6907
163
13330
26621
12101
1857
12543
11555
24912
19696
11205
15254
4836
5539
23710
7800
18227
10775
12894
28192
18119
15358
13828
30047
16312
21853
19599
15368
13858
22323
19219
6831
22742
19291
4363
15280
3664
3507
7409
11636
19946
4222
20236
27119
6479
16391
20106
30573
10801
18824
17614
1679
10303
18761
25355
12688
31569
9228
26130
16589
3558
4009
3176
6277
5073
3830
12956
13277
10543
25833
2519
20775
23964
17153
7349
13155
32679
14049
5715
7430
15491
6975
32682
26619
26623
4092
26395
24296
183
15764
9802
15282
17548
26553
14896
28483
26963
4923
24940
5771
19914
17195
29914
16580
14032
4416
11879
27387
27861
9593
21028
21708
19855
20740
28057
4717
9710
20575
8539
32750
26707
30909
10465
31166
4861
21675
5267
32370
23235
29683
27172
7618
28169
29377
7970
22740
25581
31748
8651
22462
11201
19223
25635
6214
4286
28833
7491
31211
9718
24250
13556
19242
11915
79
3452
15354
22047
24519
8120
22937
19851
8422
7531
30602
8148
20978
3542
10719
21339
22549
6281
13492
11091
31491
29304
5372
7544
21468
8529
1664
20478
9044
2317
11044
13256
21265
30662
14188
3803
9813
9160
18496
2834
24028
20458
17900
7443
21256
2591
30827
22401
20027
14408
12517
32372
7300
26444
11382
28454
10367
4203
5169
12271
6774
18639
15973
15475
17356
3940
5406
25114
22940
11498
17903
16576
17053
23113
7919
17326
31817
8484
15618
9929
23358
10928
28506
23562
10980
28871
29757
25902
28752
1336
29448
30127
21608
25442
22388
28914
31048
1
29208
6338
16101
2887
559
32765
15088
6447
3228
5517
26622
9230
9259
23450
20453
7530
1818
7934
13673
272
13784
17146
280
7777
26380
29991
30066
3053
31961
23983
28237
31043
24416
8124
12152
21254
24711
15921
1695
27972
3321
14489
17518
10244
3695
29788
20729
16926
813
17977
24412
20048
28367
12272
1182
32397
10309
9791
13788
14744
26909
29456
29091
11986
25088
2033
6301
23633
30848
21700
14704
15153
4625
30392
21475
1583
4180
21368
22339
20083
25244
29858
24581
21166
20651
14202
30892
19557
25276
9440
25069
10125
2759
1407
9745
22615
29440
1608
31644
17229
5536
287
15148
27550
489
15827
27811
23478
29284
16212
12168
31762
6254
28960
683
19539
16626
18687
12040
12945
13944
12528
23022
21745
1119
19811
609
12666
32614
29608
28092
26660
14194
25768
18331
27442
13963
8147
30967
2498
12583
25177
31379
2211
2987
9885
9879
15718
22831
14311
19835
24504
14209
11864
4647
1263
11373
26404
20825
31202
26684
19707
6214
28414
4475
1224
28292
10902
32254
21150
30503
13691
32036
19183
11563
13773
5979
9216
16146
27664
26343
15257
19917
1666
28128
9473
4832
16044
3450
21290
12738
30008
650
13096
14466
16386
2885
19175
5040
7794
6730
12318
31099
18440
15075
27519
4119
18744
2695
7217
21346
25209
27556
28543
32198
23961
21916
16594
30817
19795
26125
30172
5731
27427
5974
27415
8120
1881
16471
1134
28392
16237
16760
13881
9787
28306
748
6767
16416
3213
10295
26135
32463
28360
7405
21248
32558
8098
24253
20914
29425
16394
10415
6052
17926
10060
25514
23984
13104
13610
57
25283
3058
2607
7566
1753
14254
6720
8648
4649
11790
19828
10097
31900
28835
8998
25675
18820
18380
2888
27980
19339
18138
27129
31719
25833
23409
31066
6285
6107
27697
32158
20084
31568
19094
32609
19607
26597
31773
59
6142
28947
7849
23956
13119
32423
27684
21946
24389
6771
8553
25392
22864
17988
19554
25162
14909
28180
17773
13558
23304
19072
22533
22749
25231
18300
24222
9131
24728
17221
21968
6570
6678
14743
10936
4758
27304
12065
18588
8365
24419
28982
10701
28165
28369
32197
28626
1058
29241
10123
18114
12744
17441
19079
6130
782
10258
9390
20432
32692
24475
9953
15119
9142
4248
21020
16133
17953
24757
29936
29009
25126
27181
23859
21184
30317
28120
20982
12658
28332
26212
27063
30264
19319
24802
4312
24897
31834
16005
21584
31222
8229
17319
17569
13858
8071
6157
1290
7254
21982
7276
23293
25996
15438
14636
20947
25098
19216
2667
18111
9609
1293
3397
28928
16023
25004
12883
14939
32058
2280
31089
31689
3286
5541
31429
29293
25936
21060
253
200
22388
9077
6359
4144
14484
5452
14823
9854
29042
16024
27797
1032
29793
28272
4453
24015
24230
22542
11643
2041
18724
12513
24670
9345
3129
29917
26364
10797
31459
17686
20462
22464
22823
5261
17662
26481
4531
5961
3558
5789
28354
10154
12379
21945
23104
5627
20810
13450
26926
5702
15202
24216
13897
16492
11986
15328
20454
22132
24148
2505
15649
17700
15722
89
24118
4814
999
22441
11311
12397
2738
16790
7104
24817
26055
11194
10095
10966
24446
23963
17655
2043
14608
18209
18927
18354
21591
4942
935
22291
10965
21289
1619
25495
13816
21755
30571
3042
11420
31678
22353
4831
14802
10963
3637
18706
4320
6643
16438
8234
649
9576
11465
7382
30606
28285
7519
6874
29812
24627
10050
5986
2696
27701
17600
30102
23073
5134
2444
29038
2597
4762
30305
13512
22734
14778
12264
17080
10670
22604
7388
11551
13553
15451
12140
18559
15331
9618
24033
21005
26290
15351
3712
15368
12148
24278
31410
5194
32363
24570
19810
14621
23432
32547
167
20559
22831
14773
16035
13449
7226
17070
18859
19676
9536
14042
12199
669
16151
24906
19644
18803
13975
9218
24873
28078
16289
22770
15983
7386
11104
16168
20405
23700
21455
18499
362
25501
24700
23083
19500
2349
18571
22783
26345
16010
13821
3407
25668
18136
11827
14988
16186
8499
9133
31164
6917
22779
21784
11378
14912
12399
7560
7166
29005
22910
6658
6369
6132
12505
18493
11908
15948
12109
681
16169
10463
1360
32177
7201
22537
5338
10813
28223
7841
15734
8572
654
3035
11928
32224
20287
11373
13361
17770
17637
26353
12673
18727
16357
30603
15916
7675
11815
20171
6545
4765
15634
22485
26711
18147
9144
27071
28744
18496
23885
26682
18019
22411
26590
22389
9004
15361
23359
26430
20807
18318
27718
14699
27205
28744
12342
26488
21950
9020
13438
2929
16032
13422
16036
20498
29382
4123
18556
19502
24781
4417
3229
11597
10275
8546
14101
30105
28512
1412
3676
20731
29914
31868
10375
17793
3443
4716
190
17155
1462
19851
240
22022
6435
6180
21445
480
29638
3042
4821
1565
29199
586
9495
4898
4829
3721
24988
12816
20444
17520
19069
25579
20497
28861
29714
15356
10419
9884
27748
31091
8253
18029
14053
25681
10177
25032
12383
29061
32383
8382
28459
29269
13238
3170
29603
21248
31418
25225
15577
11426
1351
22221
5514
11863
22549
25816
11597
8611
19884
6111
21008
3602
15226
27500
24005
16411
27939
10593
11353
14154
27160
26938
11750
16287
14699
5266
26921
14897
6114
5352
566
22806
21578
3748
6506
21127
17933
19797
5794
20288
4615
17725
13482
6182
12694
19983
24825
18220
28656
31479
17307
32631
20922
13275
878
28865
6870
29665
6801
10747
26236
20785
20250
32566
1420
12796
9223
1731
5922
21181
22136
29081
3947
446
15131
17144
8376
13278
4071
11084
15057
22163
5645
2644
5260
811
2091
23683
29598
30551
16579
6055
9904
30441
9453
15048
26038
31453
10056
5459
3196
20886
30518
2424
25473
5227
12361
19920
27401
5730
7672
29251
23662
12347
26519
11305
21943
3505
14470
11695
25451
24572
14504
3196
23720
6554
26902
31637
17775
5967
14613
23678
11074
23147
26438
27555
12273
14411
797
3062
14001
8994
8852
30168
26478
28666
8225
19773
31842
15861
29925
25355
3559
25305
806
9668
20617
203
25855
1381
31072
10587
4950
20110
15517
12737
30991
16610
6754
7270
18047
25777
28119
15271
6436
25557
29306
29141
19347
27097
13238
12928
433
20321
6840
10485
17702
5317
3710
10245
17935
28672
23088
18184
5107
29129
19892
20514
25337
1535
19581
25541
12632
21322
16035
30071
24846
15872
6201
1494
6613
4677
27355
15833
1875
6519
13702
20312
18321
7881
26284
16079
7598
10029
17544
31327
15573
24696
12208
25109
16236
3008
29673
9583
7822
26377
6974
6684
15804
23073
30548
28676
24271
27337
21752
26248
4657
15381
3578
26379
30541
7446
27966
10417
24900
27318
6416
16742
13282
18658
30648
18467
3280
30447
16974
27756
3339
17206
14800
10014
22164
25090
12914
26727
4714
11181
26933
26390
4789
1541
22459
29973
25924
31988
31322
32051
27193
20065
15471
3623
17155
27985
32501
5842
11661
16466
27990
14277
8117
7961
5248
19971
14080
21354
28732
6920
20620
8504
25275
11786
23878
6670
19058
29310
18012
16301
10793
2014
30198
14839
5966
18090
22561
9227
25230
5805
26635
13490
11943
31361
7542
17914
26999
29781
20071
32
23385
10222
22814
11187
16562
24044
10827
28407
8647
19535
29567
31368
23762
18489
9697
26943
5716
17653
1314
22361
940
17465
26291
29910
17385
7080
28981
5920
15069
13211
28721
3565
8818
8993
4105
16230
17986
19781
5678
20361
7521
25487
27028
22220
13949
29133
32611
27651
10794
22290
32752
1411
1911
20480
14315
30088
28357
30275
10714
1492
20185
22878
21445
30361
30767
5290
32051
25753
31377
1691
8534
23180
233
3398
18819
4546
8020
27680
27621
9737
18295
16137
8817
16593
22294
7817
19996
32654
29922
22873
31308
6494
12179
26405
5261
2028
4919
30864
19590
14228
10442
18553
12331
712
5126
4732
22580
31922
17276
21180
14541
20250
26340
13024
27279
12171
8114
18524
32687
12209
8170
2034
14709
27910
11060
4728
12784
25518
11827
16091
19945
26782
24595
1380
2837
3844
8801
12346
32398
31971
4896
29993
6020
29438
1305
23713
31280
3064
21106
6658
1802
30393
15746
14614
25148
12308
21476
17631
3926
32678
1994
19348
30019
15361
29588
25574
24188
6666
31650
6023
18811
2975
16998
22253
7539
29053
8893
23124
5950
9313
9343
5122
663
6510
8020
6094
5001
9679
32714
7139
29735
9629
25253
30402
23166
2563
31351
16006
15048
4768
29552
28012
27107
13868
18806
12178
17409
32351
17528
15871
11168
23310
3840
27364
29885
12440
6920
17185
4164
9600
18703
26891
3020
29531
1388
3181
14721
16109
20449
9165
5217
15247
24947
19184
13484
7635
25721
27296
26773
8555
29428
3500
17726
9799
20254
1841
17379
10494
2630
19992
16214
6767
3546
12768
26027
23208
15046
19613
29236
23303
4860
22081
17328
11166
8532
15643
8895
30684
5015
10141
19609
13930
15062
17250
5632
4180
26113
1392
14963
17257
19125
16314
11173
996
28756
12265
29997
8524
20827
27483
2175
29336
9968
19564
1307
19863
4795
17653
20740
3471
6903
14867
5492
27941
11465
19754
29646
14204
6352
13865
1748
5281
15869
4879
1050
29991
22181
20654
4538
24846
7124
4270
9290
11754
13029
12502
30987
24640
6479
22407
99
15412
706
10633
19598
18785
23923
3339
22672
19977
28852
7652
15214
1390
18887
14111
7069
5503
27380
13751
30395
1975
28889
22687
4477
18755
8706
25093
9193
30307
7353
24024
5573
29970
5919
12680
24399
8937
25980
22797
25134
6721
15060
29994
20137
21144
22459
3827
26903
8246
7017
13453
17302
22287
11025
21301
16384
5356
9071
29315
28187
30406
2209
13552
6672
15730
26679
16791
7967
9604
24973
31544
21136
30317
2137
10370
6893
3302
21888
29074
1902
25746
6702
22199
31669
25822
10533
1144
17339
29997
10837
10456
9227
7218
19629
11736
14894
11932
18994
32062
16742
20729
29262
12693
3999
20692
11882
22645
24226
6433
13503
10756
13708
17884
23912
22973
1662
6892
19900
25712
21655
25165
28124
32650
30239
30062
23688
3479
18181
30168
21815
15365
24460
30993
15462
11819
9025
11200
17968
22922
15408
12305
27423
30546
22103
15195
8002
12072
12123
14081
32639
24358
20090
26774
26923
9507
30913
25924
12248
3381
13695
21614
25966
2421
30457
17812
26750
5890
15199
7543
11474
13385
14847
24190
29257
3203
28857
20569
24034
31870
9651
19172
10518
21665
12622
10318
23403
31787
9304
8826
16966
22971
7811
8101
6912
9493
26901
12874
9021
1571
10722
20546
889
9530
17015
1328
18404
4255
12185
9244
23408
6986
31982
15454
14632
6377
8441
21950
18371
6952
21836
14297
4985
5168
16120
16583
23061
621
31561
3834
7500
2453
25776
617
12109
7398
9217
22766
28057
7855
25054
27117
7701
6417
11379
17719
8797
29703
25957
14638
30044
19620
19460
1065
10010
20892
30664
13594
19156
18694
22267
32622
2898
9056
1459
1588
22901
16340
4355
25218
26896
17849
31346
26900
28664
14173
4012
29495
23391
8706
27256
12005
28509
3878
11498
14898
1232
6920
19930
3559
22886
21607
2453
31596
9720
18829
19153
16875
28442
26252
8167
32434
17392
2248
4156
31961
24387
27573
26112
10277
24275
21218
16412
10029
1263
5431
101
24763
14404
28027
27158
28789
13811
13336
1149
20157
10726
26147
5620
12245
8547
7575
19219
24135
3041
24289
24100
5252
15899
24482
21207
6603
11108
10928
6712
9804
18746
17758
13021
21134
20765
14845
6500
5646
21666
11170
7453
6441
22467
22314
27907
24123
25977
9596
28913
1545
21133
13070
17170
13148
8874
28843
23962
20975
17336
16755
20659
17547
4965
14883
5306
15985
25348
26006
19628
19448
28059
12940
3291
20087
29751
28331
31206
28517
29827
29379
21479
20159
11673
25686
16878
28842
26392
12376
29103
11866
11895
9011
24439
11826
32409
16910
23141
10029
1441
18767
6358
29564
32007
29790
28961
13937
18412
29356
2693
6555
19370
11765
6751
25907
14000
17858
416
30646
10637
25649
24191
24788
30282
20472
26219
9097
27133
24488
7236
25482
21659
12847
14026
482
17166
20641
19286
27869
8071
7480
4296
10021
11286
13209
20160
18987
2936
7768
19729
1992
19504
1471
22386
28453
10713
15307
10615
30936
30906
18808
22208
7759
28571
24894
881
114
17367
23260
225
24964
19379
7252
8855
30282
6894
5175
24434
21104
19865
10530
4903
29736
29993
17033
29681
13076
23499
20147
4227
5734
4599
27142
27202
22086
31304
2949
32689
3188
18315
23191
23340
22574
8470
4618
31194
31060
24923
5207
7901
9930
8892
5416
26315
9246
3745
31767
12130
23146
8904
25785
10103
30844
24797
24539
6960
24117
7243
23051
20595
22319
23121
19291
1950
26786
30808
5217
29817
13961
3204
11394
17257
17408
13449
1393
32486
4849
18112
18418
26926
26351
6522
19940
7739
12130
21652
32126
4595
23781
331
27097
16032
9708
19538
23726
6047
32426
11810
11618
5212
18482
28050
2367
26494
31452
12455
4357
13918
20458
4013
28577
25790
11883
24198
20028
18616
24416
8259
18807
23284
19742
22769
19445
14110
20979
12725
29211
151
23052
8988
23315
32619
23702
6572
2839
2436
28708
18623
17132
3101
32337
8081
28844
18809
23206
5271
7625
7892
16574
15122
32335
26266
32167
22245
1385
19159
18572
25251
8999
7150
3729
15341
3966
32655
13823
27131
18065
3043
7329
12920
6702
8969
21870
28819
31900
8902
26983
25171
26772
15480
8131
24618
2701
2380
4426
13006
3901
11953
2815
31556
15196
9997
1025
24893
12459
686
10931
31654
1077
13571
19739
10107
2516
16908
8328
16604
30968
24591
11384
29282
20132
24973
23736
3763
4281
31604
32461
10324
22135
15254
11923
23487
14913
17242
30244
32694
6304
6833
9467
12246
16523
12108
8794
25967
30950
21517
16104
4755
32584
21691
18847
29549
25601
29177
27621
2516
26460
22905
4345
30496
15393
28269
23697
10301
21342
30270
29890
2046
5479
32129
8991
11187
11292
2343
4389
11773
17002
26611
9175
11233
23829
14386
15013
6172
12468
30118
21906
22710
6397
9155
26262
25306
5442
26654
21057
18661
28220
10530
25506
28349
26888
1284
14183
22628
11119
13562
25157
18125
13674
12456
22171
5870
5093
9691
19794
5910
12484
6266
13831
18049
25636
16058
29292
13098
10979
28048
24811
27104
9826
10604
31373
11420
18825
12068
2075
25362
22284
2350
12931
31110
5357
1299
29308
8673
22851
7456
9069
11012
21561
10847
15755
25180
15193
29382
31554
13238
14859
26541
28119
31573
19288
10374
17739
15938
24820
7624
20354
15588
31612
16428
29349
5072
6140
24604
9924
24290
5812
360
12992
4749
32540
7996
12392
32623
17701
27727
7138
13353
29634
25436
29261
12653
24743
15318
9124
9305
19792
5848
23525
6915
6470
30811
26483
26453
27038
24747
14009
9243
27074
6684
17681
4186
2420
3832
26340
13539
23567
15293
17170
2089
32016
4485
31636
1104
7638
23750
18784
25478
8358
1083
3980
30358
25842
13346
10679
18874
10459
18856
31141
2993
9204
4770
30761
27410
16201
13693
19784
24032
3744
21880
13211
1886
28414
18192
10997
12325
28269
26812
15942
1139
24829
29659
24767
3270
18185
23019
9783
5290
26811
507
23246
29647
19154
31331
15824
27998
24739
29362
25564
6541
8030
4584
1093
3442
22163
31974
13752
13588
29173
8482
24095
5064
2141
6047
22982
24251
23570
13341
7612
9675
12359
5261
22909
32411
6117
17607
23501
26086
8587
19071
16103
19219
1235
11637
8151
31242
13528
20461
25893
22343
31733
11103
22707
8748
1231
17775
6376
12700
29845
28959
9486
24261
31366
12356
2297
4669
30900
18743
27626
10065
10760
25804
1715
6554
27015
18568
17691
12497
32467
270
5763
7907
5109
4315
12746
17480
14425
30515
20591
3729
5402
9051
9461
9537
13953
10249
4236
22750
3784
17177
23533
2120
5667
3457
30598
28745
11265
26503
1751
6508
7566
30002
15132
22547
30077
16126
16684
4804
30982
19155
18081
17092
30250
16696
23097
25319
18238
29381
11132
16550
12199
20950
28063
25458
30179
13447
25001
32328
24265
29404
19412
8070
28177
13631
22582
4861
4118
1840
12960
10823
4315
568
21959
24410
1100
9502
21921
1374
967
11102
10514
31676
25819
30935
14024
6008
19792
28100
10596
14016
18535
14061
20186
12997
16738
28191
1818
9161
1863
7897
1520
11129
15842
840
27688
14718
24585
3445
31735
32335
14116
4286
27798
73
27628
8067
8496
1793
5234
28961
18174
20697
25443
25636
7857
18129
23691
28856
29968
8864
12953
8033
3810
15108
12834
22508
3086
27222
24040
7334
1537
17249
8283
1483
27984
2164
13920
4417
27294
6326
14162
6790
18113
18362
24134
3816
7712
21331
30868
12788
25439
27562
7571
1584
30015
397
5027
11789
19391
20234
1649
22807
136
20029
29302
4463
13959
4710
27073
32123
9436
14142
5623
27100
18675
23180
7064
12192
1008
21491
17027
19129
10065
7950
1981
13486
13518
11199
31854
22417
21892
2243
5676
11569
19539
7306
21628
24208
26501
24646
24470
30616
13744
20803
1129
777
477
3190
12767
8886
23273
18520
23394
30705
10796
8437
25759
28740
7513
27199
31370
19042
26533
31913
32162
26460
7724
12273
24950
15384
13200
30781
9576
30464
22243
22890
19121
11767
14791
9377
27557
10385
467
13355
22584
6787
26937
6534
23490
25176
21158
29112
4095
8294
21610
21475
24922
14849
32473
3610
10347
7406
25073
9331
31934
22298
5693
18013
9430
22156
19704
11828
18289
26009
11126
7955
16910
14167
30144
29930
18605
6228
19583
31440
13014
6023
539
31642
6620
15238
19235
16556
11363
6138
19952
29455
23328
22352
21893
4804
17120
3250
11194
30808
30668
25142
24218
5305
5611
30549
29961
25416
15080
926
22186
16943
19734
4523
27391
9461
13233
26197
13266
21840
25703
26660
26324
13882
27158
6921
19077
15686
18648
1104
23123
5685
25405
2768
30214
9412
17623
10085
8283
22729
30204
31136
4335
2174
15559
5308
7519
17693
28512
6356
15790
23981
15229
27732
12263
1051
1833
10670
32515
18572
20165
5454
28940
24306
9292
12239
8323
25309
13275
14447
17664
3477
29040
13248
28440
4709
21489
19105
15235
5433
16753
5485
16766
28524
4272
10098
16495
14043
17376
28325
20680
15166
24751
15251
7213
28088
2433
1435
24793
26284
15357
16219
17470
32211
22732
20328
14571
10379
22685
322
31667
4722
21101
647
27660
9268
14085
16486
17333
27809
26052
14679
29084
8195
32414
5897
7166
8622
5477
9372
3536
19416
10823
29969
4958
27051
2969
19967
2610
6041
1235
10887
10295
32240
32475
27273
15902
6574
30086
536
30977
1942
26204
15660
26438
1411
7323
27543
17607
7677
32383
2363
21039
12810
16321
13945
15271
21830
7517
5357
21171
12342
1689
23640
8022
23770
22339
15325
3197
29057
1850
23409
13211
11745
29488
4493
2960
32359
8877
8485
32463
18892
12119
5086
11456
15593
12658
1148
23139
2252
21923
28057
22071
18187
32761
20637
21338
30808
8237
18666
32753
20822
6953
24407
23242
18860
28104
12768
3136
8535
27869
17308
18015
20548
18038
2287
28745
5150
10338
1024
8408
4197
12272
1389
11397
13504
1786
25918
19081
23956
21026
18456
5442
25301
21596
17587
27095
2332
27565
32142
27423
2298
19250
738
11199
8333
5731
4308
17299
25424
16793
32238
21584
15415
23502
28112
16743
22012
9636
7203
7980
23987
6569
21455
7479
21413
18906
26222
28682
24155
13926
14336
32245
21497
436
13024
21303
28110
9638
14327
8550
23080
3616
24367
19985
8301
15556
7210
21667
2919
23040
6965
32650
3552
22347
27255
15513
21871
1707
17262
4267
32657
19323
2205
28298
9467
18539
19326
29967
12079
11976
28350
22666
11342
4862
14505
31587
5421
27227
27108
31234
14762
5653
11354
11757
18241
8079
28280
27696
7642
2520
32413
770
26341
23668
31436
15013
8873
19296
26789
23950
8153
8272
2451
3014
4457
18747
16198
23952
13983
12313
5220
6476
18797
16364
15739
155
9982
15101
9787
30916
26255
18024
24290
4695
21120
20186
32247
13328
30635
10906
19003
27901
16116
7366
16605
12771
17697
7648
19437
2527
25837
3465
15635
28233
10071
12683
24705
25053
3648
9757
15398
797
27957
9059
20260
7665
17546
15413
25989
145
21160
31265
21545
6052
20391
31411
12547
5546
1824
29171
23430
10647
17468
13872
26969
2240
17425
14588
19282
20475
8751
4472
16034
2
29557
31698
24141
6425
810
29195
26846
6641
26185
16894
3672
26059
22811
17566
23151
21984
6923
6783
3832
31233
15543
4504
671
19579
5187
6215
22488
23869
19442
24981
8216
14397
16119
7868
16196
2839
6280
29158
9066
19959
26933
32312
9391
29626
9848
14607
8584
25936
18573
24713
11053
19557
31363
15176
22091
28992
4244
1394
1017
12267
14514
12028
14062
18580
6498
20265
18673
3891
21197
29005
5264
15981
5652
7895
26389
29112
18149
19086
20150
2753
23372
283
6412
1547
28107
712
5575
728
13740
10887
29087
588
22934
17974
15758
8656
20575
17441
30268
21685
17441
22985
8123
24857
11152
2020
18804
9231
3466
8100
3681
24826
8944
11580
25981
8250
19125
27553
22137
24843
1076
9613
26289
8873
25543
10186
21086
2233
13717
10413
26125
7908
17067
18657
3152
32709
27727
4453
25523
25349
4496
4824
28913
22212
29474
2549
16744
10299
2409
11610
4555
16288
212
2189
19735
29514
20588
2112
30664
5654
7853
7124
23372
17673
26772
4125
1464
14391
7929
1893
29114
6883
11807
12979
27342
12007
9098
12365
437
16215
26128
13179
9508
9825
13363
22926
12985
27255
23726
20513
5170
14001
25934
12447
15585
12908
5123
13573
7003
31800
3639
10729
21361
19441
606
16828
21601
43
4047
11596
8013
6867
24786
7564
20971
28948
11002
4760
18815
4728
2485
7156
29190
11088
26401
28180
5556
26197
26401
28962
16545
4495
2225
11515
3264
2678
29046
13947
27152
13656
6041
506
14102
1018
15830
16150
15754
20354
30160
8627
26449
2452
7336
15425
16299
2236
1485
20286
5294
29708
18454
12795
19699
4614
24846
14498
17807
32444
8847
15224
19524
3381
7826
9056
2553
22547
1349
8097
29032
17779
10590
26856
1559
533
7855
13713
3977
14269
9979
17186
3253
728
24841
6424
31671
27491
28150
26855
18886
25865
207
12092
32614
6795
3168
31365
31966
2149
838
31411
23277
10927
24140
15934
17337
16961
23796
16490
22536
29978
13395
11466
29874
19971
8226
31746
27735
24431
2579
19920
2381
3494
15201
9294
27612
17442
19627
25713
6318
6713
18434
16342
19329
11005
12609
27582
25119
9313
26780
18775
29584
20893
7036
25405
26510
9427
14219
25664
8761
1010
5130
27496
6156
23771
17771
24886
24080
17602
20252
12845
2639
9943
10145
4753
30860
17958
17125
12143
18225
5820
5842
28893
8329
12812
19999
12675
9263
27281
7529
3930
1223
17076
28294
14772
11755
19183
22038
24701
1640
11059
1882
10432
8875
23431
14922
19052
31606
20467
14305
15193
31960
7068
188
2950
347
20272
16867
22181
3455
5764
3047
28377
24423
22908
45
9406
9939
25644
26761
20650
31054
23100
27918
306
22185
31121
23589
29424
20903
28713
14557
13700
12538
18759
898
8665
7278
13777
28785
1450
10853
13302
298
10308
24963
23059
13223
3213
682
18648
15341
5189
12073
2215
31712
26764
16176
22076
11611
19364
23688
8851
29312
14329
13696
18950
16461
28766
23595
18103
22384
26010
9672
25133
16221
5411
7810
10818
30621
17705
25946
11580
21353
16854
1121
16698
13175
32725
6442
23250
4628
18449
24959
14072
5491
20671
83
23585
7237
26526
3832
13993
30857
4477
20114
21618
19622
17151
3532
975
16055
5787
5833
22944
30246
9190
14686
25278
6012
23573
17790
1177
12919
4029
2549
20767
22110
478
11097
20960
16529
11296
26430
3696
22884
6236
6058
21005
29485
29534
2761
29826
32668
15594
737
10827
12107
14588
29319
8186
12182
1620
18708
25818
31405
32306
25427
26833
28135
16735
29820
4491
6746
5740
31590
10964
936
32062
6136
13894
16667
7115
21729
24101
13557
26654
14728
3975
19969
13217
14406
32696
1902
31643
19668
8412
6877
8952
24319
18902
6329
31049
15779
5481
23239
13067
17878
15517
1278
14124
2660
28773
2200
26059
3964
30334
23913
15424
28328
3482
25968
31324
30466
23742
11948
11505
7590
29161
1840
16789
21091
5110
6010
1956
3254
27587
30465
17028
9464
18579
28429
12589
19926
945
24523
12008
16898
18263
31649
20822
31272
15565
19647
10165
32548
26069
14583
32607
11378
9543
30670
20883
30437
15097
11987
15992
2972
14049
10287
14687
23347
10110
22398
19017
25910
1907
8413
2217
22491
11894
5700
13163
22512
18792
7959
2612
1298
7621
15863
19436
3616
7231
26846
32378
27119
1702
10091
25550
2111
11531
27514
16421
3822
1573
22520
21896
30572
9972
27126
14486
8303
23971
14331
25220
10216
29619
15263
9314
8501
23382
22869
24480
31640
19481
6793
10192
11496
4806
19947
12717
29830
6281
522
13149
19091
25937
3620
6643
20320
8569
7484
14392
20262
23208
28526
21163
11768
4086
17792
11462
20469
18768
10937
31619
20930
15901
4342
24863
9528
20257
29434
22046
26201
22434
28934
9103
31881
6602
7081
21137
23547
19021
24794
13590
31593
32588
20292
27623
21000
1656
9185
3561
29115
26234
21962
21662
4486
3987
5198
29166
7238
32639
27457
29480
6048
23712
406
21828
30520
19544
9777
11883
12323
2231
7926
4281
8350
31062
28198
2625
8192
21378
491
26193
19181
1437
561
5112
24525
29122
12472
21958
16252
15272
3943
7891
26179
11721
16612
16642
28936
31171
22369
20615
705
22526
1465
24743
7727
19087
26299
32191
18376
1884
20165
2184
1013
19841
23446
22169
1405
10739
13917
15406
8257
28515
15381
25383
21547
25958
21
4948
1121
29394
23779
20463
11966
18283
1866
28266
14210
18623
22444
2668
7496
17998
15769
31510
10553
14574
4511
11658
28544
4462
14692
2222
13309
23162
20979
15917
1854
12734
21588
11455
12203
23631
26719
14251
13056
31302
22993
14218
5121
7598
25504
26701
6249
18592
17804
30849
11043
5804
22519
7634
11964
5499
4598
21198
21529
4275
13736
8684
18789
21787
5831
8653
21838
12032
12156
1729
12913
10199
30584
28045
16146
18211
12608
17260
21777
23193
8648
28499
24089
2434
26180
8313
30747
14178
23611
26135
15867
31191
20445
29804
2185
9667
25750
15109
15282
14253
27619
12347
29688
7013
7781
30205
10271
5863
27444
15312
4905
23682
20853
531
31365
2106
30767
8840
9348
3178
30810
16912
4876
20910
3385
4022
22160
3583
7914
29935
3391
5920
23356
6944
25212
13370
20672
27233
8847
12995
16419
25985
13978
17059
6074
1866
7374
23962
19807
1286
12510
15836
2684
6722
22708
10239
24165
16849
26980
3095
27371
20
22622
16928
16174
8825
3303
26012
21682
6210
26058
5244
25269
18568
18250
5444
31680
2431
17756
10347
10621
7419
15891
2304
31432
22067
30812
24724
14344
19653
6891
12883
12736
16635
3957
372
23905
5453
9760
14036
13411
295
3384
2525
2451
24812
28963
28845
18607
18234
22679
23412
21552
13168
4362
16158
30055
4461
16234
13107
4811
26267
26895
9979
8338
20525
2286
29157
32638
13988
1295
17193
15866
23192
6209
13485
28517
7861
1036
1318
3502
13060
7911
15743
6433
1387
4779
17790
27264
7032
24392
11173
27478
14682
30134
9302
10376
31280
32559
1083
29485
15751
9372
14821
927
3613
27213
2739
21202
26091
29676
5878
7653
29539
17588
26962
18423
17399
20446
5480
3644
30682
27996
10673
16976
25354
1738
30893
32459
16270
4258
32062
2581
21756
9135
24142
23420
14655
19140
21944
30339
3735
22701
32358
4221
25313
23142
19895
13403
5145
31115
15395
22723
24093
25360
24865
7266
30132
1586
1608
7298
21710
16301
30133
6623
7182
17712
1966
24502
11653
25870
13188
8480
25793
28214
10174
16542
4102
21605
11635
13813
3803
25754
23288
1596
14792
7627
22972
563
30559
470
17263
16086
8825
29370
23146
31794
9666
28679
8523
28280
28792
18579
5599
7504
10351
5231
4934
19823
15705
2841
8017
10348
16708
2547
10031
5839
10852
24308
28489
108
25107
11166
14954
26351
17686
29744
27683
3767
31010
12060
10862
10728
15262
26811
17041
14779
3499
20288
21829
6681
24930
15083
3608
27497
11356
1663
27152
20134
888
19445
20881
10164
9176
22898
2432
23028
3373
29303
16297
13078
4405
12631
13918
30766
31874
7407
21345
18698
15484
18065
5637
19907
9897
1089
14479
25235
17708
6948
226
13798
19596
28213
1116
3252
7863
1338
25339
8461
32583
32759
15812
20214
23811
18849
27749
883
21673
8341
13849
8677
20715
17994
4556
21398
27575
27524
12672
30099
29883
11467
23791
6330
16681
13084
24433
18451
10423
19678
3361
2404
21483
4887
9019
19455
16277
28384
1993
14815
6557
4887
11391
7923
23294
15955
6371
23226
17171
22813
24497
4112
6162
17501
893
1864
20694
27666
3738
30330
3041
29254
25147
9246
30625
1602
216
6106
4082
15358
22483
19865
21733
30683
19548
7901
24255
17044
3986
22102
29509
6514
32234
8627
55
3776
3541
21944
7963
20095
4509
14481
1595
23387
20624
18022
2801
6109
15201
9263
6434
28641
16331
13514
17417
13899
32631
1098
21558
2806
28192
32147
30422
23789
6901
7716
29236
23774
10559
7219
896
29643
15427
13055
18896
4611
23146
2402
25188
27217
2975
26277
6702
28019
14073
10649
22673
6605
922
13795
10090
29535
16599
19352
31821
14325
6553
32010
10001
9117
5890
14049
2446
22878
13908
3693
31909
17447
5647
19002
1665
1030
32346
22757
17949
15258
18596
10799
14342
20939
27275
7760
14435
31672
10237
32654
26162
8945
12445
14861
19412
31719
11368
17897
28876
24737
31640
30594
14532
17328
11720
10775
13264
20324
29786
30871
17399
1344
5142
30899
15344
29100
6675
11320
23337
18410
22491
7324
19214
31307
27338
21718
391
8867
21175
11635
11458
20218
23511
7911
3124
1668
24541
3617
23258
6868
8806
18274
11973
6476
19605
6990
29141
28888
19450
21060
22469
8156
6329
27115
30055
32362
9960
20749
23857
30905
1848
5545
25849
19922
31448
14659
30973
9869
32406
8063
8230
6332
4424
19182
5518
27302
14698
23592
6975
10935
3592
1819
27198
28533
18143
29346
25544
21430
6079
13914
26587
784
23347
27313
29944
27282
20580
32575
29992
25009
28731
19290
23613
24453
7622
3300
31578
4150
13789
18792
11701
24241
16901
17765
17052
18079
21140
1514
18614
663
17430
4195
7820
27282
29680
23731
27719
5792
10307
11651
27323
6618
12051
17113
7077
27032
30889
6892
22321
17636
12597
13623
21184
12334
7608
3020
1255
22849
16417
14059
2747
30581
1718
28371
29260
31782
2742
24536
3695
10086
8765
1206
14273
21743
18791
31525
7912
5467
9912
1709
5148
26520
11964
13756
26599
9878
10986
23798
18728
32578
10190
23756
17502
696
3688
25936
18467
10420
27855
11335
21239
22090
12825
18816
11839
15576
24959
11621
23181
9528
189
26064
4386
31546
17848
9504
32434
11601
18275
16267
7015
13452
13795
4790
17448
22728
24050
2946
31002
1317
31617
15913
25959
16566
8097
17547
5183
8061
11683
22210
30493
16278
13182
20988
8524
9906
8562
8586
23721
5063
9451
15924
31658
6406
10920
14288
3231
4622
19484
32019
21048
19039
11285
21926
9544
26641
1691
17020
9160
28358
30747
14436
20767
28381
16325
26842
2977
13544
306
3363
31573
3424
18762
26521
24059
28824
23141
28483
21581
10992
944
22952
5254
21835
2003
30437
9761
12739
22224
5118
2787
16539
7982
22386
31003
8564
31320
19474
2857
5316
14400
3602
2109
12677
3655
20065
10849
9002
11617
8246
1466
983
884
17644
29962
9937
11266
27151
12154
26420
21512
3511
27543
20196
5414
32020
13210
10693
3071
8523
20204
22831
11747
3712
25833
31644
8620
2356
15589
15524
8165
30162
16236
24876
7730
26244
7374
25562
18923
15179
15579
13772
5643
2127
23532
30601
24649
13940
31011
15927
29060
4653
31219
14607
23908
15509
9954
19215
1343
12988
25997
27886
16953
24382
21485
27477
31408
27163
10458
21836
9943
15042
32205
12019
2208
24687
26090
15474
6880
21687
30270
31026
31662
19554
9029
3918
22027
2680
6063
25412
3785
27038
26723
2033
14501
4003
18885
11964
5047
32599
10804
26641
7180
31900
21975
18449
27537
30399
1946
17287
29490
27912
2931
22814
20292
399
21994
23250
15136
11858
13528
27557
26641
20613
32111
1427
15217
32297
23418
7111
14350
23008
9702
11535
5843
22784
23682
23182
21156
12262
13059
22193
11145
22669
19787
16484
25871
26463
4331
16005
17387
8778
12262
28568
3809
3607
20664
445
5860
26103
30614
1760
2687
12639
5368
22832
6259
27670
23893
9170
9634
29837
20013
25558
6699
13422
1101
30058
2519
14199
18255
333
15284
9353
28256
24199
21759
19708
582
15448
11079
17974
16545
10350
464
16764
25712
17754
13878
5639
22488
17733
8274
12635
13089
31967
10593
25044
11522
8857
24163
12162
24606
3604
450
14135
2510
3033
24628
15325
9761
6474
27874
25101
3361
7385
26826
18910
30040
28279
6498
31483
32659
17487
21118
22265
12262
22453
22387
1511
30704
22105
22397
4390
13920
29633
2398
8315
20408
12022
10824
3426
17490
8317
25597
16549
26528
25736
24117
3630
7351
30062
32576
793
15375
2649
8172
23054
1668
20030
13993
2510
18849
787
15851
8715
6430
25916
22992
27261
16807
25414
259
30770
22752
32215
11488
11558
3749
25573
21721
22035
9110
7975
14616
23178
10451
25801
16485
13123
27908
24164
27979
6834
15005
32557
11894
11226
19296
14701
3680
25446
5411
10289
1581
14070
21459
322
30675
14007
29881
25431
4989
27958
18172
21642
11314
29046
5479
1289
16305
24384
3437
10766
13728
10682
5994
1297
6630
31803
1068
27452
22102
7518
13234
24863
12173
2133
6451
7845
2333
12416
16483
3910
13547
9022
14321
8831
20949
31748
1364
127
32152
24236
1479
30500
24049
27663
24722
13093
17667
25813
28300
6545
29945
28300
15070
21880
18156
12024
265
28135
14599
12714
19499
30746
10217
19412
7038
14830
14154
29276
12321
20629
11746
13871
26651
12173
18566
23256
19101
3027
18581
15185
10631
1876
16786
28953
31790
12452
27154
29062
22364
10994
29657
5469
9881
4668
12096
16032
2729
28607
32218
4263
342
21170
22614
28274
14960
24883
27559
13118
15889
30082
4451
22870
18469
7021
10089
812
32042
523
2759
6824
23605
13741
14811
31424
4662
13842
25016
22345
4732
15578
23242
22285
6268
18493
22718
5149
30414
15869
20892
30313
22392
15001
24630
7309
20847
24772
9670
18158
30555
15637
28371
30982
17307
4608
8020
17660
1417
8197
10776
30072
13311
15911
5989
2485
18714
22176
24288
14296
2877
7123
6316
27008
26457
2434
18902
26270
16492
1601
20465
8839
22600
14635
12285
24391
13718
26579
19598
6968
11034
28798
18218
31956
25657
13455
4338
12488
6840
1858
28292
28233
22982
29853
29473
5547
29245
29860
14091
7472
1061
24269
19761
16414
16762
12723
15374
9236
20014
782
32207
26781
24946
11235
19380
21766
3122
1272
14520
6253
18654
18315
24436
20507
14448
26179
10049
18452
12459
29287
25757
10731
32672
24910
22736
3547
2167
17943
21711
8724
7532
21402
864
23635
15128
15005
7807
27061
2290
14412
5120
20685
17173
26851
23927
31220
28996
12974
3925
4576
3883
23859
25427
31353
2535
10414
16916
15847
14025
31165
4101
14320
10071
27997
16777
27009
32404
26901
31315
10890
11138
31601
15378
11791
11492
8370
26708
3197
16968
16324
6564
18490
11845
29552
6134
127
28162
29651
27718
18026
2551
13327
22395
18511
25592
2112
12433
18256
9839
26546
28151
2861
14569
8017
24118
18525
24020
2144
21460
11357
23942
5998
18552
1096
25218
22406
15182
12712
27383
9639
20141
24971
29578
16499
26872
14810
16213
43
23746
28903
24880
19163
23605
837
27183
6354
15284
31708
24940
7509
18367
572
26886
26517
12823
9010
13417
4062
23075
1945
13264
17680
29843
3443
6409
20051
22083
30521
6520
21767
26210
9583
4447
2810
31699
3706
27741
222
10707
26806
30516
16634
16349
15044
32463
543
202
17953
24707
1758
21821
32765
28565
31992
32062
3146
21500
28950
1317
28435
18025
10938
442
26639
19845
1142
22426
11382
24697
5212
4573
29459
4788
14517
3061
1691
11496
23798
29401
21053
22358
2799
24932
7290
14668
7238
7159
25655
12780
8228
12134
5136
3630
18734
30482
32752
24617
30647
20050
24798
23438
13363
28952
17178
23413
11759
20433
6761
30044
4608
23180
28845
15724
20090
1887
25272
8191
5602
6150
24418
29792
14053
25294
23769
11473
7241
8882
30777
18387
2341
4803
13149
26273
25933
22733
17652
11518
11793
823
11991
20016
24359
7723
3738
27469
26597
9207
23648
9909
179
19635
3060
4320
29889
292
17430
21082
13301
29921
8211
14091
16680
11188
12185
32444
20625
28227
10440
5847
10881
29168
140
8558
9809
14333
23851
28031
20889
26612
5914
17527
6051
10566
15381
12532
32032
16434
18542
8911
17433
29160
2726
5210
3112
29679
25914
5350
17127
27332
25279
23689
30889
15300
20529
19742
28008
13899
20873
1164
27135
22558
9357
25676
14745
12550
1516
12837
22378
10686
27786
13882
9373
12815
3865
31303
14989
6714
26601
3624
11575
7062
11009
30107
20976
21626
25198
9030
24147
15197
9435
9468
29566
19772
6754
25916
27006
31549
17314
9722
28423
7057
14098
6306
20840
24990
18580
14171
191
8542
20302
17289
9321
25090
32181
3477
21437
988
32746
27120
18170
32123
21578
30549
5245
29720
4673
6735
20024
13105
4958
20988
4959
18291
12973
18960
27236
16605
5697
19996
30502
24611
14096
529
24934
13136
6916
1024
32634
26032
30030
23331
6469
18157
8446
22561
22374
19832
10704
19086
12976
6186
22345
12209
30682
13100
28163
16011
13176
9236
6982
29972
6698
336
16087
2760
16660
6344
1813
27746
14990
27071
4929
9448
27420
30202
4126
22503
10912
11813
698
12544
1486
32114
13707
27811
13281
14467
31677
24091
5260
29578
16075
5835
18996
943
2637
4791
17500
12210
2577
3654
20065
21457
11884
26950
30311
31980
27346
15152
24723
16103
17061
31917
23163
19024
6219
27226
17114
1345
29315
1224
6537
11144
11257
20936
19370
14854
16664
17125
4134
10581
12319
25905
26715
15278
8055
15941
6414
25097
15940
31363
12199
31877
4922
20638
26525
31243
11697
15965
1071
6958
27900
667
29269
23638
20983
30867
18166
19230
3808
14426
27995
19194
18792
8365
6628
3357
17161
11757
21753
16282
23449
17000
12868
14281
8736
17370
2077
7148
26599
12852
15174
20498
2513
7067
29401
10812
25582
4532
18558
12735
9038
1055
18657
28137
27155
9281
22628
2023
31178
13895
20497
17382
22524
29543
26322
5497
8447
24937
15076
21307
32018
17255
3977
19893
27562
2001
4861
19842
22790
22451
16556
15536
12809
11067
13218
32618
27209
1910
32067
16340
10340
18778
21564
12599
3219
8713
12217
3678
17793
10324
8921
22336
26461
9086
3166
4575
14637
29507
28330
4719
27750
14617
999
3771
29370
9910
25221
197
26162
5586
17897
7340
14204
19758
20323
24019
5766
5845
21345
28480
18764
2978
1763
29506
25838
14338
8495
28247
7429
32251
17862
22860
7479
22638
19094
7846
8457
25497
11889
1857
15861
20191
21438
23095
5053
7116
21359
13315
22270
20052
31795
22759
27144
29275
20972
1675
30701
6779
8547
2278
17880
15361
31802
5729
11936
3128
12579
14138
31901
17131
5200
15399
5563
26149
11307
2109
11724
827
5702
12815
29475
30988
14485
16410
26974
14216
4827
1121
26243
6255
17506
23380
26191
13659
6639
20982
10186
24321
14325
30527
18719
6580
13577
23743
21931
17195
14486
2693
31316
17795
29138
27199
21532
31623
31472
28067
3317
10800
31896
29709
15064
13160
9620
13161
13585
26131
19148
10323
21469
3920
17268
20861
20022
12540
21892
14929
10734
377
18024
6360
29179
6317
25593
731
10002
28237
6573
32328
7799
3419
26122
28886
17171
8429
17505
13036
27847
15921
24248
18880
16896
4014
7176
3260
22411
17868
24233
14885
683
28823
1802
16126
4457
9920
3749
13866
23852
7652
20274
25298
27529
6161
18971
10758
4444
19079
1073
20391
19480
8635
18845
31364
17755
1698
28185
17347
13510
2347
23904
21891
5131
5134
4066
23743
22855
3524
14269
21109
11155
2774
14825
24584
17877
30043
18354
25316
31709
19900
11372
21344
5549
26811
9058
4840
29975
20148
18959
25947
14734
8226
657
6578
22070
9060
23130
9699
20029
24514
18729
14852
2926
27051
23608
3764
771
17472
8631
29367
7355
31767
26746
23520
4141
24376
10223
32564
11356
30316
9298
13388
15755
9144
8996
10235
1363
2596
17369
8753
30962
8896
20689
25375
14822
8937
7305
23452
31931
6089
16147
17608
21025
23325
18371
23279
1601
17723
14124
16304
2641
16467
21834
18270
7270
8437
14337
13734
8586
26579
3526
11634
26127
20681
157
22542
14371
21274
17731
1929
4260
30461
10924
22623
15925
9304
15792
5716
18065
20171
21761
26787
29215
8944
6496
2392
13767
6369
24080
3067
28421
4091
23947
30574
9787
22498
11893
14104
19276
19141
1230
10052
8294
23780
4971
16579
18207
17743
8615
10201
9156
9200
10582
8791
2797
18635
4346
14596
27989
133
22074
2113
30185
2595
15503
1005
19999
6677
21569
12935
31881
3699
28050
9106
4522
14470
19512
9534
5896
24458
12049
32068
29826
24754
19
10514
16356
4205
16514
26920
10937
16616
1381
7106
609
4564
6202
10935
30307
28009
4073
4257
6404
22187
30199
14654
19992
27884
19452
16662
7192
18578
1367
22622
4981
5402
18720
19741
16428
3165
4190
141
22939
14098
29818
19396
9362
5781
16884
6035
15278
7143
9045
11183
12770
4085
30821
30990
17239
20765
11677
25492
2166
2542
10207
20207
24387
17711
6245
29376
32492
803
19704
14843
27041
13324
20578
12688
12455
15342
28453
19019
16040
25493
29805
29176
7246
23257
13124
18380
25360
12321
12293
28672
21067
24870
32275
19135
14996
26874
9674
4674
13133
28488
9910
9274
20086
31965
27139
31342
16070
22887
14645
5797
9210
30333
3354
26054
29038
3040
18684
24126
8938
18689
13850
23970
13246
16323
21338
2453
3089
27777
19768
14317
22646
32595
12802
8721
32704
19085
13895
26533
11032
31369
7565
9322
5196
31399
6978
7519
3690
11153
16373
18733
31886
20164
18118
14273
11000
19276
22299
7483
15969
12238
3733
1031
11663
5580
26435
27209
31016
18981
19989
20095
5572
24283
32147
28514
15429
2585
28878
17164
5227
30325
663
26976
28067
26738
3312
7591
31264
23881
7360
27511
16429
1769
3531
10969
13762
18748
8928
1962
14933
7340
28244
6210
25330
31206
7856
18260
19598
13021
935
5397
26777
23826
24395
29601
30674
12564
22400
17050
10079
834
7088
11794
1053
14808
4800
29867
14389
25642
9539
22780
18160
22314
30702
16951
15052
29488
10828
20489
31183
30459
28083
26050
13339
1011
2167
28854
8387
14256
6493
28131
31965
32448
12115
29396
216
1189
2398
15813
16400
25886
4819
4359
9888
680
28618
23974
2423
9795
11728
330
31919
19577
27868
7003
25626
17309
5253
15720
29213
32593
26993
31434
2241
17738
5905
7044
12551
5976
395
30318
7292
32416
29688
13971
25870
7212
32464
4055
32542
8871
6818
9949
4566
7521
25353
12327
10685
10394
32219
2687
31112
32508
675
22678
7476
105
30290
24044
4945
5623
12081
8943
24737
5945
13594
9319
4577
5313
29160
4625
4071
11234
17964
24714
31213
18363
22050
12911
31277
29552
8931
23747
18606
8635
17371
2705
20573
3492
21630
17362
10847
6284
27191
23440
25510
18800
9889
2380
16578
20844
14842
12702
29690
14718
27093
8731
31132
7565
28686
17531
3729
6314
17923
3324
30004
18069
12289
10241
31845
32387
7421
11007
31960
11038
11909
19609
16563
25550
31990
26634
2393
11063
27630
20420
10112
30467
8964
13142
22922
25825
32439
7315
25618
16589
3493
18417
6341
16531
28158
23599
16243
6286
7991
17723
5477
19894
7171
13906
22258
26842
20607
5993
1869
28457
16556
25036
27297
17399
29475
12293
26208
22462
29700
1279
15320
18531
1072
3691
20743
22203
18616
26211
31664
21838
3733
6221
686
29787
30361
27907
18825
3868
7589
16945
23111
24138
5405
28926
16772
13284
16281
2030
28869
9261
26077
23558
6922
16372
6156
13618
16290
17431
12056
6629
22339
25162
637
32255
22362
1813
9775
22771
32672
16668
17616
26409
9710
11683
27175
6817
29778
3665
20942
32474
19810
27700
3626
5106
19152
27654
7072
25870
2623
14255
13318
24060
15445
8458
30296
9239
10770
25068
13997
30315
9312
7523
2665
22810
4587
1595
25779
4095
3890
20167
22314
11408
21727
17886
19155
13065
22611
17699
17750
6855
23174
21641
3691
11761
22798
10007
18831
3166
5501
21737
22523
21939
9968
30328
5846
16076
18917
1307
19882
5726
25165
9421
24853
31962
25571
15152
7617
21396
5307
30674
12181
10020
24094
12719
6445
6412
8085
15864
16264
3228
14404
9235
24065
6931
14969
21219
30337
4871
32133
15177
4594
1799
459
29675
25847
12158
23318
18996
11482
9178
5424
25756
22726
12014
18096
23081
21302
17045
17939
25397
32685
20121
13582
1907
16552
32467
22051
27949
6608
9363
24691
11727
17013
20290
17875
21417
15416
22597
7969
25841
16903
26149
13017
8199
9039
10989
18915
19709
24428
25044
18095
18519
5477
20508
12932
11023
7126
19770
13589
13277
21805
5687
10838
21941
5145
28758
19085
3984
9280
24311
6316
29039
19249
28859
2782
29341
21913
26601
8544
32053
1209
16913
24466
21221
28695
25327
23374
12017
12148
26257
22136
18811
24831
24252
5846
8193
24520
32653
28706
10023
15991
32604
13406
18871
23102
11749
32360
22758
6668
1706
2766
20953
11780
17043
4835
7271
25389
11480
24083
10017
24427
16160
32115
1167
22958
18667
26012
28093
8809
9773
23226
19958
4166
18747
25312
15312
9496
7147
12959
873
32528
31735
18390
9711
27189
22179
9931
29286
9742
10144
28027
7077
13217
24367
12591
28578
16290
29578
23120
5104
31972
8575
29308
27526
787
8286
6361
2498
1445
19733
4266
22190
30478
4250
7712
18561
27699
1417
9586
22121
21538
8463
16432
2183
22528
25350
15572
18747
30530
20833
15514
23459
13345
17099
25489
7006
25671
15499
20210
27030
31183
26539
17841
27453
22636
24921
22355
31894
2792
27277
23807
32248
27857
15084
4311
24015
7279
31469
12169
995
18680
10554
22560
477
12551
28505
7713
11527
25931
10635
467
1363
9084
9716
17118
3487
23956
24317
16663
31031
16699
13559
24475
21147
21379
27393
7707
32643
29909
27435
23670
17953
24876
5595
31885
14246
128
8304
22099
9223
7046
18214
12835
31489
18582
22073
15703
15963
9452
20046
11542
26987
11796
10254
877
29147
20384
31508
10913
17837
31004
3081
23236
27261
20548
1549
32135
8710
21364
25433
1103
14312
95
18723
25739
23721
21252
23234
11844
12793
12510
18451
28917
27706
5211
6939
25246
11583
3216
2286
32020
31828
25899
18895
1435
32639
2729
15512
12982
23046
32457
22877
25662
21553
28992
14156
8626
12369
20654
10711
21198
20737
26577
14614
26207
5292
23288
31078
23381
2640
6587
1623
24602
25473
6378
9413
31778
18352
26819
20548
30660
27821
31592
14274
30280
6251
12176
28007
30273
28676
29564
19904
11293
14332
5165
25117
27386
27082
3284
16951
4027
17044
27274
14614
8795
12091
6209
12594
8578
14743
9978
11225
11350
23300
26169
18384
32404
22557
24758
6973
29407
2503
4438
25796
32600
14194
25689
22513
24686
26267
22741
2262
26104
17301
22115
15093
5761
1930
2840
5984
7394
32701
26039
3614
13335
6673
36
26321
1355
6863
3612
17558
11317
24484
9252
8493
21927
21481
27327
858
11364
31271
4580
29834
2099
11995
6319
31162
4913
2166
15703
5013
22891
30888
10592
2524
30380
4830
11794
1547
22164
7178
9513
16698
15082
18338
18894
18753
31795
17899
7622
8479
14468
1911
12010
16541
25748
23020
20695
14126
29461
16904
7910
30234
1605
14050
23135
1499
24512
8819
30953
10951
664
19284
30533
15600
15271
3017
17468
14153
1060
31231
22486
16906
29301
26002
19149
15445
11588
20050
577
2329
5333
14407
17325
9015
5783
243
17690
15587
24313
6614
3475
28237
23934
19512
14808
14209
20244
27170
31063
22924
17058
4270
22359
19169
19424
24448
9335
19195
22635
18837
5207
22851
23321
25404
25493
4915
16777
20833
6651
15804
26623
15889
15606
32229
32623
30267
1610
1206
6616
5300
29445
12884
20692
24190
16049
29805
14956
13386
7886
25558
8240
15675
21120
25971
11400
12013
23172
21080
581
22198
28008
27437
29307
18476
31740
6871
17555
21735
23044
19541
17564
12680
24367
22503
3042
27641
5197
19318
14274
5879
16572
4656
700
20174
27683
16243
29642
31588
10339
236
6128
29561
14283
31744
31253
25901
25484
6762
19729
10179
5740
2598
31751
23204
4030
29838
5365
30119
17041
12484
16777
11919
13608
30031
16951
22486
29866
19721
8072
7337
28955
21304
1461
15923
21899
31483
32372
13854
12429
26088
32018
25175
235
3571
28866
7698
31384
18065
20789
27663
6118
22814
22890
5659
19193
16508
25800
26073
25468
18430
8810
23234
31890
4484
4794
363
1808
18151
833
20486
17385
31383
31933
11308
17130
31618
22388
32218
14759
8248
27081
29625
18101
19789
1293
23714
29977
15103
13463
14945
5121
15897
29463
29113
14002
6168
18983
15273
28866
4747
4131
15342
8839
27072
14395
24777
27087
19100
26822
28674
2769
26571
19417
25901
25956
27162
19993
1324
19055
16416
16333
19189
17825
4388
3128
4502
12130
22331
31525
8054
6921
25777
12483
30429
30031
22698
24499
4022
26371
18185
24928
24212
20480
6033
10383
19700
28253
24650
16951
1730
1507
16167
22674
16670
7108
30437
27764
24159
6793
21302
14556
4952
29261
6175
29896
29147
2345
159
26446
31868
4079
4241
489
10135
3867
15827
29969
27541
16390
13480
29454
19562
1629
15195
5389
31330
7634
31014
5748
28702
20497
9297
23155
12761
18166
23454
28635
4593
20221
12005
1844
7842
7674
6908
3850
7444
29194
31961
27271
13720
7369
16379
30279
13614
20165
19462
20327
2124
14131
30125
4319
21210
19425
30420
31506
18817
19820
12790
14756
12325
23475
17605
15244
8624
11915
11793
20842
1298
18101
2795
1562
21382
11021
12042
25993
5142
1539
7278
9671
12385
14159
7746
26206
1692
11745
2823
31203
23767
7703
29167
28106
6529
26675
14215
17534
25903
17164
26009
5554
6553
32516
12881
2289
8677
30009
670
24189
12329
30464
27611
31318
27691
20879
30895
9625
32619
14841
13618
31243
8803
13664
18001
11254
3853
20837
4211
9780
31910
16612
12637
11401
2226
12511
20818
30774
12608
27063
3967
714
17519
4258
3479
29500
26929
7513
24251
24887
9551
22545
23964
25269
1197
29613
11747
6095
17872
6194
27857
10451
12189
29051
21794
27288
29795
5678
23096
7438
17948
23278
32373
30745
32752
26066
26857
31392
2299
5654
32301
12257
21584
5137
142
24327
8766
7527
31598
22782
26322
24960
32232
22662
31132
569
26803
10374
29366
3289
21321
1187
22787
32582
19528
26642
1461
11641
31000
16042
24850
6959
22734
11326
23671
7649
11856
24105
19869
23287
21946
6954
3867
30265
2305
1395
2604
1158
22487
17148
3507
5832
22222
29
5756
28967
18879
92
27845
17021
19821
12676
15101
28682
17510
29943
459
18794
2858
4932
3410
14531
14223
3580
20404
17219
26468
17346
17620
28106
25173
6818
17249
23011
4878
9380
24336
12025
7076
29344
16424
9160
2352
2387
5188
15377
27325
11443
31828
3730
20324
30080
7142
10037
28597
25884
11684
22920
1625
27548
16669
5997
7158
5151
1480
8211
19027
19294
18245
6948
15037
29829
32487
29760
25513
16450
7792
2731
18842
31259
30747
2370
18245
16388
26592
31412
8435
22577
8691
28142
26408
6441
19086
16087
27778
6172
15088
22334
21219
4470
6054
31760
29651
16308
7177
31439
10271
5238
16136
19263
12998
2006
5415
31075
21270
29177
5064
27559
16915
8931
6569
22879
7960
11408
24751
1392
4033
4928
15586
4429
5895
22546
19640
31782
26541
4564
32406
8796
13788
2074
3988
20791
19466
1165
26497
17115
26400
20102
30247
5752
7643
1244
30159
6338
22386
18938
14088
28833
5498
30260
22949
1065
5383
17499
5893
10700
2837
11406
407
31182
38
24916
23964
21498
3884
8936
30511
28052
2984
23764
6531
31630
21268
16833
2925
19710
19839
22926
13602
27088
24951
13727
21313
2488
24363
16248
23316
30571
9937
21898
29715
13327
3654
10828
10921
28400
18932
6542
16443
9588
23801
26635
15463
32593
21638
8509
9097
15101
21124
1909
30340
15975
11134
18986
24511
8164
7099
30353
12653
15212
22442
22127
6418
10246
31620
12588
11330
8577
7724
9000
12972
14949
2906
32594
20824
27177
26872
28406
31533
19366
19404
17366
19126
8140
32600
12413
10534
26772
1278
23248
26265
12341
3688
31974
10140
20635
30503
2073
19440
20245
410
32349
12939
8270
23314
30161
32480
26750
11059
31380
17248
3041
12958
17114
13633
9065
15565
26943
19838
10672
26941
8539
31519
29744
4051
6806
19130
19638
17529
1341
10042
16148
15880
28118
6111
28438
9322
25265
8070
2744
2560
6080
8491
11414
5185
31912
28076
17060
6052
31000
24271
19743
10944
17242
9095
2500
29874
1320
8563
24383
15040
17088
4008
7398
28988
14395
11952
25255
21418
8474
16850
17727
18469
7714
11668
685
4606
11626
24447
23271
6055
26802
25378
24779
16335
32246
18522
22360
10703
5699
16080
28446
17733
7882
2754
30707
3326
10291
14087
23272
26906
20531
10317
28796
31850
26977
30118
1807
24861
21829
10819
11673
6300
17586
21630
5787
12978
21078
1566
10070
28656
11152
10711
1852
25424
15233
21009
17316
22296
3174
25835
23489
30977
21285
18814
18645
4505
22821
31334
22178
19174
14435
8575
24609
19020
7619
8428
17527
8624
1444
11614
10277
23518
9910
23954
22143
10280
32528
21276
22367
26960
14205
24676
3354
11177
20759
20462
28339
18040
20760
12510
12879
11424
24300
19643
31721
12415
2187
10867
25671
16147
8453
17055
27693
22113
27998
18697
12240
15127
5021
12139
28301
12656
32
17786
15067
15704
13618
6691
26239
11729
14560
533
32511
30613
5384
26495
28248
8956
7602
18203
5107
20769
29091
32363
27094
7232
26928
20291
2584
22371
26449
15495
10391
28990
16630
9270
21741
32343
11934
15015
6303
11882
31781
19219
17816
12555
27357
24916
2262
19853
31201
16620
5476
12835
2214
19785
31624
15941
2003
18248
61
19541
11347
1015
2275
16003
22696
159
28470
21230
12418
30722
20861
779
2704
23777
13059
29259
13462
24001
203
12280
15808
21999
20096
20576
15158
20418
24491
8502
15088
31776
20777
32053
22732
17219
30427
774
10717
21181
16799
13156
29190
19642
16767
14974
22472
31878
6185
26781
2649
13391
28575
7686
3574
14379
18736
11810
8825
23133
14503
32220
30766
11476
24514
24907
9955
27636
15846
31889
6974
1689
10256
11267
28244
26457
32015
14218
23414
25354
27121
21832
18510
28804
21179
16255
4908
3496
13149
25007
7066
30114
3300
24831
14646
3178
13042
990
5313
9105
3435
15594
6003
31802
8818
23825
25745
10855
31892
12534
4418
15734
16706
3478
3743
20971
2949
4139
31241
28783
24301
5457
18367
24089
18123
11111
31663
16877
30111
1080
25741
17314
30932
10714
3363
1961
21675
31447
22504
11370
7286
12683
30931
11473
23302
31437
16753
19465
24422
24530
29494
28295
16842
1869
3089
1099
13506
4571
16706
26722
30387
5535
7280
22960
30600
32041
28406
28908
1701
19869
3967
14316
7452
6161
5586
17955
6180
6710
2287
1640
30663
21051
13146
2552
30170
2542
4535
3263
2354
7461
3991
3795
10517
32604
1682
10050
25839
17567
13206
29709
9286
12715
5758
19316
8944
5968
28646
4724
32132
32025
20798
23695
25102
24367
29470
14539
14599
891
17881
20477
23172
10763
28757
14407
9133
7351
12570
8672
113
25092
21928
16659
15736
5960
15374
6539
13913
13839
4792
3789
13326
18622
19081
24070
4005
21110
28458
25863
27959
28219
22945
23182
8990
26966
28965
23495
8547
23799
28208
29458
28022
2847
21463
31751
1570
701
4951
2231
17343
20248
3568
11317
2218
13932
26870
20054
22002
19416
26661
27828
6228
22647
16949
27897
16746
24526
9134
25690
287
17254
21502
30817
13158
18873
12488
15600
22060
3155
29568
13187
7050
4401
30005
20405
27712
4973
25773
9478
28255
16157
8887
8667
25669
25720
14525
31686
30670
26170
7577
12552
17865
26442
15529
17236
15785
31642
29478
4054
10621
24655
30641
26740
29219
32547
24623
21076
29624
16647
14807
3486
30290
29708
26505
19075
7922
18563
14946
12158
27828
10595
30861
5337
5705
29676
18012
6516
23463
21130
9623
29890
8191
16124
32532
10772
24560
28597
27271
282
22522
13443
10396
26534
28469
1646
835
8372
14915
20195
2123
25768
10883
10770
21043
22230
15751
10388
21309
29767
16585
21585
22211
24506
32153
31905
11470
12010
24922
3505
13285
7439
30190
30505
13603
18087
15983
26123
18061
21110
19488
21982
10146
11212
8099
15629
19507
12806
10860
22666
2420
343
1141
23222
6484
14537
10803
389
26634
24958
22218
22493
24560
23356
20093
9792
10133
29225
11624
22187
1549
466
3697
20414
24972
18802
7804
2844
3124
21874
28638
27413
21290
8748
8724
4995
1007
23540
12726
18929
23534
24665
1190
8451
5713
25768
1677
29458
3097
26034
27016
28694
6766
17615
24350
17097
17203
13859
23926
4361
15326
25632
17606
23422
24199
27724
30991
126
12606
6469
17416
26157
30626
32258
4951
4073
688
22107
26375
8933
13016
20684
1079
7699
24662
9590
16399
18760
7615
7782
30457
8091
2266
29978
1037
14606
7602
10561
19660
30576
16361
13507
13586
31361
28239
16641
3910
8024
21683
16734
23764
3842
12282
5886
29405
8300
14446
8654
22317
4482
1624
25284
26989
23449
9424
4968
11417
9994
18132
22163
17589
8736
21144
26230
31932
16181
14109
25567
26842
7703
16389
10936
30938
9393
23462
20432
3810
2791
1885
11231
28254
24001
22052
6084
5946
15820
17767
15888
24916
23741
21524
9672
27697
32344
4082
23143
14063
144
3379
21795
29818
12016
31820
2929
28675
25913
20996
18123
5550
17741
13771
10673
29579
1099
10830
1518
18120
4860
9288
26652
26917
9582
923
31850
12967
24030
8863
12445
9105
7899
28602
14165
27280
18601
17713
20626
6966
26084
29501
31606
10409
2917
12386
30029
30877
28522
25596
10698
8831
31728
32539
30867
12019
24676
22416
29697
27521
26235
14664
32032
9867
3679
8665
24830
26499
13835
23131
23330
30555
20472
25465
8538
19772
27897
26567
23738
13178
7523
10327
13281
14536
28018
6023
19070
16808
232
5660
23059
20006
4599
1685
18425
18374
22369
10937
23717
27579
5598
32627
41
9561
24766
2783
8189
27853
19919
20645
8704
32268
8321
24710
2234
31753
12360
13108
11492
21547
3650
18791
12330
30206
11802
16685
3375
13097
5676
21889
26834
23456
23274
31776
2224
27162
27006
5528
4841
21702
26033
25506
31528
22073
7947
14769
16605
17067
24891
7115
25293
15716
9146
16280
11213
25201
23724
9145
15562
14491
31495
12634
30733
32666
19446
7179
12733
11909
20352
29643
18854
13965
16485
7526
4664
24043
21320
9474
10451
18199
28947
7924
9026
30779
28824
2776
13957
30439
4980
27872
15059
19462
19001
4460
12511
1041
972
11995
11355
32642
3083
22945
18362
10124
15795
32410
1339
23305
2945
22431
16675
10164
9368
3670
6473
9112
14371
334
28120
31432
7227
24395
24401
1361
23563
3294
28111
31085
28978
2105
7567
3577
11368
16194
17583
8489
4453
3046
26166
14203
10751
19120
15957
26345
5266
16282
25581
611
20900
15651
9040
6524
5321
16801
30284
8292
7365
32473
15718
21526
22257
32717
7779
11986
20960
24789
11277
206
17217
19953
15155
297
9479
15198
2290
27424
11720
3175
5683
31620
10339
7294
23669
25195
28390
24203
16333
32039
3247
1668
25130
27764
19409
28990
15326
23285
12729
16003
7514
2018
12049
20836
32313
27131
1764
10960
15745
32448
12547
21094
14117
6627
15272
16776
21198
18686
28762
1201
28634
8066
16400
1800
21157
32495
15001
15413
30472
12107
5435
7283
27680
23501
1179
9958
7505
18393
28124
24112
11402
20529
13067
29503
16842
3177
7867
4712
29667
9371
13036
1722
11902
12125
24370
10124
14687
11248
25107
17497
17642
27834
22960
718
8166
1526
18344
25376
31362
5291
3129
24227
23189
29146
7336
21657
9514
9724
30947
14663
24892
12460
9318
15183
6078
30880
9819
21305
29919
30685
21765
29011
3723
30763
28766
15803
29749
29639
20479
7866
27604
28249
10305
31059
43
23077
10914
24604
17486
23941
1386
9293
28770
3223
1678
32023
15268
27443
26068
14647
6061
19232
31288
11978
12532
23175
24206
23907
22676
30375
18794
30299
15183
5835
7229
16232
2515
25465
28096
881
30269
19949
5014
1441
10972
15302
28461
10939
7735
6910
485
19629
26705
29215
3188
27751
32043
16564
15753
13805
28811
17406
13231
2731
9980
29673
22132
1546
6166
19518
19147
12352
1535
13850
1712
21356
20018
9631
18442
9954
14207
16361
29397
17603
24915
7492
6784
7634
14394
31644
14996
24450
5026
30005
25239
84
24802
3996
22832
26207
32635
14045
31372
23600
12957
30966
22015
18389
19437
5516
20207
22581
29573
13789
17646
7331
12604
24822
1830
15026
6952
37
5882
13898
19810
1970
32234
32763
3849
6090
15031
15762
18570
10684
2504
234
12062
7528
3277
24837
18836
15091
5538
10587
12880
31936
6262
4978
14996
13724
2348
16047
21246
26425
10241
23148
23890
23774
368
13899
19322
24156
9555
11465
12235
3908
22858
7190
8842
20055
19040
24868
8367
10558
492
2301
18408
14460
8630
11355
5089
30624
11099
10610
195
28095
22259
12305
14075
14881
15600
21481
9276
22843
22345
6444
9671
13789
7641
12123
10218
23213
16898
20057
24262
22484
19861
27075
31830
12535
10486
11908
1965
26473
19579
32419
14719
29855
8470
24416
483
18660
21556
3456
6999
8781
8932
11237
20229
20464
24636
16481
20037
13649
15096
29388
17762
8733
1637
16980
2977
21019
2686
9493
5247
10591
8020
17898
1595
193
6067
21634
6548
5773
16130
7094
9940
30588
28267
21017
1037
29667
32060
22737
6307
29995
4237
23718
18954
18305
3620
3417
9681
11214
13973
24375
27872
17898
10925
2797
25598
15117
24593
16286
3478
5254
18723
15155
12474
15023
13349
15603
20840
7200
9633
1619
32268
21795
12808
24079
5703
27496
6809
18809
28399
29178
12676
28689
30551
10610
18768
23895
17360
28779
13178
5341
8559
6197
4703
11424
5905
29134
603
24984
30621
9997
24115
23182
27017
13345
8880
3374
1952
5434
13709
31069
32514
31878
5012
11981
20076
9311
10755
20686
2745
4547
24372
3175
19625
23300
3709
13477
11234
18112
31574
31027
27444
22292
32697
27435
14881
5389
31183
17452
12189
12383
15560
9133
25106
18266
2314
13968
16551
27417
20367
31994
4546
13309
17544
8803
15051
31322
1351
7145
13620
1903
21851
234
21686
21148
14077
20945
17117
7887
25259
8496
21446
3136
25106
21264
6184
29278
21041
26245
20625
5640
4284
32133
9714
4097
22718
5881
19294
30622
4739
12053
27919
9666
23221
14821
4266
9228
1221
11305
19139
7247
7308
1635
28068
23619
11059
5678
5450
16762
17232
25041
13489
8597
6225
29204
2130
695
9502
28243
4585
14394
9722
16080
379
14241
27050
10573
12184
14798
15834
7131
3294
31862
31420
6637
10942
14289
29170
32688
16771
7318
17582
3999
22415
28198
25880
32338
28136
3335
18160
28822
22004
1429
884
8131
5249
30452
29828
6218
30216
26185
2820
18062
14387
21034
25730
17909
27804
6739
25624
9790
30936
3994
21140
6933
22452
16421
18903
18916
32702
21466
28539
10733
4872
3351
17081
10902
15400
16803
393
5123
23683
24549
26890
21994
28620
21588
21797
14499
18631
25391
877
9343
2899
19054
32074
29531
1959
16376
27991
117
23260
8214
25608
27262
30892
24616
20368
15344
633
6551
11010
28065
3984
16650
10422
30617
19120
24029
23534
25632
2246
21967
9657
6428
15611
8442
26904
19354
28144
31241
19040
20907
4168
24229
32223
18033
27240
29744
27074
13433
25978
9398
7990
14923
28600
2080
28366
23872
21479
28075
7205
32404
10785
6553
29892
9916
17880
2855
20038
6906
17688
24254
12218
28974
9484
8301
10824
5615
32708
8855
9496
30938
22325
11497
8303
21290
4482
6031
13339
15498
2682
9896
19730
551
24161
14839
28246
29704
20979
9435
31003
7330
31654
17025
16428
5799
4656
6744
27275
29984
1097
10437
26967
29115
15794
8217
1267
21862
15734
13760
17765
20252
24944
20410
14844
11519
2829
9808
25654
11176
339
11775
18912
20411
13346
23993
29311
32190
17594
9549
21487
17451
30590
10275
29258
3011
29432
4140
14092
8742
28700
3353
17268
21153
16337
21451
16941
327
18861
12811
31789
31811
26624
2684
13534
30572
17685
19661
4475
26138
7604
15923
4029
10040
3307
9751
20408
14235
17679
13068
13567
24210
23037
11267
8975
2239
165
16834
22763
17701
26570
5266
12291
6273
3587
16952
16986
6878
14598
4135
15336
4964
29221
1524
23358
1649
11289
3082
25960
27115
30207
25247
4375
29652
24480
1255
11520
14110
29429
19591
1407
705
26347
26956
19840
14092
28515
285
3743
1336
20093
3118
25742
19779
2838
16759
1975
3580
28815
10085
27427
7002
15312
7375
29083
3857
6541
28203
32269
10087
22984
19202
25393
2116
31896
12193
30315
4745
31784
5906
18932
17827
30722
2378
21045
24416
9614
22948
31347
11777
10709
10638
27825
18576
16523
898
4306
8564
21581
8761
1791
10050
27687
14363
8520
26582
4697
19193
8334
27043
6235
30718
14496
12103
23582
13283
8100
6498
29333
23395
11449
6825
23412
10223
18906
29238
8760
23714
15621
24610
4199
16247
3229
2134
21785
12986
782
30622
17847
700
5551
32512
7171
15307
13036
22859
21848
7265
15268
20210
5939
30620
11216
19483
15603
7150
13926
7412
29405
4630
22653
17478
611
18511
10161
8268
13222
32199
24521
20933
26681
594
29591
6472
21288
7776
9504
7896
29241
14125
26877
22456
11377
823
6401
32384
14810
25333
14876
20849
14468
12742
22911
2822
4810
9000
17665
18635
6870
42
8898
21618
32616
22820
11278
804
32210
32677
3972
7957
30024
23725
15991
3931
16214
30492
10644
12800
29106
15979
12485
7254
27956
28058
19030
13706
24099
6761
9559
24444
4530
17611
19265
8654
17610
31384
1244
2876
20490
25474
1631
15659
21773
18762
9945
21892
20715
28724
9937
10946
14338
21432
18985
3658
32502
7034
18761
2299
13558
23676
23929
17927
4929
31378
27789
8193
9705
15895
6088
1079
29143
29151
12795
8257
15376
7532
24813
3546
22071
12133
28159
28911
5202
11331
2576
15350
20433
13646
2207
3713
7116
31688
22063
25107
3724
29800
11760
31026
17485
24330
21147
17597
32578
30372
20126
13184
2266
23932
32633
8198
14402
6552
28776
20654
16939
13686
18498
15873
13773
22782
20129
4931
19243
28341
19523
7496
26265
10547
19120
7050
30076
31959
30493
10104
2130
25017
11409
9744
19954
29152
26950
30639
21524
14262
13138
23080
12563
16568
12422
12564
31474
18546
30103
10346
12190
4011
20603
25936
29298
13277
4630
14640
17152
6888
6934
2829
4367
18182
12316
27416
20960
9986
22812
1150
31414
13989
20486
24965
1172
882
17062
13783
23881
27027
27593
8989
27050
7442
18337
11216
32031
21324
26474
18508
27233
8355
10318
21031
4481
24180
20870
14784
3885
11593
24003
14875
28975
26447
29644
32492
5174
5898
21096
28913
3801
17991
13182
7301
19929
14674
27259
26227
17830
27242
16884
776
23845
22898
23693
25452
30129
1001
7449
3378
13408
6428
23042
4141
28807
16026
24555
3717
27520
30953
1941
2827
13738
3191
25343
29130
25778
27347
17874
3806
32529
29
11515
26506
16598
29884
18842
10628
7590
14158
13083
9363
9217
25317
1186
604
9670
21872
27053
12409
18938
2679
24053
12492
27589
3596
9365
17427
27325
7166
14957
8892
20584
16207
18377
14330
28411
1512
21822
4888
23912
7308
18389
782
29848
26379
26732
4178
12789
26808
31320
18672
9004
4380
9551
4829
16177
16620
13958
30856
20611
6969
32022
9139
21681
30439
17828
31361
29981
1120
14657
4816
32000
31625
9103
28616
28846
26102
25637
15796
10780
22874
3893
17
7839
13889
364
26085
12790
16129
27418
14419
14987
6893
5779
5995
6902
6605
28117
31047
5315
19339
875
8019
14453
16431
8849
30188
5834
1037
10904
4653
5953
11325
14732
16901
6106
1868
27157
25229
14877
17969
10395
28825
349
12675
25517
1934
9790
16105
7076
17011
17269
6865
5507
13130
16335
31333
13602
25760
6517
18874
17036
6499
30318
2635
7845
16116
7781
30119
11024
17789
16813
14438
26959
21125
12674
22881
5420
449
28050
8483
15960
10285
10940
5530
9555
19804
14103
24082
24459
20236
24374
9061
1736
25342
14506
16491
30663
27397
30153
22200
25637
20316
9902
7047
15232
21308
2945
28913
12248
6062
23545
8035
22843
16543
10270
17230
15521
28722
13908
17184
14869
3162
661
24948
9749
679
17150
16261
4668
32352
5517
25577
2334
17619
15145
6524
16756
11241
994
15002
3193
24317
20603
15505
915
26094
19749
3925
14646
8819
18830
9590
28933
14255
21018
14416
9019
4102
28272
7298
20298
29998
10553
15009
25026
28297
17700
45
12659
22962
17198
23747
22486
29014
7712
8085
26793
13893
24409
18712
19674
28360
28877
9468
17574
12342
20558
16481
21762
9922
2059
4168
9274
3991
4182
23623
2520
6439
32426
16770
21959
7615
9708
25046
4792
27743
3057
4951
18373
5066
22593
9213
32084
25561
8218
1434
2367
6420
13240
30223
26162
26243
20692
30656
6740
20930
24171
11845
28969
5460
5568
29539
3255
32057
15524
14394
4583
29123
21749
1727
29743
9381
25957
14189
9326
5197
16252
12088
10007
22900
26337
14787
21906
29427
32213
21458
20191
984
23296
31234
23421
14265
11376
20408
18570
16712
19423
12887
32299
10024
10292
3254
21806
21247
26701
32465
28654
5837
11004
11710
6775
7292
2127
20451
30187
29624
14357
18791
29477
12800
413
27878
24731
22781
22721
13417
3977
30483
19491
1685
21580
13879
10423
23586
26123
19712
30338
22927
24989
1536
12961
12564
29607
20820
27276
24793
28165
5242
7324
8549
19564
11363
459
6233
27725
21961
9404
9054
31740
28611
27131
20316
25873
19607
28037
20461
13839
1231
22923
2833
20291
143
6771
3363
22255
11045
5152
30987
14504
1250
15475
18614
13309
1832
16145
29123
15961
3781
3687
17023
15403
16511
1516
2836
21827
7152
422
26365
26751
12437
3824
15037
25256
10529
6778
14801
31895
8471
16273
2275
9372
30871
7329
20544
5920
6776
20728
21132
27272
26776
1996
23477
4701
17008
13440
7205
7594
23020
25635
17468
13478
19065
18490
29693
6547
9823
24255
21255
12518
28241
23401
25799
21672
10050
13870
27885
30492
635
775
30748
22690
19435
30451
23782
21723
4798
15934
18679
2830
16433
2051
11920
26059
4260
27376
9784
17870
8944
1865
6318
21541
4604
2607
17697
16278
19595
30243
30627
26939
8024
21702
988
17519
9573
13794
22523
28142
4752
8110
15346
15927
3175
21582
4323
23349
1341
4250
9429
3359
19838
10272
28332
23197
20287
8812
18008
12332
10265
15751
27980
5827
5432
31165
31538
15799
26031
4771
733
23516
26382
2393
895
11245
55
9229
31260
2093
28269
1728
10046
26959
22702
18765
23787
19603
11587
11943
26836
17715
32149
24930
28367
15613
19522
22901
18311
10305
368
20286
14194
12525
31074
24518
4612
7415
24905
17991
7459
29691
22108
20203
18650
10278
31530
26327
3921
18002
30511
28008
4349
29042
5286
10940
16660
11569
28831
3957
13892
15318
29009
8633
29604
4971
30385
15229
15851
11806
31044
32260
20704
14823
2865
7842
2321
27499
28570
28870
21960
30753
15404
20792
1851
31667
14581
22174
19715
19623
29302
27461
30927
1086
12794
13342
22874
15772
20518
26887
16794
20522
5584
588
4155
2361
7957
24430
19275
10472
29861
19235
9271
9799
20322
157
30710
32444
14890
5647
8068
5286
1520
28782
9362
24897
17426
9333
11900
32202
15078
26859
15227
18403
2198
32296
31260
9528
26671
11990
22256
10851
19700
19957
4741
10509
18424
22049
29590
26966
27628
3608
27007
4727
9013
22135
13043
1702
11330
1220
23793
13883
12316
28593
11764
11792
10046
4255
20843
25901
168
24162
22376
3493
16175
17732
23708
27835
279
24652
28291
32329
9699
22464
32732
26467
1644
2280
348
31799
29489
23317
29347
23863
27886
26082
32623
28539
19312
19642
32016
13408
18087
29594
23580
17526
5629
28952
25187
29081
6630
24997
16677
21597
17336
15
23427
18608
12222
10058
20788
7610
9607
8559
8569
32008
29316
26629
31315
19690
21203
14720
2035
4633
23637
10247
22642
5277
8198
1402
10178
19438
30094
20660
10213
22106
9491
2061
6492
32678
25426
1315
18403
6904
21486
17883
16219
13301
1543
18082
19720
23334
7951
20985
8444
4512
10201
26928
9171
6116
12275
10865
21665
9220
15158
22529
17193
17159
11675
25795
31312
27023
10577
10750
28369
30649
4876
10847
17969
13381
12447
1602
2550
759
5581
1325
6932
23100
21340
22685
31144
15377
7276
31750
13544
13857
22023
22037
5978
11565
17657
32568
25413
30641
19938
20832
13158
3013
31625
9478
21475
17473
16243
24428
10117
292
8373
13861
27937
10039
19718
19415
31063
17133
16408
2624
14463
21134
29993
23927
3297
31636
22229
13428
23844
12118
24878
27347
26378
739
10766
32725
10842
15921
17324
16040
29
26231
11630
15336
12812
18391
18174
19557
9802
16960
31136
22823
29519
23955
3011
13487
28708
26884
21205
21888
5334
10692
14172
6622
16165
23773
16195
30934
12156
4189
4721
17534
21030
6070
11681
24958
10430
8037
14189
6095
26599
9170
11179
24771
7486
20343
20733
22086
29069
1093
11428
10083
23362
5187
26773
13834
21791
28025
24527
16912
27954
15628
17643
17783
16392
19882
5877
26096
13342
9512
22650
8094
2456
9578
15586
3357
4661
13444
16384
28867
9603
12318
23528
25381
9551
12317
20737
19165
9824
23680
13403
395
4453
23175
14402
18970
20523
5403
25363
31813
23315
25706
10318
2393
15044
22738
6125
15932
21021
11520
6132
26286
1133
9049
23626
13775
3047
21144
4295
6113
5200
9657
27022
20816
28155
4887
3485
3823
27895
20177
4002
19333
18567
31857
26896
11912
3794
9168
11123
18472
220
27956
23553
20112
27317
26812
11633
16488
19441
25854
3088
4254
25687
6382
12305
16230
30942
9474
10788
1151
25813
12179
7755
28344
19297
8327
8425
7348
32044
16429
27164
29418
26204
15720
21325
29423
6338
24336
21254
6136
18004
25749
27395
23707
16350
23013
15499
19925
19444
25232
14081
20305
27179
16426
5302
29927
22153
6130
6657
5476
24889
15280
19090
31369
28291
31204
2307
21078
13052
14620
21680
17800
32762
25254
6601
22368
13387
24679
18341
29350
9511
12811
8537
18414
4962
23903
31882
24858
230
15866
25215
3616
31329
30755
18298
3853
10555
4847
19529
8010
16843
32170
15896
17950
8650
1144
18569
4213
13064
30780
3591
6112
26205
3513
6743
31452
23267
14328
25455
10839
1378
489
19596
12400
27660
11084
24447
21631
19051
3282
12359
16469
12695
1920
7909
2757
30892
853
27500
19299
4475
16684
20568
7051
5504
996
5920
10405
7957
21693
23311
15272
17124
26373
28239
23005
15778
24309
5447
25318
10747
32726
3111
20478
21192
1383
2752
30850
30088
11395
15002
32689
2318
12031
21312
20400
23671
14034
20703
17872
8799
3192
30991
29716
15445
1176
8689
7150
23179
28900
28538
17994
17362
6208
31502
7373
22982
31271
6481
26719
11590
24907
12858
22759
14120
2428
24425
31317
2346
23755
17594
31462
2859
3055
22298
9891
6299
1512
1433
15404
4656
4834
30913
32435
14298
5723
23590
10571
24314
15496
26175
10083
22735
5877
4724
13965
7472
27757
16760
21893
3457
16409
13273
9326
25568
21483
4822
6750
8863
10814
31600
13341
6135
19126
16324
42
18938
20078
21143
11263
24266
30546
4403
30358
21769
22217
24434
11308
8336
18328
18968
3909
32612
16131
9061
21232
6885
14644
19947
2636
18761
17633
10654
12619
841
29226
22314
12982
25114
10432
17801
3954
14751
10572
15828
2817
8925
15887
24921
331
2735
24261
19951
18847
6331
19408
23686
19189
676
25746
11778
9590
8066
15643
31306
5438
20367
14084
21915
29280
3106
8602
24611
29226
13282
9536
5067
3499
26419
32270
9300
12659
2293
18878
9637
6810
14190
27849
27747
1284
20868
21197
23747
3810
23600
3634
7068
30076
23599
6925
21953
3887
30715
18756
4493
9905
30201
4596
16063
7069
27380
23567
30856
27691
11466
29770
11747
3134
23909
15414
9253
11685
8685
21676
2005
23962
23100
18287
32701
7055
27795
29709
30273
19755
31115
17414
3312
13199
3150
27184
28249
17885
6918
12634
29216
5371
27542
7728
18257
7316
12425
26719
6387
9568
29255
3833
24801
7334
6287
3098
23765
1279
10273
27596
22982
25692
2235
18984
18804
21322
26439
31934
22081
4469
2131
27447
26946
17259
7873
23353
22166
15779
31424
13195
9206
190
9467
31354
7566
19212
14864
4987
11531
25426
6723
17
9974
203
16756
10225
576
29804
23374
27749
11806
30572
26562
2798
31255
17156
947
4909
17498
21876
10739
29699
25174
2118
111
25592
30597
23510
1446
10457
11912
7186
12896
677
2169
17023
25500
15787
13949
14717
8394
12268
12696
25803
4666
9670
1222
4941
15317
468
32071
15885
20491
5136
13626
14465
12044
27706
11373
13836
26171
11134
25460
18630
17375
6481
11512
15744
21276
32668
10578
30979
21539
4636
8280
15001
1189
25864
11639
26575
19597
14069
29187
17784
8942
4600
16842
16885
16186
2058
32239
13492
27318
3760
4598
14071
1578
15835
18203
31191
6109
30220
25064
15752
30144
12733
15878
19934
24554
1533
23636
10256
8004
5722
5942
11709
31878
3
28976
2348
9058
46
12723
9944
17918
22968
17462
26668
5288
15883
3465
29579
24006
15685
11110
17811
27147
407
21066
26531
26865
23018
15746
28570
355
22473
25993
11490
23225
1147
28817
9902
12778
29039
4448
20351
20221
10206
18525
4589
28353
15275
15083
6820
29886
1422
5365
941
31083
18545
10442
17647
2210
17946
16684
3573
9296
1803
22947
27889
24433
22950
12568
26369
9532
19605
27294
26034
154
10345
12435
7619
30685
11393
3560
21291
20655
4910
29117
7772
20552
8468
4401
5834
19429
17364
7032
1703
7541
1000
29742
3057
20629
19918
26602
19119
7102
22120
3863
5240
31165
7843
21247
10548
30564
23127
18729
29991
2432
15982
22757
28715
32523
31305
24357
572
25506
24671
17550
4410
26169
551
14799
7147
6157
17209
3634
1600
6106
10160
21616
31449
32078
25042
18890
1482
6334
25331
13141
19616
23321
29590
9622
1951
31258
5846
27214
8270
9409
15620
30871
6454
23555
2450
13104
8934
17345
12335
24854
570
32759
11572
5204
11229
29238
23871
29467
14605
27476
14365
5909
6558
9570
13038
30455
10050
6622
3459
3670
32263
2090
3851
14267
15905
16445
30191
27897
6890
1433
7930
25022
23335
7804
10173
11369
11917
25435
4146
28955
31876
25228
8095
17169
4138
27715
4285
12337
17819
6847
18714
10978
7280
10949
8124
17953
21381
14414
30471
30674
29184
13181
11745
21843
24974
8659
11283
32343
32240
32678
3570
10738
15799
21967
13120
2544
22603
22436
13645
30827
3378
7462
2145
9117
28815
19835
19550
11250
24809
19870
4258
26721
2606
18261
3883
17661
6648
7267
8958
28615
2318
6655
32201
18375
7726
134
24775
16987
3594
13165
23780
15054
23696
9593
24098
24620
25454
21810
1595
13653
8662
28053
6792
22353
14718
24329
2337
32227
15596
1172
18758
27233
13040
10575
6909
14530
29554
535
27133
18169
16749
28550
22475
9858
17980
7201
12579
19514
21013
19155
21145
29299
1491
27035
16512
24904
18936
15489
30219
4398
14066
13518
12210
23500
21149
18556
13527
12045
18186
24044
25770
30323
30335
8151
2634
11950
4286
19847
15405
22381
3466
23367
19137
14196
12392
30488
595
9966
31139
17829
17457
21509
10386
27513
15115
13745
13085
13936
11935
8397
22142
31595
14998
13168
9541
31816
27816
2682
13983
27154
3591
30061
23255
22388
7163
7295
31005
12148
13257
19693
31367
1118
30170
24465
26197
19197
9241
28087
4985
22033
32669
18477
4951
9726
10632
25753
14793
24770
2863
13583
26214
1577
2427
7651
29444
13380
1935
32188
27515
4119
31914
31722
29356
9874
8527
4346
30914
22979
30628
32135
9912
11849
13081
9043
8988
3340
17225
29846
5138
19755
1573
28053
667
6710
25935
19575
791
2718
25284
31572
18185
31337
22718
24720
31771
32298
28889
2407
7266
561
5748
25288
5090
27135
26714
29799
24405
17405
28066
21006
2088
25965
4563
14131
8647
672
11340
208
11290
5993
5859
31087
32591
13267
6093
11140
9435
271
8894
11776
16827
4784
13648
7971
30208
22555
21161
16786
21898
16952
25176
28585
24084
29038
30337
22802
3697
32719
15674
16023
788
15247
8500
8244
15318
26043
23966
4465
28404
18727
2374
10223
3415
15785
23810
14400
23577
27524
14670
21755
18244
25383
12086
17424
20957
23832
4215
24154
18209
13867
19169
3443
4366
31735
4863
23500
22565
7562
8698
19197
20591
5212
2747
25689
22462
6530
27216
14278
18741
15140
30609
15564
10762
26161
13827
18923
5003
14417
20476
5682
32351
11804
23560
30989
21263
393
4492
23647
25541
19625
12457
5328
13139
17557
8547
5225
11638
8357
3587
11102
13404
482
31929
19242
10085
28350
11398
32737
18215
14083
14681
5058
6836
21514
19321
4364
14879
6445
22050
5652
8764
18558
10611
12179
30120
24506
23432
11588
20233
12664
19683
9391
2199
7846
19472
5695
7388
1078
7304
26779
1207
12565
25815
11827
13991
30813
18426
26905
11078
13259
11787
16659
2836
19059
32
24558
26998
4018
23408
26645
12543
3685
32695
14690
9453
5208
31964
30771
7159
4610
25553
2753
22598
8815
32444
173
8385
20349
21588
6364
32653
26187
31373
22917
18900
28655
31863
28296
21702
8807
22371
16898
31710
24018
21321
798
23655
2529
14950
3886
27198
26504
13353
28922
16857
11001
18256
27223
23432
29138
18255
15356
1019
27029
12529
8082
15877
14938
14913
10250
29087
2496
6571
31795
3120
10793
18527
8076
30220
18983
17398
15703
314
14385
4952
10734
13690
3739
4829
3674
7558
23493
19378
29218
31129
6802
23167
5985
31534
3867
10566
23835
28170
23461
143
7121
29308
25041
13250
12371
11492
17427
27860
10454
3698
7013
23333
18502
6960
13629
18857
21470
20803
28092
24647
24309
5486
31272
5246
2331
18647
14236
3406
25188
27662
20990
32342
27140
29515
22322
15930
23324
12279
2701
7239
15316
29550
3213
14682
25258
20228
10951
26621
26122
5446
27680
22484
10782
130
11584
4152
231
8841
24900
32289
4237
435
19123
6473
29683
1828
16564
25742
18831
8782
21630
19864
9337
17847
27407
12221
5057
8444
7969
32289
13318
15383
32602
22818
32580
22493
31939
4851
20206
14282
7547
26502
17469
14593
18349
27568
2759
23183
14527
30600
10579
6896
31948
4112
21740
20180
31317
5143
31284
21795
26163
12381
28923
19518
13264
24313
3600
11400
21911
30200
1879
27685
25001
2375
24092
4097
28370
9171
17319
19988
15803
7150
11281
9445
609
1781
854
3149
25029
4143
14506
9086
30694
14073
5137
67
31212
14368
2602
906
18598
9871
587
22303
1846
30506
17107
30906
2571
1017
30652
30268
12816
19081
1904
16182
2083
27023
10718
12203
11465
8655
30156
14359
28704
24124
22639
18095
9749
1889
11065
21995
2774
9727
23538
17474
19339
6392
23306
22836
1857
25195
17454
7054
23590
20513
29977
23786
21756
808
1709
7797
19144
6845
23618
13045
3786
1648
15678
16906
28850
17282
11493
4275
29969
2450
29811
13077
20494
10872
4968
2936
30810
10610
2596
14995
26214
19838
12979
25865
21459
13062
7146
29235
3882
8386
6835
10272
14285
9179
1445
18650
30253
14156
20184
5355
1086
31374
28663
22304
6696
15220
23702
23949
4928
22356
28358
977
24374
14183
487
12956
5007
27762
12222
30830
12630
11686
25544
8097
29455
16069
14541
26025
14061
391
21687
14235
22853
13884
13989
6124
4929
12210
11068
4475
12761
32345
23357
23506
14591
22181
10333
5289
18202
14004
19537
12972
19638
3889
28200
5503
27770
29560
8669
22270
5978
5371
1581
16841
14606
3556
29862
4352
2242
16124
30721
23883
21007
17611
31921
23326
18986
18433
28604
20027
17755
11540
16330
22136
24753
26411
29819
31170
29685
29243
20478
3938
24540
14447
12000
28799
3200
26318
6689
4580
11281
29976
16269
27396
5576
25840
17481
20027
19741
31808
9645
5719
2362
32474
7249
19799
20655
11099
13675
12403
32103
32597
5720
13660
15579
1709
7800
29892
24709
14913
23359
7713
4760
12750
649
22702
17134
11538
26414
13747
24642
14381
7127
6151
12703
28493
14352
13523
25624
9610
29598
4504
8378
29455
3090
9076
16063
28283
10398
29601
26116
5511
12328
27966
13758
10472
17821
14418
17256
32631
24200
17934
1536
5263
10211
29266
370
21942
11564
24179
18005
29568
30140
26940
6613
14769
3157
26674
23024
12962
9466
1564
29158
6630
21763
27331
29418
25132
4464
4087
9502
21095
26494
26578
9406
32301
9080
14401
24475
7517
22992
20415
1740
1797
1646
30564
18592
21379
13896
17951
26327
27114
28467
14656
32017
31911
18936
13881
2950
14692
29355
22949
6648
12332
824
14217
1766
13776
27711
28890
22275
17802
24610
16960
6374
9697
29788
28698
12547
21708
27924
13250
8666
32538
26353
3602
9326
1809
21297
8999
9465
24150
31221
868
30686
14093
30431
1466
23263
20544
25567
5927
5776
24965
9802
9085
21515
27099
4653
31589
31462
26070
22496
23459
11106
12540
28638
31132
10469
5742
30931
14613
18603
21707
15351
28477
14520
6481
19355
22254
13073
13893
28673
6704
28971
6293
22129
5375
29604
16573
13961
13646
29233
17127
25045
7243
2008
4694
29088
25829
28511
7172
1801
13195
25604
29834
20825
29495
31342
7489
20115
25516
1508
9383
31309
23804
23997
9732
24255
27724
5911
27725
15386
11739
1740
15432
14875
2113
8098
2545
22495
11509
194
7453
3577
530
18540
26973
22210
22875
32488
7461
4336
6268
11712
11309
28778
13971
30508
22808
29019
13038
16846
596
389
26902
19615
13889
21465
26125
16170
21141
4676
8917
2552
13055
25035
18481
11083
13066
27866
24496
11279
1861
26585
5606
26893
12705
17409
29181
31842
5402
1134
9837
23343
27801
26997
24327
31635
10521
26167
12344
5846
31497
5238
2956
23527
2802
6824
23921
9737
9562
14410
14398
3017
24040
27767
12403
23091
28105
27321
20034
20549
20817
21023
14415
11940
26854
23184
31669
28558
8474
27742
5449
15120
26135
22046
8226
27513
26176
5304
19801
13838
26645
25018
2317
19455
14167
31730
28842
1946
28013
24123
32363
31167
6407
22679
3614
27540
2305
16254
7976
10361
16010
9590
30664
9279
19077
21220
3488
20884
6703
28706
22385
15554
30467
5585
27686
16026
15835
14193
4884
23466
4439
7215
10624
9143
2946
23037
353
9575
12979
1768
7528
19005
13746
5286
28222
11978
13084
2671
29965
19234
4105
4367
28481
32654
8683
1336
28560
22912
12218
1052
2103
9420
3662
9787
27271
7444
23564
23674
8097
21380
8132
9078
15998
7360
20186
279
17202
6939
32420
104
27505
14602
17684
8102
15442
10200
3223
25751
5459
13979
24380
2844
29853
5478
27929
522
20618
22720
20971
10806
10853
20821
24060
3023
15985
3052
26186
30193
29996
3481
24549
15478
31188
8244
19097
2064
6699
17161
11981
27797
21368
5073
12971
14745
12494
17378
2689
14658
24208
28066
18535
20824
5941
24129
20259
15004
19785
10152
27721
16987
14004
3756
23975
19010
7487
10632
17887
31348
6228
17034
21590
23002
5125
21260
9293
16570
18769
10918
5966
22924
2978
5794
11978
9225
3993
7600
10496
11908
3854
9179
25888
31101
28243
2748
21169
14708
18105
8686
28720
27387
31318
31682
7418
27919
13573
31283
17004
5544
32429
10268
6216
29839
17095
12968
2138
14448
28954
5898
30044
27184
7113
22639
26904
29312
13968
21041
28108
7603
23371
31310
5842
4556
14264
10264
31872
27356
2173
13102
12110
29067
17773
32426
26166
8180
25351
17564
27745
26806
19775
13752
4607
29767
32642
16715
9335
18572
24052
6516
12736
3751
13308
18320
6926
27409
31746
25846
15026
7144
21623
19429
8507
20874
17942
21690
11746
30050
16234
29542
1573
21250
27025
18720
12465
22386
14911
32343
22405
23240
26374
30955
30037
10233
7636
17052
29228
14063
9917
13251
29526
19676
21242
13888
25213
30413
23858
13491
28690
4738
7929
2543
5359
22909
16279
1195
22330
8793
16394
21371
22156
19549
2126
27903
25426
2385
23003
18522
9588
31120
19312
31206
5685
20063
12815
2087
20827
26237
6984
3325
399
6396
15547
30493
27654
8782
31961
32705
24417
26531
30954
10399
2514
1139
11348
22040
31361
22102
7450
22963
21038
31516
12707
201
26391
29978
5053
31618
24604
27074
17633
12288
2849
11895
18361
19929
29364
6047
735
13771
30447
15865
16616
2475
28064
11824
29089
30879
3496
14001
4248
7053
10657
18362
21726
30163
32196
6580
3596
28217
5385
3523
21124
21539
2447
31899
25337
17676
9279
26517
26418
1583
8109
16386
26634
9863
4670
14527
10940
31994
17296
22026
20829
22226
28950
12179
25770
27244
17923
6358
11012
25140
2666
9129
28857
5073
19875
12561
9605
14236
4080
1114
29529
13399
12128
3175
12890
21276
7156
22342
24109
28563
5889
25607
28786
30824
469
18127
17550
21500
32669
21288
26798
32091
28295
16539
9
28015
31779
32129
6757
9331
22799
9238
9436
26537
20435
17871
22496
1872
17162
238
18045
16593
22211
5203
29406
4409
18726
26005
3091
3051
15963
11601
14609
2455
935
15810
5370
17254
3544
6034
16543
11895
14052
16624
11588
11151
32461
4835
1187
24332
21447
28894
21043
17691
9629
7828
20905
22059
18513
10253
1727
20386
27139
4090
565
29902
8211
14406
30742
23582
20362
14573
2877
7314
29878
6417
29207
28528
3605
7755
22699
6713
11893
9791
9175
13531
31320
15987
31196
8232
5277
28257
13341
16519
15965
26570
7715
20713
11796
4430
9701
25087
25089
7994
24902
22955
29135
11937
3296
1716
9076
5806
26624
7357
18266
25656
4593
11384
8124
13207
19582
27671
22356
23734
18354
25603
19251
9578
23266
21457
11248
28162
20206
25458
14852
3104
7619
29865
8565
18375
19236
10434
14514
11956
15019
28290
9918
12786
9994
11354
13457
16809
7831
23263
19900
23351
10504
9087
29771
15745
31354
22380
11247
14219
22457
21213
8285
17735
4027
8310
2801
28331
11885
28932
7063
7430
19635
15214
26859
23188
8617
6377
11167
12368
14640
12650
18717
5641
29606
19553
29038
10424
13044
22948
21595
6929
22734
1705
12754
5208
31286
13305
18827
29046
27714
24289
28138
7244
3616
21355
15912
27975
29783
14989
19374
19253
22863
22687
11969
32087
30484
4114
20068
25527
11863
31840
24442
2491
7862
14655
24364
18171
5181
10778
3210
25168
28204
21953
9589
27437
25338
10848
27324
15667
17819
15790
12165
25087
12287
23910
30703
17735
14043
1019
27381
28453
2731
1416
7062
14514
10744
2309
27954
11991
2262
8641
5944
5984
20914
7436
3070
19538
9034
22580
18160
24959
28669
12980
17901
18519
25157
28839
12782
26113
27266
8579
31465
20395
23033
24323
27381
8478
12060
30821
29870
8597
30476
24022
16603
10959
26716
24619
16206
1635
6936
6353
16140
13652
517
3591
20910
21989
2347
26442
32263
7086
32145
17937
1543
3568
8776
5819
17375
38
5802
28102
25190
30940
29156
17729
29884
31428
14258
11908
12589
25607
2666
19486
21336
22489
15932
10255
27024
26192
12728
14904
4482
26230
3984
13071
26648
13981
23968
24215
12446
22258
32043
13200
30500
4693
104
25322
12835
10600
31037
31616
10083
13286
9546
30211
6171
11319
6953
15668
30811
22849
23796
1623
13735
2688
29704
3556
20708
23129
31241
3199
20345
27307
13095
30762
18350
20392
7583
26042
3159
7395
6788
7815
15287
18601
5055
15976
13727
22933
17237
28127
15574
4703
32744
3216
18365
4085
12929
24568
17459
3533
22924
6747
21175
17529
15652
19966
15564
5756
14481
8343
10914
32604
15631
21250
23538
30968
29137
28981
26666
19228
5446
15990
18890
31059
923
12748
14606
17148
1665
5811
6605
27040
21040
9747
161
12675
21420
11123
4936
20601
13383
2666
18506
16123
13927
14423
18908
8058
20361
32338
5
12275
9094
5987
1535
31172
17685
32497
3808
13246
24466
893
32122
2683
11774
29072
13183
17138
25414
27377
23529
27464
26568
15900
13464
3562
4115
20976
6973
6872
12526
31144
24952
31556
13469
17676
11325
859
5471
8424
25212
13923
24891
23486
28417
4358
11004
25272
22937
19949
3195
19168
31606
22673
7708
31379
21204
25166
1947
1843
14813
19898
3593
6941
1226
25652
17169
30683
19276
2496
14720
26778
24874
25362
25349
14558
16939
8680
31540
884
30006
27549
9169
28073
10936
3579
5708
8889
6726
30290
3720
9098
25476
7878
21216
16026
30277
26093
32108
17462
17907
1178
27264
19182
19506
5619
28790
6213
7872
26058
17582
429
7327
31018
12754
22962
30327
1327
863
15733
5686
18459
19041
22108
10745
30887
24446
25608
22063
16279
17973
8839
21243
28561
21864
24779
30939
28463
18712
23387
136
2387
8561
12105
31261
6075
29446
31076
16250
15317
3165
30126
26091
6612
5294
13073
29445
18947
2024
12109
22737
29785
13301
28469
32045
19022
6975
26395
20590
21230
24691
18313
14154
15660
8069
562
19446
11384
22516
6951
14987
13204
19535
6734
15534
29091
31480
12561
30832
1411
5160
26707
18035
19292
4403
27304
9039
6265
20749
16069
20531
26967
24077
1589
26320
13820
16626
5198
25714
24714
1316
29028
28784
29204
21052
7740
25031
6576
16069
11203
18434
8654
16452
31488
31581
20424
23671
14664
30761
25018
32731
27825
2418
7827
7536
9417
1760
11372
31680
9095
10715
8473
21278
4737
15858
254
8492
6240
12414
8228
21920
25233
17282
6541
15431
30526
26582
20676
18506
25469
645
12727
9392
6599
8563
8905
11812
5291
25411
23844
14840
4547
5751
8012
20075
30952
21465
28154
12327
17314
6170
22311
26894
30946
8378
27495
11318
4340
4135
24952
15154
21935
7465
6171
12436
4847
20861
27170
21423
11077
7105
2251
22946
25836
14480
20556
14226
767
14061
19119
27190
32490
7141
21728
22169
30239
26992
6661
10267
8202
3225
22797
20409
24646
30430
10380
2191
18705
26330
11462
1435
8701
9249
29705
11460
18153
12908
27969
795
29488
16374
11462
11872
19744
21285
29560
12232
17838
31597
11278
15357
8295
2418
21163
21607
14250
4716
31410
1450
20757
17104
26332
28528
5693
17453
26504
31080
1442
14931
29522
22927
28642
7099
11750
20398
21804
26915
20759
14883
14072
2169
11307
26597
12789
18170
11641
19395
29763
18075
10807
29932
25571
23208
22669
28852
2412
6059
12269
31125
4863
6799
9127
6004
892
19205
27576
5414
25078
7463
20451
28467
32101
5723
10500
8154
6299
6523
3232
27733
4730
15923
22208
5982
24163
14250
1536
7409
24817
3684
7651
23380
1256
12647
873
19797
7272
8860
2020
14803
25191
17017
5639
31871
12382
32477
13632
19428
15425
26939
22344
8357
29365
30715
9208
8710
16766
30493
14174
15278
26166
27680
1552
16556
5445
28962
23488
16311
3341
19272
10257
27834
26981
16480
3497
17296
19273
28613
26503
18443
10447
12931
14487
1852
22877
18108
14724
15854
12826
19019
30926
18548
18082
18598
16668
16293
8702
24585
14803
26404
3027
16849
30183
20709
11737
4646
25842
23020
11663
27356
23171
25688
3630
1435
8120
29345
28379
20798
17167
2078
31008
30330
6777
29386
5021
4032
11184
25159
11515
6244
28363
28707
13090
22270
7952
32091
2732
18193
3593
2333
6809
17898
11482
25810
16452
1739
16337
26972
16277
4681
28735
4508
889
21747
12422
7736
17039
308
9844
9883
23589
18555
4047
15165
354
12184
21809
32036
32452
618
16150
20139
14798
10935
308
386
14074
28251
4107
9718
15349
22693
29884
24434
25099
21246
4894
25158
11488
12491
5647
32424
31074
12949
30216
23800
22779
17511
19957
20297
11531
31608
29251
23580
5781
5898
32314
26222
3641
2194
19341
5878
14434
18201
2095
27304
18880
29154
24169
2685
4089
1613
25386
20598
29339
11515
16030
7647
86
25139
17153
26321
23656
32133
26038
5882
8280
23725
20115
13216
1511
13754
29056
24292
27972
21615
26176
8260
4991
18153
29326
5732
3392
15746
31340
30222
22969
8694
19128
31351
8665
10692
29184
10948
30658
26583
7063
6348
10878
8550
8424
32032
493
27161
17675
21577
30466
19309
20118
24912
15407
31577
29622
14724
10782
26162
19582
15735
25762
4044
16254
9034
19437
4066
7320
30250
3587
11703
23055
12059
27759
24318
10209
19188
2612
11767
19799
427
22022
19164
1242
723
25786
19579
18952
23395
20476
25636
19975
26809
27968
2245
1561
31967
28923
23892
2161
6156
21010
22125
11078
23406
402
25405
6693
6438
19107
7582
21899
9621
28343
17795
20659
19926
20999
2967
8621
6027
19520
28449
30640
11741
29049
13099
19377
8126
26473
12003
32564
21361
6871
32065
23907
21325
26961
20458
12893
22462
4897
26965
27856
12940
2429
556
32202
32608
27902
7669
27340
15748
20564
4849
17953
14058
4919
18756
365
22640
27040
30039
20105
24418
25402
20859
654
64
1811
6863
12080
27330
22424
21859
26190
20250
21184
7069
23494
18553
17031
31964
22926
20692
29086
12124
14849
8680
6241
6490
23670
10108
5641
30072
18455
26342
18979
5730
28913
32720
8769
3506
21319
10812
12271
14865
22828
21958
23272
159
15953
20009
906
13718
26139
2309
10632
30762
22520
224
27359
1459
22004
16746
28427
18445
16775
2309
4730
9023
17073
9092
26177
18012
25929
25139
22542
935
8339
21784
5725
29690
32016
10617
1263
26985
19610
20895
21880
29986
10416
23001
6297
1175
11022
3779
23309
23008
5248
22727
8999
25434
22009
28901
25212
13973
12255
21168
12253
12909
23466
3993
23944
3190
29613
26480
16286
19870
3379
18984
14040
525
14542
9947
21366
8272
23788
11277
9337
27575
7851
23861
1810
22011
19695
8570
2650
9252
433
12218
15171
23210
28058
31696
27855
13531
464
2327
20608
11132
27664
17962
29455
20147
6397
21998
29025
30501
12471
27091
31158
4699
16816
4438
27940
3690
3515
8907
13636
10451
11622
8537
8747
9384
32138
17478
25755
11248
2848
884
30843
24653
29014
19756
4997
24284
24035
18715
27711
15197
12183
19610
27948
13972
25398
25651
10307
13294
17030
5728
7840
12904
2471
17301
12410
19629
30371
18305
18773
1150
30534
16274
7288
23895
26928
6839
1442
2640
8232
22121
25081
13121
9907
3308
30019
5417
27877
14546
12120
465
22904
20930
26071
684
28955
9847
22041
8962
2060
6155
867
9549
12777
6774
17760
10212
25540
7762
6862
31958
31861
18401
5239
14617
10036
5968
27747
16100
19559
26173
7500
18265
1208
24184
3666
12135
17003
19974
9968
3055
9454
31852
24367
18725
10930
25898
8217
22842
13626
31621
2161
13880
4978
23433
27041
15149
1601
3151
4340
6283
29537
14204
12549
26575
14959
31242
32632
8801
24638
12875
23271
32699
1137
28458
3359
32462
21833
25781
32141
7841
30139
2520
26611
2620
2502
17259
27487
15300
23811
16496
1374
23271
22398
27541
19821
23163
13508
5633
1200
6497
12605
16204
19943
2736
8636
7887
8605
10511
10581
21023
21154
14691
367
21716
14012
8363
2073
9615
18330
20775
2210
15419
20489
4800
29283
13714
31083
10916
29152
22499
19812
9777
8208
21779
32726
19732
15352
28131
5392
32434
8831
23152
14402
32455
30845
7168
22068
30028
15125
7163
20536
9631
10821
15416
23390
8414
16827
15482
24550
30611
13290
6459
27899
11927
7006
18344
5278
31536
22092
29420
17376
2685
16494
7857
27476
22548
16141
21220
3012
22505
21344
13497
31523
30578
10004
12528
30147
14856
18220
6998
20424
29841
267
26510
23261
27740
5583
24337
21541
23884
14305
30836
28276
11065
1738
13290
19648
17043
32073
8457
210
27720
1442
29137
25153
6376
10296
16106
20897
26376
2142
24877
15352
26852
9067
1126
29297
27976
1548
22360
10837
20400
27615
32002
14646
5038
32061
8993
24942
20364
8023
25078
17096
10802
2692
18761
17276
28747
6873
16046
1377
1188
3835
4359
15198
12244
10545
25930
29473
4898
26301
24709
10004
17059
16749
13087
11405
19107
12141
26976
21062
9286
21855
9523
17164
23919
7853
9515
187
30689
12318
15557
2921
17317
26792
8685
2274
14507
25734
13251
85
5044
13962
7838
32332
14958
19379
337
13537
10977
11522
30638
27695
31243
5002
11849
22280
9671
711
25471
8166
15860
23856
31158
16931
10450
9999
32485
876
1711
27537
19800
8563
30916
30745
10669
2020
20314
25050
547
8859
25393
2469
13076
8212
7713
4607
29887
14370
30466
31607
22091
19172
25802
23351
27145
27637
3317
24536
1786
11748
12586
6267
17297
16868
8219
12821
3513
16324
11693
7946
1050
10785
30297
23806
29848
730
29137
19687
9245
964
6375
20839
17305
20383
8875
10074
13895
12105
7380
11435
3377
12082
25442
2411
23542
12560
15233
28452
19147
17876
5551
25194
2496
25564
15137
17076
2373
19818
27235
1130
7148
15189
10048
20799
25968
8190
16865
705
15095
5766
22841
11054
22676
21054
23712
8330
4112
8799
20669
15854
21738
24060
23466
20259
18844
19508
23635
23152
12832
23724
4383
15535
28595
17469
4563
19366
27097
20969
8371
29333
2209
4116
5866
32012
9258
1520
28715
1023
3430
11578
14745
12572
5150
28708
26596
19548
11830
17298
22709
18393
9267
12680
845
15839
26362
26595
7273
5445
29402
8008
12648
16382
25549
28251
32431
18411
7931
23857
1357
7667
13696
19719
9179
24406
25711
2100
13990
1342
22039
3676
785
12952
2181
28903
29236
5153
32074
21425
24265
1732
5758
26115
31305
30755
17668
26563
3410
13684
27664
3815
5964
7310
7655
24879
4428
25411
5606
22036
22584
26865
5062
21756
557
18004
31774
25519
8989
3998
25129
6414
17597
31946
24266
10243
5534
27693
22733
5812
5017
29518
8816
30204
13681
29175
4130
11547
22452
23436
27786
11692
28898
10908
28107
9176
20689
12982
4103
30410
28496
17534
31010
11618
3595
22527
18888
2862
12719
12611
32689
31126
13902
13089
19747
4438
772
21591
2489
22578
8411
27353
8292
1764
14572
16744
7855
27482
15815
11109
18759
15134
17429
2792
22970
27158
20092
32013
18815
22893
4291
8334
20023
29393
28215
10903
27442
991
14157
15829
15413
28123
27272
14289
23930
32165
31901
26748
5369
32744
27606
26634
8422
26005
8884
32516
20347
3216
28120
21657
17399
169
2339
22326
3303
18637
2077
4950
28580
5245
7571
27802
3357
23936
1669
27932
17366
20949
7231
7937
29489
6636
20933
9293
1005
20246
8308
251
23020
13881
10215
19278
4921
4808
1304
13922
14409
9714
9415
11014
16769
11802
5408
25294
5625
31368
6808
14691
26496
26462
3096
10270
4064
21965
14941
8149
21347
29832
26271
13557
11413
27769
3184
20945
1356
17844
744
25402
230
6313
14591
13136
15314
24477
4410
26263
9298
31835
8330
20302
20606
17958
21617
2812
30093
13299
17510
7755
25680
30421
12923
793
12031
6329
32573
23757
23608
29523
5339
18151
19269
4952
3467
29148
11678
23534
6442
544
14766
32353
26146
25988
31450
6679
4497
4802
25280
6342
25256
26454
32700
6884
21841
6032
31921
2143
14356
25832
19974
6543
24891
3729
12270
27753
16180
12369
23021
31221
18488
911
2968
2
3370
13998
22172
13080
29634
20121
18945
19630
23530
18079
25264
18845
13416
25218
25907
27861
17086
26314
1213
23118
8782
11103
31594
24130
16066
15447
30663
13466
19883
32013
917
25766
2920
371
18378
1296
16202
4521
20953
31763
19190
3022
15923
4072
18698
6166
27662
23425
32515
25372
7781
31610
9822
21114
11840
1869
20733
26520
12853
10949
27853
17601
16175
29621
10918
2172
9838
10217
19570
29465
21711
14173
7826
2698
14158
7853
8317
12404
18633
19917
8362
24198
11527
26362
20401
32010
31992
27120
3757
1977
10302
8030
31972
29908
4077
22679
2218
4720
16015
22410
1922
19986
24940
29428
6535
6779
26376
19156
23562
26565
26348
8480
12157
25007
13993
10934
5263
26678
20507
27797
25753
30309
27883
31053
26937
27501
31575
8884
5948
27128
20534
29659
28866
16827
14902
1856
21148
5962
23145
3397
12537
15921
26112
5857
1858
31040
13654
30870
32578
5414
17456
22947
5002
4418
1859
17274
12564
19125
15094
17780
7206
23996
3946
196
7289
12605
21943
12458
13467
24735
4729
745
26770
30687
6540
21626
22466
13792
5907
9858
11793
18691
10687
24450
12360
14840
29262
11469
26556
30932
15441
6208
12591
16483
9267
9773
13041
17343
24183
3992
32330
23073
1089
27814
24605
7416
2328
25426
9413
11320
15850
11874
21315
3317
1360
4249
9115
22064
7444
2095
13435
8177
8433
22142
17438
26774
10905
12286
28784
25706
13053
10355
17011
27513
6344
12133
2273
31139
28716
12497
17939
29936
32738
11806
13601
11811
3948
25426
10827
20370
27294
19590
21143
11828
15964
8088
5820
12540
12965
3615
9535
16997
26065
25508
26588
79
11542
21519
26663
7689
15953
3679
26483
11439
9987
26526
11763
15798
13466
12820
21791
5061
12787
5308
4441
21958
7708
30452
16081
30782
16478
21624
13734
20697
15739
3473
10574
2122
4660
1930
5943
24145
5902
12644
2222
29725
29014
16587
11265
4309
5475
15176
2272
5234
15899
8119
21513
3279
32185
17404
9765
8451
19405
15090
6636
18158
13443
22180
5520
30482
3369
6848
17241
21156
20972
13128
32140
28643
4322
17291
12690
16553
1614
8532
32342
18240
19999
20577
4591
3446
20153
21014
2687
4596
16632
7539
24155
8139
31090
21316
3948
17488
22269
663
11733
22314
31346
4467
28117
18601
11184
7623
21743
10842
4067
27297
16969
9688
5382
11680
22099
21988
13990
20652
32168
13752
32745
31716
9017
6809
28368
31704
19880
27564
7353
22521
11250
3082
20520
11598
21841
11030
23494
8552
16481
28431
28330
407
13697
11745
14808
25182
16508
10305
3847
21285
25961
31480
23720
31278
7375
14975
11043
11466
23309
27853
32612
22477
9977
21869
18070
19519
968
18387
12078
17492
12846
29680
4908
13470
3269
24836
22429
15746
947
2740
25957
20713
31624
21596
7995
24631
4965
18086
30965
9857
5731
19292
5126
25339
7218
23418
1349
6063
7425
21384
10224
8309
31902
25126
8688
13855
20703
17641
32094
12788
26432
18277
31559
9568
19917
14475
940
6633
25411
18998
22221
3429
12914
3840
25512
32362
7397
2650
26556
7431
6341
1756
15378
29617
1531
9945
29566
7296
24213
25399
11811
22172
18027
27773
17973
4082
15874
8750
14851
14123
31920
5206
30516
27102
13825
17250
27472
21252
20058
4660
32131
19885
17116
7799
21918
8178
18571
29488
5215
25131
26288
18838
24818
26210
4220
19492
28599
13319
493
4076
26182
27620
25590
14382
16561
10324
31706
30761
7177
11696
27097
26417
2595
32523
15118
23298
21147
11039
21144
15444
17690
25990
28152
2480
213
16430
18618
31873
21846
6407
9048
1134
8319
4094
12635
3303
19916
6447
12995
16638
23256
32598
15529
16761
1315
27271
29987
293
1298
16160
18024
15213
31287
26875
19764
14634
27859
26344
1646
22461
2201
10842
9
1628
29877
8032
4392
11689
27917
28887
23941
13705
199
23775
10259
7475
6667
11659
14562
22919
13066
10717
23107
28066
23615
4849
12590
29103
30708
376
29920
31743
20233
14184
18888
8285
25329
14834
17316
31131
8445
18357
21224
29041
23261
32561
8543
14984
10340
18814
8724
12497
5771
23869
22643
5147
18361
28112
6828
20709
26945
23238
21336
19312
8748
29593
1631
24857
24378
9116
7449
5094
8227
6703
15795
5215
10786
17205
12757
7583
17332
9160
8321
22442
23966
28459
7999
13313
19757
26623
24183
30836
31681
25018
29982
27704
12173
30294
3988
23353
20888
17478
1485
25521
21767
18606
7344
16890
9119
10707
30396
3745
13190
1489
30705
8891
10825
6540
8430
5756
12579
21480
9559
3589
24189
10557
16761
18558
22705
15109
4913
9573
5651
10200
31241
5157
24114
6043
17061
8683
28763
22516
8542
6581
29535
7424
16428
27308
4758
14921
25545
18611
27684
26610
27667
15168
13435
26677
13235
3690
13090
8464
4860
23108
31924
32314
2581
5226
3627
12124
22107
24537
11614
5758
30465
3844
13001
31423
25849
3108
8333
21322
536
7119
10935
16005
885
11724
5317
31116
23314
12326
2151
27613
25790
6271
18818
6997
23097
6055
27514
7259
21146
11117
27569
21083
20718
693
21835
5238
9762
26571
21045
2679
10787
9463
19813
22025
4163
5970
2659
23592
23263
25559
22024
17110
12862
701
13445
30479
8893
5381
12456
20222
1577
14415
12379
7281
7277
19697
29294
17291
5997
25162
6550
10680
7729
15700
26805
4326
2886
11641
5211
13043
27233
9128
19853
12641
31046
16295
27078
11601
12264
18347
19516
7087
5074
15910
29796
10666
23237
2528
21944
17767
8355
25673
23736
7926
13451
526
17711
13701
16710
10730
9655
17619
21730
11711
21631
9960
2972
31205
2380
32260
25092
11969
24766
15061
29275
30874
9429
21228
8512
6569
32435
15218
32140
23151
30116
31767
22394
21580
24411
28236
21259
19020
9599
31922
31144
1092
1126
30418
3849
24606
10016
19726
11607
3441
17591
18647
27789
10069
8885
5409
6436
8309
8423
11028
15855
13669
12897
30469
1348
22838
26562
18852
13660
20552
28345
26999
19452
28000
10952
22663
32085
9466
19272
8793
6698
27361
686
17951
8496
3580
17164
4400
32698
1643
9179
32182
17813
27091
21751
27046
20529
31221
17131
14838
12546
390
20591
15882
21286
29498
18735
26479
9288
32547
29134
10699
17604
4665
22827
5908
780
29754
20195
3073
9802
30644
8983
190
19527
28767
4975
20964
24203
25521
2398
5544
25286
10157
3496
20819
10862
25596
5410
8946
9642
10558
2745
13134
23919
4770
15030
1054
22760
9652
833
28284
29212
25719
28195
26006
24011
17844
6096
20902
27288
1937
1956
5924
15214
4197
23917
7737
284
20939
30762
28280
30530
25078
31250
13001
10353
16196
19928
14757
15758
29205
4398
17801
23671
221
2184
16804
23017
27256
34
11987
17058
6846
15940
23760
32706
3416
27333
17319
6775
4818
4046
4457
25305
27632
6112
16419
32275
12102
27928
18449
8132
11523
7602
16912
29349
17678
10701
3666
29803
25428
24173
21333
18671
5728
25030
26902
18572
29740
21688
1154
19912
16694
11670
14125
1591
3543
12331
5958
19101
15824
9983
9163
16979
11814
16854
14585
21996
27953
15738
10503
13591
14575
14522
19731
29639
14238
23219
8797
658
7817
11854
18355
1623
15138
22282
28460
21284
4689
764
6169
3671
2572
15892
9529
15363
20776
2721
9004
15253
31086
25367
21290
30647
30706
2320
19957
19828
32672
17810
21260
28317
27160
32400
6178
17260
8892
17843
11470
3944
18438
17498
18052
23944
30496
10463
2244
30619
30126
31004
7569
27879
11758
28205
12837
27665
12548
15736
11235
29757
13199
29419
10637
8565
14464
16517
9399
6223
24108
26392
18300
21706
416
7245
19055
24698
11316
4584
28372
13285
32611
589
26897
18220
4825
26179
20319
5614
30926
14329
24773
6761
23699
26439
14407
994
28522
25397
16475
11335
6043
23745
31388
4372
5572
9949
28610
21363
5233
22456
23506
935
21996
3902
27282
15274
29783
1762
6208
19733
26615
20123
2691
1601
18387
23340
30114
21164
30846
18857
25076
15006
15665
31799
26008
1548
24348
29715
9829
1724
24318
3286
14372
19882
25844
31991
11005
20395
25230
16273
24112
15696
6952
19302
27398
4621
1656
15141
15366
7834
16739
19176
9323
4762
277
20225
3030
18811
15440
2038
577
24221
32516
30666
20532
19638
7201
7294
22331
7285
12713
13272
22167
26213
13065
27747
26676
11285
28073
10167
18907
19574
15298
12794
18089
6020
22896
4775
21696
17704
4104
23182
15164
21341
11179
4893
21609
3987
28443
13021
16435
20304
31182
15167
6877
7197
21569
25497
3062
22176
5775
30060
16777
5382
23874
15848
11157
16548
105
14514
3004
14045
16619
22500
11583
28998
24602
3414
22826
30984
21899
31004
23244
10630
5926
24911
10346
1600
10105
22289
1077
10231
24145
11467
10616
1299
8076
8633
23062
6465
29737
26281
24628
12384
14753
24575
22579
22686
23418
18685
22241
16350
19225
7233
16368
94
10712
25999
24743
8342
22872
24785
8919
19043
26137
2652
27665
32100
71
1141
32022
16548
30423
30228
25999
6010
26835
18152
24574
15790
8434
23706
10741
28381
20332
15702
11398
15647
5644
15240
2298
15078
6791
3811
24005
31786
4876
32424
22458
12995
284
293
25468
27158
3740
29820
4917
9715
16681
21669
3210
26814
30635
4790
4814
25805
26157
29026
373
23826
1004
2752
19148
30970
8109
25422
20200
3988
3668
11830
7900
11766
10163
9936
48
23773
1440
9063
17550
27027
14666
17728
18877
13846
27341
27096
13780
21622
5891
16750
17319
29055
24477
11969
13190
21144
8563
21531
13351
27371
17689
29070
22496
19398
32179
30846
27161
29761
27146
30816
14594
17442
19423
18624
10113
5629
18815
5257
7023
17568
28055
10881
7171
8110
22858
14099
13454
5001
23681
19281
28521
2165
26754
21817
32044
15611
4293
27959
23585
8076
3586
7404
5113
27495
30607
814
22973
3261
9961
31056
12295
4114
31121
7587
22385
8422
25881
26428
9038
23445
4478
9976
1688
30332
28088
6590
27946
1629
29328
28676
13615
25092
1970
28309
23771
26923
16131
3217
14425
12956
23092
12981
17412
26005
20120
32732
26329
17008
15154
14022
14636
7811
1299
14617
9115
22342
3555
13221
27201
179
14525
24556
30764
21235
12608
32482
32528
6966
10466
28913
16188
13283
32392
3904
3022
18417
1108
10805
24355
26004
22462
20793
5010
9245
32743
18363
5210
24859
17961
19319
6872
22727
31987
4088
19454
7583
10452
4955
18944
13136
16341
12375
3664
20697
29452
4474
8141
3566
13934
27061
31032
32666
31461
5659
13287
2089
20131
3302
19133
24133
22453
15803
2393
3935
23771
18223
31630
337
20631
9609
28947
14145
4740
16073
27004
24008
23273
28650
31849
25171
1166
32613
4606
6602
10446
6390
32659
14960
16878
13986
23724
11531
18349
6905
9259
31044
31260
16537
30148
20816
20144
25331
2994
208
13206
1106
14504
17142
7494
5401
523
17386
4699
8267
10846
20844
10658
8529
16382
32442
11889
26360
1039
16308
24378
10170
15798
16190
31327
11070
19848
29926
3400
11554
5443
15815
14772
23799
1980
31916
25932
8077
29977
1401
1918
30065
26432
22471
2440
10933
8848
27855
27859
13295
7886
7305
11139
23684
3170
24085
1868
10791
14787
26457
14983
6556
27952
28652
16261
6338
1697
6962
8739
25040
32253
19913
3998
7135
4493
29220
6313
25769
14513
28790
22973
10128
11985
24018
32177
26082
10903
9872
20106
21595
5467
14322
18580
29163
22239
27912
25522
31674
2365
17104
1778
25194
10525
6050
23140
9372
5675
31179
27437
12981
30665
18809
21975
16354
23040
12759
27371
9305
5821
15736
450
13538
24378
2553
28056
13206
31162
24290
18658
15847
1913
11214
2785
23521
26339
12748
7032
5296
1540
23556
22843
11361
14656
2974
17864
28397
27204
23263
19546
11379
13116
7061
22171
19141
14918
5302
9146
4134
24871
17220
5566
2898
7486
8819
26906
15551
2998
16142
2689
25891
5631
6679
32507
7478
14974
7854
4665
6841
19843
12083
16165
18103
18044
3503
1726
2315
28009
9072
10531
27938
31888
27636
29933
1026
2674
1801
8386
10123
20477
13873
25384
765
7939
18763
15510
1211
7403
15984
10193
7503
5543
6428
9334
28589
31462
13454
20434
22204
25482
5489
32762
25618
8028
32443
5400
15359
13054
19926
29956
29390
20514
25086
25876
20295
7674
4842
13876
5753
26095
31406
30521
17590
30870
5856
8562
22494
24288
1273
29568
3809
11153
24063
28264
17023
243
30049
10471
15186
7883
32547
27910
10511
3212
24890
21485
7945
13259
13370
21500
14838
32499
14126
29976
21238
20538
15047
8003
25553
25811
18362
14192
128
30821
1123
32405
2544
15549
7598
26369
32258
31168
14135
21488
2262
27043
9904
30557
15177
9566
32388
16919
2748
13661
11193
6679
32280
6777
11035
19217
11278
25384
6551
25929
28324
8432
9189
32424
28653
21026
6506
2575
29719
5060
9820
14571
1196
12239
31015
6922
24849
23451
22287
28845
22611
14999
25623
25310
28706
31037
8738
5635
32030
5189
27481
19124
4178
8217
27596
202
24062
9354
24156
20664
410
24769
4312
28447
17175
2936
29542
3740
16744
25450
14117
5093
9793
9223
16400
20500
18207
12909
28198
13634
22408
5780
456
14680
4244
5320
8034
23330
29100
31581
13901
32165
32402
30878
20212
3507
7841
3334
1078
9660
343
28083
11276
9191
11280
27415
29548
26209
5396
12273
29037
8693
28628
27771
30123
1758
3697
16869
5613
10201
31870
515
16133
22398
14087
5955
19704
28623
9682
10465
28255
14354
14820
20318
22285
23772
21831
27950
1522
11887
24587
32689
8767
6469
11915
31844
13259
3309
7410
3673
15030
17686
1021
18404
27212
10474
27394
7320
2860
13469
6961
14193
18601
8517
30746
339
28016
16108
16751
27571
21355
13539
8715
21396
2790
7258
12340
4278
31985
10542
17181
1290
3333
21762
16815
16488
32234
16529
20105
3204
7639
16194
30022
29983
32220
16638
15614
8314
14461
3646
17423
3088
2976
2664
18717
388
18857
28763
17751
22489
26083
15688
31740
21729
8226
15813
8990
17144
5030
28956
2471
3826
11587
14057
24217
593
19647
31460
32154
28091
5500
21243
25775
22444
12886
17316
14152
873
4303
7793
29309
25653
22378
12004
13975
20678
6996
10630
18898
2810
6473
4403
14433
28615
30134
1720
13747
25456
18459
13984
8949
19967
30132
22858
24280
15343
8024
31039
17044
30505
9889
29635
28717
11314
3661
26538
22004
28578
14820
1645
2898
14296
20635
31613
27329
7916
18297
24023
3355
229
22200
24537
2583
18988
24174
12628
8720
2625
32365
18402
13577
7853
25959
378
10991
2616
6998
21825
12573
19547
19226
1699
28966
19704
20324
3747
9422
12361
1748
12143
11097
10007
13150
26168
1033
3884
26866
12096
20962
30730
20316
20533
19632
24541
15209
7357
17227
15535
25419
26962
4890
9691
12862
8272
14550
12740
32620
11596
24208
23494
11278
12968
2806
1645
27861
15716
21970
28133
17032
27447
17875
7858
26094
14047
15248
17569
10990
24245
3530
26111
7925
6532
15089
24328
26264
3483
21482
12706
7803
15905
1040
32076
17265
25257
23161
13137
26084
23814
14458
23361
11384
16737
2413
31649
27115
9353
10161
31458
19008
9353
4851
3216
23324
24448
23468
32460
29552
19629
26603
31740
15960
11210
30037
5313
27971
32411
31850
9770
21845
16582
22794
28711
31753
20965
23607
28736
22299
17882
11036
21638
17317
3938
3918
6858
30856
14574
7251
12302
30733
8110
20065
9273
17612
25838
1639
17935
24013
2469
1874
15199
17902
26699
22665
27006
6788
236
12729
16885
32069
19323
21464
18295
21862
1128
29540
24342
11264
10100
6124
16822
10168
3269
5330
8641
27551
23605
32591
22812
23895
19184
17847
13146
5752
22334
19455
10288
1329
30365
12668
6697
51
27155
9197
28059
20938
11458
25532
3034
32333
12477
23937
9899
18873
24090
31944
20476
16537
2121
7188
14802
18473
19876
13860
12930
31162
5446
15476
12580
19800
7969
14087
1605
22443
23115
4452
1244
7963
30105
14559
14207
19511
24175
28697
30167
14680
8662
31690
28242
9601
25551
3262
30743
3722
24808
2846
16703
30334
11788
9969
11586
6209
10911
20962
30639
20342
22731
1604
28449
14239
4116
32595
23662
18054
15923
18109
27169
26077
10785
15201
8235
20513
28018
30038
18389
13508
6116
11055
19449
26506
12600
31869
26994
7988
3392
17814
17361
1884
9786
24725
12881
10656
29020
30626
22798
29186
25008
19572
25201
21135
3362
6419
27887
19007
10200
28131
243
21277
18881
12510
8984
31655
12913
8737
22172
12152
32556
2474
9234
29476
1856
29280
30806
5988
21144
5715
28614
10099
24207
24646
25007
5815
9474
9835
16390
29092
6569
621
8025
5598
4519
27315
31492
13725
18783
28900
2472
10838
31882
18854
13785
23192
17542
428
3863
14132
12529
1007
18176
5024
20087
21819
3779
23965
4072
10478
26840
30744
19854
13053
17135
15694
20157
23351
27686
27700
4523
13774
15230
1302
17794
25875
31376
22910
10932
18561
26748
21335
19855
7421
26915
14162
20241
29276
13462
26249
12285
6694
6861
25443
21038
29593
12189
7607
9260
14577
29412
18996
11005
12775
18695
18688
24126
28536
22430
24479
2674
29927
6765
18967
11673
29189
17559
26449
517
29360
16910
1219
11113
10138
27982
3404
14899
11340
19787
8031
31003
28266
28583
20068
14588
6712
13097
4955
3811
12381
5739
12483
14438
10471
24274
3514
6712
18320
11203
19557
3322
1343
18964
8082
27731
13010
23489
9116
7234
14619
10209
16015
30899
6696
9944
19341
25425
6088
7885
5489
25500
9034
25695
25777
3387
31368
5011
9353
8339
5669
21777
25430
6552
19730
913
12864
8419
20823
17808
10267
4870
27152
28487
2959
4636
3765
16605
26743
21924
18335
21724
5256
11407
30664
21218
26419
26007
29651
15001
10444
4563
2636
23272
31979
21896
24880
18795
19475
15171
19632
28193
28817
15652
818
30565
10919
30845
21145
18976
8170
16284
15046
16956
27113
32228
4446
22364
30735
8739
4814
31178
18635
799
1165
15280
15853
29298
19617
6796
4180
29080
8805
31966
9926
15687
15497
14371
21535
8958
8282
13063
16558
21729
30276
30679
732
12228
1941
19253
11022
10118
18819
6927
18125
19872
6513
22994
7973
9725
3694
6618
13898
15885
1023
32046
18562
14869
16926
19818
21566
19657
26242
20476
28042
19740
29473
10899
24744
24151
9716
27605
26616
24168
32250
3153
31004
3709
4479
31668
27992
10706
6558
3647
2367
24263
22277
24184
10124
24118
13304
30496
2894
29955
18329
22886
7496
25589
7782
13146
6295
27076
27651
23204
27285
13171
2618
24438
18942
9951
26944
19391
18769
15257
21817
25250
26745
22001
13567
29734
27053
22611
9759
6447
28053
24279
6693
27565
6830
22803
22810
3859
21487
30260
3402
7435
17069
5965
15435
19047
14268
15342
20794
22619
10199
7417
7240
9706
18241
27057
27509
30111
2221
23316
8348
15229
860
4459
26800
1848
1157
28703
30789
24230
20473
27598
29010
7280
21511
32414
22069
9997
21661
14033
11767
5105
20913
5018
15826
2817
11487
9263
31728
32331
21076
7456
8054
2548
26858
22503
29121
4209
19860
28864
17647
26362
24061
30395
13218
9788
22124
25103
3584
29519
18155
17585
6143
21735
25512
26917
31967
26830
13467
21397
7160
3474
26729
22816
4789
21627
20105
16756
10209
20415
15525
9887
31777
4345
25411
1826
9154
27608
21924
15943
3509
20756
18668
22197
23512
21927
20100
27458
4216
14905
3517
2568
13587
1756
16566
19899
24162
3833
30847
8506
12694
29066
27774
24931
20195
27018
22802
20780
17723
682
12663
5103
29532
1606
10474
8710
31244
13463
22285
27544
9123
7722
31628
7602
25803
12689
9473
15770
23172
20824
16149
3680
26987
1595
19432
29877
25147
8597
19636
19712
20372
25628
7597
26543
20731
31948
18731
8139
10019
29729
5642
16336
21866
22409
21841
10427
31911
14617
13075
28516
21283
22399
3731
25614
24037
568
7595
14397
20275
3587
24431
14024
11861
28053
8717
16942
11420
17038
8184
3373
19363
31404
30789
16785
14549
19774
1621
2379
559
11484
23732
11714
2119
342
26433
16750
20878
15850
30863
1954
8914
10170
18060
3753
263
24701
6752
12309
70
2420
14232
27476
1046
4767
16004
20100
21739
2610
3549
24968
12012
67
26539
18268
11769
21189
23910
2469
15085
30137
18268
17037
24096
2979
19282
6349
6961
25147
13934
16907
14850
10086
11861
32615
8451
27236
32144
18513
9396
15691
32564
6045
28773
2740
28098
3801
27712
29620
6476
25566
17546
18958
18649
19621
30246
31398
19211
23900
1115
31801
31231
3257
15319
5708
13941
21135
9971
5218
7729
5279
5944
14706
417
21936
26658
1944
23743
23266
24357
12299
22329
15167
19694
16207
4047
3475
21483
22956
14077
10365
30733
7134
15579
10439
23501
29710
5697
12787
20077
1793
23854
7446
3968
30096
20587
2538
27564
5720
30315
1566
5807
30642
26486
16112
26272
15846
775
28926
21623
12699
5234
2649
26064
4754
10953
13020
25580
660
10241
11964
1017
7337
19281
20319
25747
3211
15067
26226
1162
14938
20622
28470
5862
24209
11851
25114
22568
4665
23878
26255
18643
12125
31920
22296
28971
5565
17299
19360
4669
10182
23037
7697
26655
5058
19808
7458
24953
15693
9273
24945
28740
23304
21744
30929
22482
7313
9215
23525
7183
27826
11607
25070
30214
9176
7423
9953
29095
16071
23295
6077
6343
28045
11900
6427
20328
3764
7204
31750
17723
27324
973
13582
8291
17353
16728
2456
17788
3480
21724
10104
24796
25015
22017
23234
5400
1014
13993
21980
29386
2841
6358
16344
7570
463
15304
32001
16987
5096
17509
26036
17120
7106
25822
24434
14958
9220
10128
3122
16363
12687
24872
1020
2327
27058
3595
19635
21266
26781
7925
1075
13343
23577
30943
28828
15015
13942
11303
27372
32129
3524
9963
22484
368
31558
26293
8900
6125
3875
27998
28489
6951
11359
32044
29848
11081
24842
24638
14187
20731
3767
16170
5643
10539
30512
19172
23214
32269
360
15842
18436
29024
19121
30845
21517
7156
22575
15515
1325
18025
31885
19595
9602
7993
17902
28976
16501
4601
2087
11106
7823
9179
22315
5265
13199
31096
1478
12971
12985
27084
31887
17216
15728
17026
32024
16869
24583
8562
9575
11734
20693
1897
18346
21215
9607
2088
27174
6524
29370
15279
881
8767
2506
21691
18145
12402
18660
141
5444
10238
12643
29677
26065
8843
14425
18799
15199
24553
1387
5365
31189
5550
5091
20597
12258
25121
27136
1532
10478
26199
23184
23283
23376
19356
1217
24738
1729
14357
1589
19954
5904
30371
4948
1655
7960
22025
27110
4781
32752
850
20961
28034
4193
25453
8319
19221
22685
12315
29076
15550
13869
23563
2847
22094
31788
578
7967
14488
25523
25793
24488
9520
24724
15970
6453
32626
11851
27652
18240
24262
10545
12519
22288
5667
18419
6745
3283
21714
18755
18067
16108
17525
27085
4830
23438
18503
13933
29946
27786
16805
20127
959
3429
32206
11063
29445
1966
12519
15698
1730
2446
8770
31116
16754
10913
28127
9075
20924
13060
32563
27964
850
22704
10537
16309
14105
26374
32615
15995
9866
1194
21714
23661
30296
2965
852
5216
23634
10086
24797
6677
23692
11769
1447
5992
25017
26171
18367
18889
13532
12605
4033
5104
6176
18823
27362
22477
2307
3246
32308
11454
28090
809
16166
17925
12753
6752
5450
7545
5651
17670
18780
13947
14249
30121
25983
3372
4742
10119
27337
1502
770
27044
2
28872
2756
8217
32169
30205
23782
28591
31544
32159
30036
1964
16810
26703
16245
15853
18233
11241
4110
12597
6252
10350
30307
26053
21073
18754
10399
4141
4615
18072
3957
609
32128
6954
13576
28431
18821
557
6920
30512
24827
4484
15390
13790
4452
17460
15499
15973
24745
2328
3596
16540
28694
10710
2816
18294
4262
7697
19660
17876
27777
7904
16767
26013
27075
3711
17586
19729
10879
2117
16307
20058
19972
11478
5346
13668
22366
32410
23130
10223
23840
25198
10196
19427
26209
6297
31689
10211
6405
16897
31703
29220
7486
17823
5222
16768
23121
10800
15243
21702
28830
14381
23341
25685
5339
30718
9830
12777
12448
24683
24107
19124
27688
18771
18736
12209
1366
30368
25350
22581
6134
20346
1670
17095
15174
5563
6003
2097
6324
12707
28507
9431
24554
26062
4542
27720
15368
32610
27507
23315
11824
22157
8518
15068
29000
13103
12774
19630
19195
27091
28415
28051
28161
17636
4515
26978
20897
3614
28142
28633
8820
19522
2538
24555
12395
2318
7088
23899
32275
13164
13008
25738
21784
29162
4339
20622
1033
31082
30143
1923
10586
15386
25083
16678
12207
1191
5620
7072
24408
20910
20255
29343
10519
1396
2303
11435
3626
15830
17737
29368
18821
26755
8007
1527
7776
26472
11898
10226
28657
22892
31875
18648
1659
23390
4676
28693
9607
21803
24642
4902
22385
10069
1613
20140
4647
19616
15972
13759
6446
17423
28371
11140
16614
22286
10142
31490
30478
4081
3874
8497
13450
29853
506
32084
15460
22917
27168
23433
19474
24793
4436
3487
8439
31225
29378
1575
30508
30000
20447
10702
25983
32671
3220
19178
15036
7031
5790
850
16428
26732
23605
24691
1372
20582
5611
5536
6431
27769
26584
10410
21462
13847
7668
19633
5871
22660
1988
24377
9644
13963
14137
15232
31526
30832
9941
22544
16785
13861
2831
25232
20161
4544
21241
19935
18925
22061
7200
1636
24244
28192
7603
16543
8541
18254
20200
5636
2147
30173
19612
25610
7985
11289
16954
8575
22058
23144
23005
7710
5100
2944
30649
24675
27606
20695
17591
5534
7624
21339
19551
18503
17193
23652
12795
20625
19759
27367
16633
13121
14426
10476
23698
25281
6466
21826
4777
5744
26259
30065
22006
11325
9302
25584
9059
18548
21618
3736
5814
10199
20594
31065
12913
22513
28808
22828
24310
18855
9170
23368
25839
29200
24029
27801
26349
28039
32104
5486
7759
22782
4202
15730
24422
21909
6486
27613
10455
27243
14749
22507
16960
14515
25972
23950
11806
13835
1241
10847
29422
24842
9680
14043
32658
9240
9203
24524
12023
23171
26921
13317
12021
11215
11190
19026
20086
12621
19828
13231
30427
6639
16479
23992
21659
16474
5207
31073
29485
26429
4642
14823
20521
4065
1969
7
10666
7938
10660
17773
3062
17374
11792
23663
25185
21899
1151
22523
3950
6797
20280
12238
20536
11944
449
29927
28432
31475
18595
10812
2408
29742
7789
5547
27888
4949
12795
7475
20478
15477
504
1124
26931
1983
20898
7700
10844
8411
23245
18004
8854
12415
24875
14499
19382
1087
2762
5729
18151
26791
8670
12678
19605
27015
9153
28563
21386
27790
16696
22729
13143
23066
13304
10137
17910
18511
3433
27741
19629
23655
25257
6469
7221
22088
31188
2708
21532
31324
23683
24332
9576
19869
29586
13478
27773
22511
4135
7559
8769
24755
1519
24880
26749
22937
15019
24053
13703
27573
20204
7856
25374
23254
17434
30902
9365
13075
17339
17930
10292
29862
27634
4049
26587
12798
17734
15622
27880
21519
17829
6511
2907
30957
1193
18640
22584
8345
1306
31326
24365
7194
14259
28790
23413
29392
6953
12431
30716
12806
7529
28526
23236
23238
8737
3481
32647
25073
21123
14349
9630
30351
6726
307
21793
611
30189
1553
16208
6338
30283
29629
32305
18342
7495
280
30587
32511
30685
12472
26291
585
6501
28454
21141
6243
23576
24906
29109
28063
2768
30499
16998
23574
22543
5820
23003
3646
17987
29531
11916
12222
25928
25851
25051
8320
2351
21500
19704
24072
24126
3354
21762
5893
32311
4508
19055
7462
27358
14285
22445
10543
4533
12208
17161
9548
15626
16368
2001
29093
5683
20246
2741
22322
7449
3326
28019
7377
14579
20620
17844
29334
18004
32155
15152
10082
18024
1846
20761
23735
4986
25099
24247
11466
16058
31516
31568
30426
31550
1720
24906
17857
14918
15274
3219
1225
23748
20144
6209
30400
7708
16943
8054
9039
7208
24100
9607
11911
8319
25694
18781
20157
3831
21739
18459
21656
7528
22224
4864
31080
14515
6397
31888
26553
15107
16255
16622
12841
22355
12536
28045
11382
24113
22604
27655
23259
16321
11934
13389
27549
28420
8571
27137
28385
2650
10580
26912
16576
27974
9266
1508
22941
3954
18597
1001
30902
21747
17661
2190
23802
13261
24253
3230
27
21178
9805
4400
2019
1319
4847
7115
25035
18560
6900
15822
15562
9901
7216
11023
21867
8669
10411
9155
18466
3458
2969
13726
24032
30876
6797
6203
1765
3387
9961
10429
30678
2367
9113
18615
7439
13411
21249
9289
22586
30586
4403
9100
15392
30968
3686
2864
15040
25267
3492
4196
31134
13547
31682
25590
16478
19080
29333
30908
13713
29348
31843
2354
24015
17225
11160
8292
4358
2428
23226
10767
23057
31354
10399
19971
29837
2625
1246
6859
23784
2898
24707
17296
9914
31670
22279
30011
3417
9023
25471
1754
29352
26384
30227
2373
16431
30303
32178
31233
24177
13434
14852
7524
13945
1032
27040
17402
29111
22418
10368
32552
27658
11074
4785
2319
3102
19434
32591
25523
30200
3911
26545
29533
19407
24968
20193
6206
28958
19466
15695
2900
1015
22886
9414
658
154
31405
16542
24635
17222
20978
17972
29071
23631
1545
31127
169
27249
911
31364
15784
28516
20266
23957
17165
21168
19730
26037
14692
1731
8657
29143
24103
1089
4167
29416
29151
3995
30960
32257
20876
31971
24170
20194
16199
26079
4913
20124
7718
1628
29870
29325
9568
12996
22384
1937
20145
7411
2233
15735
1024
23367
2364
1714
20544
26102
25893
8273
6036
32421
19802
22066
6838
13878
22016
22386
18841
1249
32322
12071
10573
10374
25933
13650
20772
15681
20639
3087
17171
17472
26498
32015
9050
3281
18387
19272
4967
13247
22536
19691
13304
11487
31346
24983
4737
2790
1470
6348
1485
31101
9922
7330
15847
7576
3959
13499
2875
20483
5953
30070
8441
26173
12407
28517
22202
32138
22303
29442
11622
31812
23801
15517
6997
15730
14016
7321
25524
6812
11948
28632
32043
18397
8251
31860
19388
13881
8497
1712
12783
28721
15325
12846
15660
9365
7839
866
29032
21402
25767
5446
30724
21036
23551
22351
13809
6021
27852
26528
3353
2303
1489
23935
19706
14374
12852
6149
5780
18194
15493
25881
14214
26356
764
5279
16500
9454
24834
19436
23211
31016
20979
11645
8456
19488
12579
10473
22
26177
15135
1813
24950
32184
13365
1703
9860
22147
22582
7357
13879
10442
30586
11742
8777
16755
25893
21297
10136
4337
6825
32748
3533
7260
13452
6928
10811
1223
11372
24916
2570
6350
29760
9054
1940
9326
22240
13369
20239
29466
16840
7172
5741
14346
23576
25319
3200
20695
3808
2124
17250
5701
25243
31307
6676
12127
22009
8549
26981
6858
4578
21622
30741
25171
7863
18661
31291
11466
32475
21278
8164
8723
21106
2882
30461
21882
26728
10780
9331
10823
24757
12888
14488
26258
17376
14831
8905
26713
13250
26598
2126
12496
6541
31288
641
14840
29965
26641
2098
19059
12589
29756
1611
15255
8636
17375
27568
26049
3697
19814
11369
9964
28461
13245
3
14210
15745
25026
24371
16753
32624
31226
1213
28034
28534
28290
30100
23271
26057
21833
21571
13586
26334
19581
907
23502
31535
835
23630
20872
13372
15019
31404
25581
719
21219
26219
17083
17029
14507
6812
30928
7818
18184
12411
31624
13220
28989
12696
17477
4979
18679
21812
10319
3319
13512
11502
25311
24146
27350
1183
1398
13263
981
31106
17011
6180
14898
3224
17893
14836
10641
13386
4254
10904
8826
12625
2441
31263
26191
10963
14653
21651
24450
21966
25553
1150
10756
11194
29938
32429
1
29802
29236
23348
24266
10036
26534
24499
30739
26449
681
32471
17246
8070
20226
28963
17335
260
18989
19184
21922
27022
16628
13234
6482
29913
11073
8830
19739
15672
31281
17353
11306
3961
3177
27763
9588
5641
15533
15876
32492
16223
16047
24629
14585
25496
15908
29618
17959
27999
29725
8734
27421
2576
9877
28503
23247
9501
17990
12284
25332
12976
7874
18733
15547
3474
19646
7570
21945
27723
28337
19359
9510
12683
17310
8470
24906
7112
11309
26573
10546
6185
16897
28593
30375
15523
31046
31243
27745
11618
137
27138
21623
29034
21197
24161
25370
31358
12251
6299
4483
25664
28377
21773
9514
11931
24350
30850
14137
30558
11077
14076
20544
30505
29312
6066
27690
17805
3119
31317
31344
10351
10674
407
11916
29357
19067
1774
13489
13829
13927
31637
7865
19506
29262
23253
7519
31575
25305
4482
22958
14753
4499
32456
697
21544
18499
29224
25485
32023
30330
19133
5476
1293
5480
7108
8731
17347
32243
31323
10982
29678
25867
22665
26435
1639
29239
4479
4140
12425
9332
2845
2961
14810
31040
4280
27653
19694
2546
19227
6328
20361
4940
31179
12709
1540
6995
20880
1036
1522
10590
9264
8995
15363
17518
13694
30985
2344
11197
24979
25595
15095
32154
30812
13258
25426
16499
29269
7052
21315
564
25235
27538
15659
464
18952
10139
16924
5916
12291
19783
28291
19684
9206
24271
27146
24889
3196
1522
24252
8200
26522
25395
23402
19441
24645
23873
13646
2389
23845
1207
11503
32689
27801
24581
23108
9515
12795
13230
9244
26731
14373
6837
18110
11436
19764
849
11724
19475
19340
25576
9581
5183
29724
15419
9898
28961
15843
14047
17177
14862
16050
32492
29625
21778
4404
7673
20254
9352
23597
30279
27342
29415
24319
11580
27626
20703
10098
6675
2833
6565
21684
3283
3969
4491
2975
381
1407
21203
59
5002
13306
31941
14468
17812
5483
22783
27757
29012
22527
27405
10020
29644
10488
7737
3480
27077
20304
1444
28217
4220
22944
25238
32254
7833
25409
25875
26285
10592
13489
23215
2647
27179
17208
16291
8225
30744
21451
26143
3659
18943
17712
10210
9578
5287
17763
22025
8440
22841
30265
23332
4367
14324
17731
17295
4466
23331
31477
8192
29133
3660
17671
30300
13118
21931
16412
13519
32531
6622
17570
23323
31446
15330
31481
20016
7559
9534
31447
2558
27176
10366
31211
9607
13183
17891
19904
23864
19735
10329
17637
6009
19848
28329
6987
6019
17912
5360
3566
21105
4834
4688
20919
6810
10774
32485
29089
5407
2561
22011
22556
11712
11823
10366
1967
31988
11534
21425
18144
21560
25333
4131
17240
25767
20068
27872
28739
13259
398
2788
9206
21171
19732
11477
14548
2885
2068
28401
13682
30678
6498
15173
16377
14584
9749
19999
24780
15763
2374
24263
22635
20792
30996
16490
3224
25777
31979
3927
20664
17629
6407
15982
3451
13243
21299
6356
3007
6084
29911
3052
26290
13694
11825
19843
26935
10062
32483
12875
23180
1933
1966
18571
32297
223
10621
2836
19179
14528
5541
16503
7537
18528
13163
23157
27079
14257
32455
27063
12353
11966
17511
31168
14762
20798
24311
26911
24222
30825
22944
4585
24117
16138
7118
22118
2018
5078
567
26123
15514
17916
2329
20136
2872
16381
27586
11747
27680
25790
23894
5861
24610
17116
16077
83
30370
4671
30267
20096
32502
12274
19284
19937
26896
3121
27951
12737
6493
16068
1354
27445
13292
13708
31695
27731
8915
12636
20757
11167
23503
1290
12394
31686
10538
19141
8208
2959
31202
936
29317
8718
32007
21904
23815
27419
3173
23339
22360
26626
10851
14930
10431
22652
5931
29849
17999
12254
16651
9764
26219
27281
5147
9916
28042
22466
27937
16673
6200
11098
13233
29858
1630
27697
24473
29932
3010
4734
28028
23584
27089
27283
1724
17192
22173
4039
24733
13386
29986
5043
5800
11261
8909
9633
1102
7164
15935
20033
25038
9370
19278
5022
10329
30805
6220
6481
371
7597
18572
4340
17820
823
26659
3802
20016
6637
27884
5885
7820
27080
18639
30264
10354
21649
28994
15287
12207
31476
15
26283
4346
30678
20824
7234
28704
26088
17113
31190
4446
25468
30830
22373
25102
2200
18901
3649
29831
841
15796
6152
29502
20026
13790
6615
20273
13701
12498
12219
11653
7625
17541
3176
22637
16765
13921
16686
14159
22660
21645
16936
4642
24065
29807
31415
9243
26732
14959
1582
16776
18406
3838
24783
5372
24265
25815
9463
14252
26756
13445
10389
10521
8870
20774
3808
27119
3128
31342
8778
15917
12112
20463
2735
23175
10467
2455
13267
265
25307
6522
30731
20732
13417
6865
25402
19981
23709
12867
8703
25260
2868
17252
28973
25011
27569
8060
8572
19272
26287
4489
894
22788
3445
27527
20436
5461
25547
30958
24481
544
31756
31357
18751
4779
6525
3894
13617
31931
19677
11946
32601
9465
16189
6262
30827
10906
7954
23822
23458
22079
25481
25529
19634
28698
23066
4573
29181
16723
12896
30589
32521
17578
31784
9472
17202
19037
19400
3636
4252
4940
30898
7826
3948
10075
10824
25284
20792
27416
9970
27492
14523
14494
6510
19719
2510
32697
16488
24954
13716
12618
15435
11851
14068
31213
28502
5259
4940
4058
9202
11731
21347
6153
27971
31365
2208
26266
30205
17748
12922
7795
12665
24583
6192
29739
8968
7545
27322
6183
12167
11493
17151
3074
11571
14944
20552
26418
9663
30887
19189
20201
32420
30747
32623
9530
31673
28426
1373
13181
20483
22320
30491
21492
12494
1150
15719
24239
7932
6426
17246
23980
23198
31398
9896
19523
13505
11461
14319
26049
13194
13531
24469
18260
15494
27413
15014
26919
14651
23722
1035
13005
27139
9056
7681
12003
23322
22097
20426
8689
12277
30703
2978
2194
14549
1350
20725
16597
1693
2689
32463
25314
28896
24752
10900
3297
16959
30920
20209
9751
32498
22507
26386
23890
31140
10474
18966
26248
10884
1801
23232
15291
31897
26114
24431
25887
1365
15180
5712
3199
23150
19612
22994
24541
31209
18349
26970
1881
30840
1853
10809
12884
27141
10584
29915
32724
14479
23256
16960
17962
23861
31789
19888
32211
12176
858
32427
21405
16198
16192
12064
9738
27612
24607
8671
29177
11980
26970
15695
29315
19416
28794
24164
30756
23453
19830
22476
15131
25707
8242
29033
11539
30036
20293
31748
3586
30595
25599
19776
18514
10704
26539
14284
22591
31377
9745
21469
17024
13234
31039
11228
24105
11528
649
8539
30160
30946
29903
7758
1006
16097
21502
26232
3721
14602
19929
7459
26128
1818
4090
21268
19335
19481
16147
12478
16867
18994
29562
4278
3768
28866
24293
7783
11793
4271
32626
19719
15775
11003
1002
15050
8983
3481
17734
21589
29141
12927
31090
19573
21445
5372
850
15377
31107
29004
1027
32349
21953
8810
4451
7505
10218
4645
13779
25178
6660
28534
7483
24399
30171
7953
4943
934
13660
6714
14097
4584
29247
12250
1943
2402
30953
23506
11791
22558
656
10383
10496
26897
23200
20190
15571
25238
29533
2050
19857
10523
11722
17925
1518
31258
22730
17995
28551
13132
11142
12909
24680
6681
16142
17220
25041
14162
19267
6723
29754
6946
10996
17674
21652
7490
27463
7993
9938
28013
27227
1666
10664
2068
18731
5379
22418
25426
13494
21970
6425
26658
19037
10201
27730
3024
7052
17124
9639
7597
5276
4856
11737
7431
19192
24039
24902
11096
30335
26401
29800
28350
6698
1485
415
30891
8175
24856
9264
1246
27621
18125
17549
9362
10920
20519
31191
10741
24319
18659
9377
26587
29372
3224
9975
6580
20196
20043
23966
1979
16144
32318
16030
15217
9235
16906
16638
22602
14813
13037
29135
27814
29856
22117
23148
20226
14641
1278
7167
23408
29872
13160
25671
9540
22379
20940
8089
28945
14080
13664
3109
2772
23490
16442
4731
19566
15710
15202
1870
26712
29375
5930
14967
19602
22830
1474
30524
12764
14014
9223
22995
11049
23527
9372
7714
18769
2161
12604
19401
9990
6035
30286
25442
28937
14173
3258
28935
16029
12115
13820
10261
20029
31323
7799
27696
31370
14297
6667
27528
31623
14360
3817
11866
18440
10220
678
16313
11112
8085
32143
21390
25467
6375
14397
3550
23235
4264
18281
20299
21223
22330
14849
10974
4960
21625
23930
26883
28790
17127
7273
15317
15979
9735
11085
2204
1270
6
30639
27284
1779
2720
3438
21233
29272
30530
26196
27167
19563
31340
22508
5710
28210
9818
5016
19246
9515
22755
27870
1783
19518
16545
23043
8365
28912
15698
25307
19362
22745
8062
29151
29756
31576
2907
15232
23032
17285
749
12219
2735
11879
23409
10734
8985
6504
8700
21226
30863
21765
13152
26953
4117
20426
2895
25602
1687
28030
3779
9018
20083
24219
21916
9053
26168
3073
14219
26222
27821
27370
8240
1947
13846
19745
28287
11541
18098
367
25448
19486
22152
22614
25527
29540
16996
24834
4409
3981
3612
29309
32544
24083
23575
21794
1448
594
32272
8276
30971
28895
792
8304
18258
9500
26330
22783
16990
21769
17955
30513
6118
5981
15522
18567
15793
12246
20460
2511
21670
30157
3010
8789
18226
2317
13207
8024
9962
18661
11597
955
3442
16764
2368
16381
1181
869
19333
26219
14805
6515
23156
28564
190
4303
13923
8958
26902
18247
24245
30743
27616
29673
2068
878
29633
7633
2042
17443
17578
30015
6518
26013
1719
17133
24365
18810
30807
24991
18079
28108
2990
30203
12459
898
29495
22683
853
18724
25006
26209
2248
32196
301
11018
16279
49
26005
6662
72
28269
32303
18823
7187
22881
19091
25561
22759
24784
22217
17137
28334
19338
17071
27208
27090
28642
22682
21226
5888
97
30528
15817
23596
4284
21206
88
8917
26372
20853
32597
14218
27933
1730
19430
17069
22129
4814
5864
15991
19941
26683
28292
3644
16397
15777
31235
6896
5531
11823
10211
6379
29214
19862
554
23273
19177
13090
7418
22101
27216
16426
21350
15559
13083
9643
18052
20171
14388
27952
21187
19428
31907
2293
28543
9168
28604
12107
11475
19726
31127
1342
17327
25758
11201
23670
27690
31496
27185
2139
28185
12959
8318
3709
8160
4871
22351
13874
18312
13813
15890
15233
4626
12598
31985
10558
5387
25075
25345
7799
3681
32051
17597
783
22133
2465
7860
28585
14449
9872
20606
19655
9436
17468
1012
27955
29292
12626
5281
10143
8475
8627
2931
13192
21372
4725
694
19808
29264
12075
1603
26091
11861
7271
17397
24810
21598
19325
8285
9975
10152
15241
951
3760
13932
19379
29468
24855
23729
689
18937
32057
26980
28558
10175
24334
6570
1962
26076
3489
24181
9731
10731
13424
8278
4018
26663
27670
30098
8633
27174
30247
32375
3067
11716
28764
23536
15756
12381
17136
29784
26155
31295
20041
31372
12557
32350
7131
27460
7389
8778
5706
29859
5376
607
3278
31756
12317
17979
1500
13880
14301
6518
9475
1413
24047
7309
10260
4753
16976
25118
16261
21256
11977
19547
17943
29370
11193
24249
7095
21233
21012
22504
10146
5121
32428
10248
17869
23840
19119
5914
9092
22136
28017
12212
20305
2427
27500
16889
31
7031
13958
4809
22431
5738
9106
2869
9195
13335
22808
31798
25706
24409
7001
19102
5619
24504
6542
5966
2613
25402
8305
14250
20054
23163
22014
4682
25818
23296
25211
13298
22215
31689
10934
12485
24582
24613
32654
9653
15117
25803
26292
28222
20411
8997
24755
25172
18819
16111
20526
12442
22733
12801
26217
10452
9113
2665
14604
2719
10598
20157
25891
11360
7762
31920
25448
3706
386
21986
29125
11972
29380
28413
13845
12346
2931
13565
32299
10994
16028
23759
16661
14418
1118
28958
17825
3969
21655
29290
4641
17947
13501
15706
2412
2345
23817
11091
22821
25168
14555
8521
7488
23880
18010
213
23745
8592
6490
12168
17351
21600
1412
10368
16074
22240
13232
19512
23329
13463
9878
25252
4295
22054
29350
894
22878
19510
11572
22747
14452
18095
22232
28673
6406
3114
17685
3196
9282
1450
20280
12655
30097
12934
17027
21801
20437
6314
24971
29432
14319
1280
29407
28482
6277
12328
8938
465
21250
7023
15643
6767
25054
14847
67
29619
28703
14931
4670
18458
2592
1006
22229
23897
19345
15693
11747
23026
11967
28186
23735
6406
24853
4514
9914
28778
16611
11657
22865
7421
26719
16572
20229
18744
27114
7848
11746
25094
8596
2730
25884
11734
16353
10182
11769
23023
29134
4251
5098
29188
18959
11158
18427
30217
20379
3943
17262
581
21866
2993
32163
15783
32637
10758
14652
605
6432
15122
11390
29859
8300
17430
2297
31705
11023
24729
9835
20953
2128
27738
21730
7303
17485
2440
6689
17834
28807
22325
24133
1274
21921
27657
19368
20601
29285
26931
26118
9991
27656
14757
7390
26929
21423
20865
23835
13387
25905
462
26100
29630
8991
13424
25873
7330
29698
9303
7663
18320
9443
26102
8325
7345
29969
21495
21288
17947
3870
13357
21420
23646
4907
10442
29644
345
5733
16850
21707
7507
15312
17103
26204
29255
19012
28871
19648
31102
25525
31851
29230
16227
16823
23697
18295
12692
6976
11492
30698
4917
6064
25818
5237
2953
29456
31463
31246
707
14231
18417
30545
16665
12403
16131
30059
1051
31174
19781
10294
32323
20974
30252
2469
29901
4105
32750
9315
28616
25528
17465
29111
12398
16932
31012
20139
25009
9279
1638
19565
14102
31309
15045
24565
28102
30882
30162
13544
25571
8621
6612
10173
14872
12597
23042
11038
13172
19683
14581
7313
18296
7681
19292
19543
6766
14465
4850
15508
20477
29505
1453
23473
27643
5517
5432
15871
13698
32230
19108
6813
20550
9729
19035
3995
37
10259
21589
29023
19200
10572
5262
10568
27850
19873
22455
26514
20958
6351
30763
11386
2966
24733
5926
27810
29465
13409
30257
21686
28276
24005
1249
28752
3053
24267
30401
14361
26515
4367
30093
19250
3866
19021
17313
22482
22502
10786
25264
30512
23398
29975
4793
163
3491
8411
15671
6151
8729
30160
8345
31588
12997
27081
20465
21450
23935
6163
23280
3455
19338
31410
12818
31581
22378
18668
6934
18805
17653
7948
18865
760
16301
21344
28803
12120
4941
7300
24138
19114
21154
27874
31574
7503
24732
10106
15165
14035
4005
4575
22223
4117
19249
10114
25164
6312
32663
12851
5077
13178
13343
19429
20001
26291
2908
11698
17265
17120
7612
28703
17606
17745
25181
8352
4433
14783
6690
20575
14891
24371
28935
57
28230
21538
18865
3593
17060
3549
26442
1834
19142
24361
27019
1079
5480
21033
20250
29205
24939
22917
29207
27700
7955
7365
13041
3089
4466
25598
17791
20992
9252
26289
21580
2856
18749
496
28210
22735
29568
6594
29226
15576
210
10697
28002
20361
10478
18722
8080
658
17497
9613
6535
5451
32665
14798
10759
7742
20130
17235
3290
19941
13457
15126
4124
20149
13212
21957
9179
26203
31049
20257
2016
15429
6879
1188
3019
26980
30234
9062
5478
13616
2595
27969
24883
9197
23743
22835
12615
14893
16327
4869
24155
6551
2776
7722
32545
23270
7499
8170
6612
18741
15464
5312
5139
25209
8662
29952
21743
16719
20054
3260
19779
21496
29874
2793
23108
1185
4335
3006
13912
14056
32714
8797
27692
16029
10851
9653
0
13253
6707
17575
17222
18405
2371
9575
1644
125
17056
5158
7414
31442
26378
1262
26575
7408
27116
27853
23009
22512
23185
13877
10979
24439
19860
21667
11378
31359
31384
15231
30052
20826
25146
15427
22361
23795
4164
4064
21138
23384
20003
3934
31751
28021
22940
24514
2483
16930
29626
5428
31027
29281
23563
4449
1167
29408
3084
8479
22872
16070
18145
7503
17907
8108
20809
4872
20788
14056
26066
14066
28719
11282
14665
10223
20042
9409
9077
17665
23447
27030
16389
6760
5473
23676
7110
10762
15621
9261
16921
4888
28931
12537
16037
23791
23637
32451
26441
26940
28672
14412
596
20836
23272
8116
7417
13091
13288
24637
9725
12403
2594
11603
8371
9903
20372
21193
1066
24824
20973
6758
6821
18904
13726
10912
30027
24613
10035
17063
18464
29480
14052
30629
16948
27135
4711
22340
13851
6720
4361
4978
9884
29151
17917
7009
2989
30802
3316
17873
25504
27378
17646
28817
25751
30885
11599
14659
25149
24762
6453
13153
15288
30996
27913
16253
26073
24459
6740
26573
26006
23183
3540
26086
20155
11534
17360
13768
6876
24984
30376
23067
27790
20674
7088
13752
4823
26312
8766
7787
24802
27766
10498
3319
11767
22344
7574
3675
4523
25808
31318
23124
12372
1368
5746
13091
11200
22985
15426
29328
3111
18635
31193
26671
13661
28462
24540
27874
15436
28553
8853
20383
12450
25888
20803
32628
11975
32267
6068
5832
19986
149
15894
11235
16188
16355
23307
2737
12053
17366
27643
15298
16757
10289
18350
31894
14454
30463
7962
3352
7136
559
121
30312
29925
130
4255
11997
29199
29095
28299
16203
1910
3492
30012
19841
24374
17271
20422
12310
11808
2813
5028
28518
16560
3604
21840
22487
21567
27900
27409
353
4218
8708
21012
28749
13587
18530
27071
13116
20407
19042
31042
8812
3647
15043
13167
9271
298
23901
11467
6876
25163
8968
30693
24450
13247
7354
23526
28282
19234
10735
22890
10437
7426
26190
29070
20182
23700
6793
25418
6296
17318
13445
21250
3763
5845
2747
4183
2316
14848
28382
28227
30346
26877
21437
24933
21024
26762
2668
22681
26888
17286
23198
972
22092
26721
31318
32015
22411
15057
10431
2025
24314
28102
28759
23282
1705
14753
21587
10141
18696
17056
27968
21590
8873
17309
14566
7373
327
20729
8561
3217
9224
18387
32723
2016
20735
15741
7524
22206
1013
816
30923
26180
31337
4606
21026
13371
16597
29449
16981
6377
9523
30707
25035
25387
12992
22421
16969
31428
6912
756
16403
31989
12290
18032
28244
1870
21477
2879
8895
9411
411
19738
25719
4354
21229
6198
16940
17924
10175
9078
21383
2018
21142
23263
27081
25323
28247
28236
13231
20467
16722
14435
22680
29421
20862
4551
20201
10173
3590
25743
29105
20807
12805
5112
6537
7884
17550
3158
15551
15222
23024
3921
23219
7217
31288
4173
13952
24509
20727
13610
9439
29953
2629
20270
29001
31651
261
24639
7772
4821
8811
86
1408
2674
10940
14128
6602
10825
8021
7751
21025
953
10735
24320
32415
382
14625
24870
3385
10698
2598
15767
419
18071
32737
18749
9326
26684
27422
19520
11636
30271
10267
14714
28021
17003
13639
31276
15106
21026
10057
8687
9882
20980
7748
7917
14868
26480
8282
14928
18236
21817
32111
31995
2497
9565
8239
19576
8271
19939
28754
21554
8440
931
10782
3813
19672
12123
20270
1106
9977
14590
5235
3895
29300
7503
29048
16254
23513
431
13546
11445
20945
14899
16983
19646
20738
30202
23862
8904
10035
1470
9512
23166
29105
28840
10109
9085
23281
19305
10746
24844
23414
1414
4825
519
501
8435
4626
5405
1720
2020
28633
27964
11840
29920
9320
27208
16174
8471
7422
14867
3940
11509
21032
9610
27751
30455
4927
15916
25351
21694
11058
32705
10819
25186
17029
14920
13671
23560
8858
22577
12663
13751
15920
21708
29136
25959
9001
30466
4109
4955
14736
9283
17192
9393
29658
24511
12769
21560
21612
18905
17508
19841
27742
13272
14630
32313
14207
7136
272
4533
31129
9506
9951
19151
246
24655
17867
12273
29218
30802
21350
15727
243
5950
16584
4634
15047
6021
14057
18962
17933
21868
29262
31707
15111
13499
488
2995
31181
11961
27961
18723
8598
31831
1464
2773
3379
12460
26487
15525
30940
22433
27907
5114
13615
27886
6795
24151
2934
16197
17477
7725
14121
5068
29710
27124
6324
7633
21073
16761
1401
7866
5673
19834
22809
16954
16586
15728
11247
2763
10269
14252
21214
25176
5290
4005
3149
9017
30395
13969
32367
11621
30398
6706
27336
23523
25836
26099
15085
28290
19496
23091
19083
15306
11306
11745
4778
16178
7900
11849
6707
22420
27908
4397
20400
18909
22052
11544
12372
23561
3998
3055
24635
7247
16156
3017
6130
10392
29743
512
2874
2614
25911
5257
11529
31187
29570
15744
29906
8103
15032
11527
2310
9199
12150
32081
29403
9114
4409
27898
16204
23877
13182
5018
12641
10857
25127
17561
27056
6355
25889
5189
10020
14421
26436
13089
1277
28860
17530
4992
23064
29697
804
3411
7537
8388
31929
29760
29670
26869
31152
21492
19262
4309
17569
18105
9833
23069
30887
6731
32521
28540
3848
14055
24626
9287
28696
31910
7790
23661
2906
2825
20741
12457
15081
9941
28795
8955
30230
12833
15961
30552
5971
27309
23089
1185
14672
25205
10204
4562
28515
26246
27398
4988
23853
18449
15341
23925
29051
15294
14693
7373
18538
17218
7200
11781
30927
21812
3884
9084
20693
14108
29117
4138
17896
15822
26157
27280
7122
26614
21057
7151
1828
1779
13486
4025
20184
27113
29659
22341
12596
16145
2537
13766
4082
8020
12785
10366
10141
30745
31372
16175
22078
18267
24985
22739
13624
24062
23866
6284
2673
7267
30240
9950
21682
23866
22281
4892
30545
663
30086
26912
18701
22856
14338
20287
2617
18023
15616
16509
1565
29483
10148
14076
25497
27395
5493
23227
26891
24550
8545
2173
14195
2276
6146
17670
16597
20226
16671
28813
32223
15428
25206
20079
9932
24843
24504
13601
29576
9121
7126
31336
10005
11795
32635
28620
27181
28223
18649
842
14633
23597
2217
22601
26913
31395
28781
27855
2133
17907
22009
7925
7627
1304
4145
9880
3130
12545
4372
22354
7207
26157
24826
16040
29006
5240
24345
29317
28483
24885
27470
9192
20825
28540
23835
18905
31171
709
27628
30881
15353
12214
27806
14650
9822
3898
2113
29957
3871
10195
20509
18875
26718
305
21236
22950
8080
5635
6023
27665
3107
6157
8283
29181
12644
14971
23741
17173
22433
30325
11012
9956
16522
32243
20502
32326
31453
20691
2094
8476
6467
10281
5340
17476
20597
11222
27725
31689
16546
9820
28108
11606
28181
10992
16265
1777
11539
25041
14745
19941
1282
28377
575
6656
20177
9809
16234
20735
4755
1034
382
30279
26733
6313
19287
8918
24755
24899
23436
14712
14158
15658
6896
11070
22113
30214
21599
24620
27692
3623
6583
6194
6192
18713
31268
22622
29587
8825
28065
14415
30919
9992
6587
9197
3687
25598
21400
25943
14689
24737
825
2845
14938
22037
19452
32432
6734
6518
7781
24342
27255
27684
5917
29666
15217
9822
20283
19556
3995
28691
451
24349
19648
31732
10860
15733
28919
30926
423
12209
3783
11543
31196
19743
21647
28871
8695
25747
8997
31081
4387
18711
30654
11377
16341
22239
11534
27600
29197
17531
22448
4294
5849
5200
16839
2295
16666
14921
18918
18882
7562
18890
10541
3534
2558
16358
25781
4325
12777
15825
28207
15878
21538
18328
14279
949
5607
23311
16207
17046
1825
29451
21657
2618
15337
19154
7972
6201
8012
30160
9979
19841
25419
8076
25819
3565
12838
2010
7572
15898
1243
3921
3249
21366
17129
26623
8795
10905
3929
15964
22651
6105
26367
28285
25375
26136
29694
6538
16415
14305
14986
12146
27136
32436
754
16605
12824
31901
9437
11619
1523
1035
6099
507
9206
27104
27904
7094
834
24005
5685
25261
29404
7360
7728
12599
13322
12808
13853
15200
5120
14872
15453
2711
18619
23554
8325
24999
5422
27910
18602
7401
30876
29283
23516
25271
27973
30061
5616
14371
31300
24032
2179
19945
7352
18036
27963
6563
19490
32689
27984
3900
7694
13573
587
3751
19702
26644
21518
22993
9827
13903
14357
9940
9301
7368
13819
8813
13797
11844
13632
30384
31529
28562
14409
10746
30808
19996
18600
27176
1070
25788
30878
6150
30098
721
7646
9994
21623
10641
10644
9539
4608
29601
16806
32652
3047
6883
32570
22021
24351
4239
30328
29892
19896
23429
27537
17607
15364
12513
22784
18733
2296
31440
11024
31910
17876
16803
21662
9001
4359
11042
8480
25573
6220
1059
26598
16249
1562
2139
1184
13927
24123
23667
14625
13254
3514
28254
23650
4152
12803
12267
31434
16668
23366
24470
19372
2053
19996
21412
8210
13930
2157
31599
11961
22943
3473
2814
24924
25347
15797
1240
1845
8316
15489
5658
4290
6432
11000
30920
14533
8757
14495
20577
16014
16476
20449
13494
5500
10505
25010
24315
11714
30774
5235
11551
14951
28249
23061
28505
6289
19091
12674
13316
15362
5418
5944
1452
17635
28217
26935
20329
8896
13478
16926
23403
26837
6485
3985
8151
14216
29339
26589
19922
24374
25590
25311
22234
8242
11771
31266
23645
11275
14991
13383
15748
19470
14682
8106
14160
20748
24697
24642
19177
12382
9587
21705
24115
29221
623
5917
19105
21718
7076
23527
20046
18935
22800
30074
4938
12323
18541
32254
16689
28244
23393
27853
19715
21602
22005
6941
31535
25798
328
31712
18417
27556
30341
2792
10718
1801
5650
14159
25278
1137
32522
19734
21145
14220
6894
8716
277
11841
4503
2545
20735
26100
14703
21980
4647
26116
22497
25306
25969
25496
17934
31704
10025
21148
19906
4803
21399
2054
21158
5357
6611
20830
7095
24243
4315
9597
20726
4701
17123
21141
353
22085
748
19825
17699
15932
16536
1534
20488
25641
20029
25867
2099
29683
19768
22349
29971
11937
13444
2470
6803
10432
9611
15014
5265
18437
827
17747
1682
17460
32605
18725
13236
12096
4642
4949
21220
18612
4095
11608
29520
8273
20923
13478
1311
19449
8903
24511
23136
13516
27085
21616
13377
16272
16267
13138
12418
21590
26594
31893
11049
2394
24874
12795
26742
29996
32201
23079
6937
27661
15364
18712
6819
11420
20501
20977
24123
16306
5245
17915
3986
3978
21659
25836
18969
31269
9598
8810
23153
25324
16632
25803
4642
1944
5875
8479
913
7247
2312
30832
14892
29455
1102
14920
17128
12880
28016
28788
6381
24293
4867
22536
19087
15652
6678
27555
27265
19782
6410
25332
8517
26385
21668
19325
29415
14516
21344
7831
3307
11506
15112
30903
12420
31874
11398
21999
3335
28342
4599
30648
7838
3420
4864
22510
25921
20450
9061
19740
2018
445
24535
17402
14312
26634
11534
12852
26847
27254
19736
9837
12398
17244
24305
6532
25225
31534
31827
25878
15847
13078
27087
836
15543
733
3357
31670
23951
28171
7601
8671
30885
13392
17294
2179
30017
290
6239
20087
29554
16040
16068
10409
15873
4055
1002
19808
6307
13787
16222
9412
15986
25784
25891
25248
9374
19249
32258
28007
21856
20969
31265
13941
30512
21960
4567
26520
21560
24992
10431
2511
30216
11024
26379
2385
10635
22185
32027
15057
32570
18256
17743
17921
7055
31971
14361
6485
27581
17952
26198
19209
4766
18882
28126
2917
8685
10988
7257
3136
29621
19659
13397
451
14345
31096
2198
8303
2806
28699
25005
15457
9910
7766
25037
28117
1574
2273
23257
24298
2939
10097
19137
9893
32560
14303
29199
21815
31554
19590
14525
5507
5792
6637
21834
2011
25821
18342
27149
14858
7721
18549
3272
24728
895
32181
27776
13641
21280
10744
2444
7911
24895
30446
13293
1601
10494
4744
17373
31860
27033
10076
16554
5737
9185
13388
27077
8607
3053
1890
22038
5675
17164
24575
7571
27133
28157
31797
16657
10596
31587
5489
17498
30933
11891
4189
11903
25576
16880
25604
25712
7587
14169
31800
4553
5627
9825
6960
5103
2200
8351
32374
7004
26841
32135
19201
30519
20248
8857
1181
16168
19247
7128
5268
20330
16442
6270
9095
19234
11679
8174
19101
6383
2380
4842
24544
3522
3904
19718
25059
14832
10829
31324
18088
3205
23068
30082
12738
16604
14961
16825
21943
19052
4016
30055
1192
13029
31905
10440
13364
7804
17776
15584
30873
27266
17400
3764
15132
6716
28992
27321
12204
1519
10310
21645
19906
58
1532
30437
20619
26024
2705
20423
585
19078
24561
27897
22263
15090
27023
19641
6699
16693
354
13998
13377
9811
1581
8479
19126
8416
7940
30307
16338
26132
22540
20120
21898
20770
31874
29080
30628
5318
20991
13609
28956
11037
6394
2932
4295
30650
30350
21945
310
20470
11133
20288
22493
23943
15478
9363
8052
3925
28563
2794
24990
3209
17190
27623
29641
24038
16821
31107
2901
16732
22339
15945
23800
23514
3025
32194
19297
15717
18213
31024
26907
27495
458
27774
20917
25929
1880
22392
7712
22339
11766
26424
30808
28531
10012
5088
4678
2349
19870
18063
998
8851
5350
7053
21669
20581
32128
5321
13325
9242
13021
20614
9635
14383
13904
6225
9232
22207
15197
23606
32640
28244
6451
28211
31560
18685
30071
4589
28363
14752
3139
13474
28062
13202
14703
24927
15082
101
9999
17779
3090
2049
17724
22819
24214
24310
28440
159
25912
3857
24844
14645
20573
20014
25684
9925
30133
5964
21438
5493
6942
23015
23982
17317
26822
13186
10086
2086
18064
26499
13700
10406
10426
2371
15820
29807
4028
3174
17960
30546
16243
12136
13549
22749
29054
29817
13920
15317
1769
7307
7033
12768
32008
22697
5607
6017
10662
9610
30035
27721
608
1382
18921
31564
29515
3080
4117
26579
2269
28965
18826
29264
28938
7404
10121
2455
6061
25310
10848
31818
25130
24288
23089
24213
20049
10382
31988
30748
30854
20691
28095
20018
19743
23990
31045
7756
26894
14455
25502
23733
28096
16859
31558
2947
19525
196
23911
32201
19376
7940
20315
23310
20161
10355
20844
30462
7361
16448
20191
20832
12718
16516
3890
21064
22936
30749
19617
5774
6987
31417
5103
24702
13870
14129
20834
209
14187
18457
12048
19421
27216
12949
10329
28424
10230
1901
30389
14978
18976
6756
15280
13108
17765
17350
3122
243
11922
24641
16644
3322
12106
757
12432
25751
11759
3534
13800
13348
11462
9234
10506
28217
9301
11062
11363
29472
23824
19958
29585
19593
3125
13733
26477
20863
14325
28097
19273
18075
9940
9674
18294
20088
24146
17748
32010
15974
29899
1628
1759
11107
15004
2520
3039
17223
32391
6801
18047
17982
29017
4661
9610
13435
27849
5288
27168
1067
8612
5532
26366
29608
28967
23649
17664
19440
30124
31230
28899
10069
32394
25984
5712
4214
822
12946
19478
3437
20910
5710
21944
27466
31767
11859
7719
24001
18852
15896
20432
18207
11963
22144
11737
15490
4179
7086
4776
6730
22177
7450
14246
15563
4851
29668
10818
12612
15580
7017
4664
29461
19089
14357
11539
2348
10387
16504
8944
6081
21646
15515
6278
14915
8065
3988
8803
14738
23328
32600
32120
29294
30327
28369
12504
48
19919
32304
31933
32695
12757
1413
15052
32422
27129
7564
5018
27341
13845
10954
11630
5604
4943
7897
14409
8575
18496
25601
31523
26430
31830
9992
18040
12612
24182
29514
28675
22251
7910
21772
15306
4534
16491
30221
22106
7816
1198
26718
17492
32531
30692
4980
27432
28562
24494
30588
5921
25787
4414
15086
8866
9711
29372
13925
8879
22453
11240
29358
15534
2662
18944
19742
2415
8490
23268
13865
10603
9506
17272
15921
28233
22759
21834
25756
15783
8244
26485
23849
4374
4063
30405
16260
14182
14862
4379
21784
15141
2727
4115
31012
4706
18440
26341
16145
31670
3065
1929
21251
11398
18654
8991
18606
13442
12082
18829
19563
14961
1840
11370
27274
30257
21203
2331
24810
3065
19457
32315
11976
11490
4867
20545
22229
8358
8505
24924
1931
7335
21516
24738
7616
3123
9251
29802
13692
11782
23770
25590
15624
11024
26608
1110
15943
2681
383
27784
21065
9955
26674
13540
29470
2287
23986
17848
8168
19202
2913
31023
1844
27209
8011
5239
11147
10490
13658
23586
13891
26077
24777
18381
27803
3340
27098
6400
31496
1527
5068
22870
2761
17066
32519
990
21953
21587
31643
24000
11398
10494
24552
16932
8886
22180
14238
25935
21898
5988
24297
21263
173
23312
24037
11354
21838
4587
6232
26674
18292
5297
9632
7115
17809
19928
25834
3568
3675
2070
8613
6563
6359
1571
23607
9220
17078
18368
2798
10612
14565
8184
26425
9721
20064
166
6936
23780
13639
7991
25297
17330
20019
22193
30437
5169
458
27380
21058
18916
22673
4417
10426
3751
17666
25080
8628
23190
21471
6054
11041
19244
14021
16190
30898
30120
23812
15783
840
14517
3758
20087
7341
20809
15854
24575
27521
14030
667
28807
25463
640
29709
20698
3521
26134
21808
28678
13768
30116
18134
5213
20001
18624
29778
9663
8636
14052
28226
27932
9567
13075
10156
27956
32083
2751
18765
14497
2910
3051
20269
26904
6385
22157
9335
7148
29089
23862
12680
6099
475
22772
4166
32749
19924
13432
23219
14338
21696
12916
18370
24076
13380
21319
2665
31989
8237
15836
9975
23713
610
12239
12968
4911
22295
14546
12662
15228
6468
17744
1587
29929
21334
15440
10453
4191
10276
13467
5905
3728
26660
1313
13099
21375
1759
13465
1292
13122
1186
3176
4501
15366
8311
21188
15411
24917
26195
28697
26291
27796
28049
939
17240
22224
23455
11134
3371
28602
32504
883
6803
30191
5714
8115
32293
1149
6168
1616
10685
31139
3610
27690
18382
15065
22916
14608
16118
31248
29452
5928
5078
24635
31600
4497
7456
16654
12320
1606
15857
15366
6199
28486
6754
28329
32176
18162
31322
7183
1751
2998
20134
28065
1021
9963
3147
12577
17776
15100
21018
14315
3499
7368
3206
15226
29641
31816
2995
27437
19008
114
16335
1867
24011
23133
4005
11590
8360
5029
32111
14652
5636
7185
3564
24771
4532
23155
9651
27366
8229
17616
20679
10603
10902
17345
10347
5976
11140
25881
19256
16565
1894
8648
7020
22418
23963
15104
14213
6732
26017
29334
24847
28429
11399
8874
17850
22674
18085
30858
24239
10289
18826
22228
23076
4378
8758
8923
17198
221
7050
332
23511
24876
10492
17938
23921
9954
18831
7030
4906
21061
5891
9355
736
17544
21832
7881
6198
3733
5689
18168
1511
7433
17799
1360
20826
25983
12531
9438
15479
30993
24769
6697
442
8220
21609
7446
5765
25412
30607
6665
26555
9656
25397
15949
17546
13495
16176
9142
27528
28756
22488
24452
28162
29046
15364
30859
23952
20770
30518
2193
30701
29949
15378
3320
17670
1292
4885
10909
23377
28351
24963
26879
15968
6446
23713
10404
2998
11938
15653
22712
27097
8023
18155
12280
28073
16768
30953
27854
27119
12940
31077
24765
23865
23976
4709
19200
29158
19333
21096
18030
17533
8027
9555
20129
25667
25902
31150
8279
16908
5456
17936
31000
337
28967
728
31258
24451
7472
27678
12897
9631
7236
8170
5162
22531
4122
27811
22922
6272
25358
25546
7251
28336
16160
1256
9527
27273
30272
5316
13872
21811
16329
29914
21535
25623
28491
3849
21427
8761
2189
10636
11660
967
21714
14123
23968
22514
23900
30642
20958
3324
28463
31907
11282
31378
3095
26152
23305
9821
27884
27723
20213
14036
30997
2153
19730
2132
22347
21220
9866
6258
31647
26905
22167
15248
22207
28562
19431
20654
2677
1148
24900
26499
18288
13915
18804
3276
14407
21244
29278
12517
7611
8875
9071
23702
61
25511
23356
10287
6832
6611
12393
10455
25199
1710
14793
18465
20626
23941
16838
14816
20589
2024
18692
1085
30554
3674
7233
19974
27065
31052
384
26441
4404
15949
16486
16418
2120
3451
2532
16849
24320
4925
790
15887
7428
564
30571
26787
9427
31086
30215
3888
23629
6877
24165
849
15988
26120
8257
27367
14963
11009
12981
27314
992
10647
1698
24351
14398
12492
30801
5985
32198
21130
1114
18115
32615
32657
17349
8253
27147
8116
29552
20549
20252
31301
2736
18663
4166
718
9531
5144
14463
24065
17478
8264
26181
13042
10986
15158
11047
7300
22988
12040
1159
20257
28157
13723
20894
18095
26399
13848
27329
4287
6346
200
15842
1799
19246
32041
5209
3602
20217
32321
26085
11318
2171
12594
23789
3271
13831
23055
28684
17290
30109
21230
13517
25708
19911
318
20403
17268
15809
13659
9597
28919
6364
10336
12711
17931
12580
3133
9780
5437
5441
25097
14507
21383
26011
2713
16480
19836
1218
17745
2548
15558
9996
4410
1055
20946
1408
9301
10669
1482
14322
27951
19655
18628
31344
21174
10100
24633
25053
9803
21856
2488
17372
31768
6875
13787
22000
23972
7460
28539
18401
2724
28648
17184
23905
15381
7174
15035
19183
7559
917
16792
23036
28860
18216
1166
6220
3953
4176
8825
5792
16252
25955
16618
31378
3351
27260
22812
26560
8060
13251
20778
1068
15282
3311
13696
7139
27046
23049
9871
10205
28541
30066
20166
15397
5929
12071
29885
8505
29242
20804
32179
7348
4087
19911
29754
11562
22958
31127
26417
15700
2376
30917
13555
4717
28192
16401
5838
31195
29718
20400
183
31250
8415
2892
10555
2742
31647
21325
19897
6143
4793
17239
1743
21858
5093
14867
16658
9070
10884
3635
11778
3316
6193
5296
16701
8042
15257
23638
3570
8849
31116
17027
6297
29526
15444
17708
28897
1526
32069
13856
10218
21350
3221
13201
30389
13810
2926
2512
10457
31012
19522
25176
8055
8423
3423
25614
111
11244
16835
10439
26068
21837
23601
11275
8606
6513
20612
5913
27039
559
16196
3626
32697
32310
32631
25338
10829
18348
31417
20613
4342
7701
3983
9230
20856
22391
28153
30566
24819
3259
8774
24683
3421
25943
16940
14799
13102
17962
28696
26907
31581
26535
10435
17907
13708
5942
3846
1691
8832
10199
10735
21946
17107
22025
18708
30046
32237
8938
807
4929
13616
27295
715
12875
6003
14838
5542
19799
18610
10058
12728
5946
12803
12968
25835
31745
3532
28975
25323
18299
1076
1981
9527
5368
27607
14536
20857
27727
702
2441
23059
12326
13198
16992
3322
16749
15103
20084
1223
31788
16784
16026
12299
29055
15738
29560
25315
734
12514
13034
9933
17058
6226
11428
15546
15813
7530
12825
1381
4842
25043
9628
17378
31389
30325
25797
28282
9435
21226
12823
438
4053
24882
25055
2490
15345
29096
20063
21972
24850
11060
22316
2645
2329
19395
28629
1184
13228
19700
453
17792
26422
16660
9579
21951
21294
31821
30360
22772
26525
24090
2088
17052
1498
20222
15076
24940
11928
18038
31655
13542
20771
27948
11456
16683
8167
12141
16024
21776
3634
21469
15253
30323
23355
27242
19261
26832
20066
10110
28831
527
2233
32633
2030
16800
4036
5726
18288
24010
30077
22476
18326
15168
16795
19249
22125
758
20
30778
6709
18994
6369
28558
18254
230
21761
19387
27996
6717
13504
15984
8099
9076
31545
32238
31923
15595
4890
9913
22858
10620
12455
26003
4726
26635
21762
32170
19194
2910
5801
32529
6131
17455
21312
16749
24763
20864
11921
30449
30222
19247
721
27532
9323
31434
9764
17504
17853
13988
10596
21367
5691
29481
29726
21425
20621
32366
25054
8449
21808
6669
17581
16601
24859
26415
28887
20195
6051
22762
13810
8690
25500
8398
26907
15672
29633
18874
25731
25017
22102
29940
8235
21503
30731
28025
18411
10768
2596
1426
29369
13725
5079
29352
24360
24188
13045
7001
22831
345
20429
3020
11564
9896
18510
1089
19496
9693
22123
21996
1373
2272
13764
515
30965
17339
19586
20246
10261
5270
23426
18591
17946
8166
31159
23770
12067
7393
24265
3286
10191
9781
16642
25292
19016
761
19051
8881
17536
31716
26930
26887
19386
4285
32591
11256
26957
8722
13671
21157
1188
25389
29937
22204
20106
10308
19863
9288
29092
25840
18911
11214
11327
28384
30474
23189
14157
22735
9277
27973
7849
31155
7390
20660
28323
29752
25153
1276
23224
21100
10372
14033
16801
2492
6839
785
12944
31519
10816
6301
22454
17297
28030
11368
27144
28867
20909
29645
4675
28177
9226
6438
23341
15796
13879
24218
6430
21049
8672
25398
27328
7217
28575
15935
14099
8235
9501
25799
19636
10463
32379
3455
1630
27052
22256
1740
6321
9541
1203
13085
27954
11431
11291
8059
11924
19022
19972
26722
27190
28072
5494
24783
27372
10954
10369
12186
12546
25186
107
22278
11134
9708
3342
23191
5798
11305
10107
30499
9154
27085
6115
8492
20003
8824
12984
15725
356
1512
20751
18355
29936
11629
10313
23534
24772
3485
17650
21896
28535
12360
11497
30965
4471
19119
27841
23436
5525
1008
5224
32149
10948
32709
26374
19107
12061
366
16936
29732
28711
15084
30
23094
16470
7280
22945
30396
1489
14355
2746
32433
9848
3527
16095
11709
29990
21390
2142
28678
1075
3562
26367
24137
318
3220
8676
16425
32297
8048
30901
2247
19300
6081
28666
402
18287
27034
15560
5985
18330
405
5024
32191
32272
8902
24212
7301
275
24818
7851
31663
22409
2813
31879
8552
11960
6562
19525
5735
7502
30311
2213
1150
6052
11983
2411
9072
31043
26577
30981
26628
18344
9609
19821
10583
4676
15150
18513
12406
5063
30532
17010
26156
30878
24594
17994
4889
28346
5207
15857
26116
25236
9273
14401
13427
3438
30334
2361
10616
14555
3582
18847
22221
23425
17240
31209
23587
29470
18149
19550
6328
16329
32490
23161
6952
17531
5650
18830
17285
12493
19995
8879
19369
6147
27343
25041
10699
6474
18742
43
337
23870
30474
32223
5605
3247
24171
11996
29899
9381
22996
20227
18546
19361
17486
8585
2633
3110
23011
8092
1747
6264
31830
31305
26622
31652
12305
29597
14769
23488
25951
21258
7332
12660
25051
30989
7028
6330
24105
22030
22007
7905
11235
18568
30413
12760
30678
9833
10039
5289
31855
30140
29996
32068
14448
6277
24490
16254
32231
28652
32075
10585
28001
15006
28952
29830
12635
12913
8609
28968
3577
11591
26190
19931
6395
17716
7920
8437
11756
19427
27035
5900
29340
3381
27320
27320
32721
9516
23382
2457
570
27912
20929
2716
26532
17327
30806
22907
27760
13650
9877
15235
7493
17998
4216
4506
8450
25936
3
31616
24311
18621
19741
16469
21844
15185
1950
8284
13281
7174
1961
29694
3824
5431
22588
15378
16017
20229
12293
1883
15876
8442
27768
20818
8052
1772
17182
15910
26594
23844
7472
22530
26463
10176
20836
12686
24958
26966
12295
4536
6665
19674
5452
3252
6643
9922
30180
11841
16526
4455
6606
6447
29950
10415
31089
16414
3054
10473
28904
7048
13697
29944
15773
258
1931
18356
31257
32702
30722
5261
3098
26197
23471
23410
14566
21955
15657
29681
21472
1459
8196
5023
15193
7678
1094
5050
6056
18798
15898
14861
4221
26055
30153
2324
27762
29960
25573
23393
20195
13294
7624
20030
2048
31162
1597
16276
11040
17716
13948
25355
24409
6896
29532
12915
7757
6352
708
15715
21830
25290
30050
7199
7302
19691
14496
2495
30936
26268
1236
27022
23403
19237
31671
15281
21472
23407
2841
17673
10402
17678
26579
28250
18806
31358
13564
7852
20563
173
11104
5361
1139
13754
21805
1257
5034
29949
12784
31555
30199
15431
22208
19717
12121
13931
24249
5677
25571
20221
16301
2968
29203
13145
22293
9252
1888
25831
17230
23826
25362
16542
23810
7598
15190
8135
25828
32305
30866
30212
14752
30182
15094
4240
10769
13452
24148
23240
14261
11004
28721
19435
23903
1803
19484
25118
11820
9906
21054
20147
24760
18028
27699
14250
6802
28384
21528
12920
4077
26048
20965
23560
19352
9713
25341
12800
13104
8940
4
4421
7060
23396
29937
32193
409
32553
32612
5988
15103
11340
10041
24680
13220
1924
1373
14554
2808
13264
27872
13142
9649
27998
10828
10002
1984
19372
19766
8989
2691
28397
12306
9961
17212
7342
12876
17416
11714
4025
22676
3379
28534
32569
18297
30352
18041
8480
19513
2869
31004
11206
26583
7144
22936
6866
4207
19240
12800
15198
7367
6770
11379
17238
3622
23741
2966
30753
11369
12871
18241
10372
10323
29075
24953
32195
14373
8626
1951
26633
25198
27075
21478
10761
27429
6582
17163
18406
5877
12373
12864
23888
14552
644
31081
7921
15847
26567
30090
2823
11121
4102
6016
3410
17226
26253
19184
6704
16997
9815
18814
1287
28069
908
11839
5603
24817
3656
23920
8800
21639
12958
5224
11723
19602
31197
13771
21636
26366
28945
9729
1702
15243
22733
19430
21994
544
552
2499
23241
29539
32006
17022
29921
6022
31641
16141
27290
30563
3879
2096
11273
25548
8717
2144
15637
18204
21252
2562
2776
13586
5539
26081
12360
11488
15397
30171
28182
16766
20077
8155
22998
7236
21063
3335
2145
3512
26865
24890
14199
8357
26074
1716
15017
25453
17065
25104
12150
23455
5249
631
15541
22476
26243
8724
24883
5015
7573
2759
5532
25100
18786
13086
17823
21043
1698
10113
25677
484
22172
5036
8130
4828
4073
99
30728
30225
19578
6496
15672
323
30941
3985
14562
724
26811
27520
1711
18393
5286
25619
24645
18545
25873
3445
24683
28246
11936
29780
366
10673
17315
31053
23235
18483
16093
164
25069
16993
27529
19001
12962
29487
28319
1463
8745
28113
5459
30479
8710
26062
27870
16165
13785
23894
1922
7368
132
3541
4808
14824
11404
16072
8973
22787
13250
32464
22588
30433
18978
29444
16349
13441
28667
12428
6223
7507
28496
21612
22865
7592
18558
19869
9672
15718
21024
3426
2748
29440
4144
4569
12195
8869
1647
32464
23522
7608
2566
14555
30097
13953
22125
13987
23934
15394
27020
31873
19573
29388
27424
30284
5567
23602
9057
9071
29417
25662
17634
18750
15559
17923
3512
8074
13751
15604
990
11122
18730
22099
20696
15485
25697
30444
151
16358
19573
26882
10141
24119
5530
1674
13409
5913
8100
21399
28661
20331
15307
7446
29158
1425
24491
28603
2916
8207
2447
31547
28066
2646
14830
13756
3968
5085
9782
21385
5736
17780
2249
26379
18037
8406
12869
15605
15835
32381
16393
18622
32643
32186
7157
13652
4341
15108
10608
28175
12155
16529
17328
13283
24707
25891
28982
4827
24902
3365
28823
19394
14759
502
642
1571
30302
21381
5375
24181
20053
30750
13301
9359
14162
7811
25327
24162
11735
26175
17439
25318
13383
29239
12452
8533
19785
2434
9736
26776
30065
14970
11533
17150
24606
13331
7593
14900
31646
18796
25679
6002
153
21412
11376
29682
4268
26095
5186
11686
10324
2025
19904
5162
26638
27178
20722
25080
30908
18714
878
21979
3915
29190
31007
166
21395
7796
12869
6949
11902
6580
31421
30804
17261
25784
20099
26575
6359
19494
26485
7306
13363
9386
22617
27586
11545
8593
22818
30771
31652
31124
10351
7564
1562
19953
9813
12320
12751
1985
3166
25822
31558
8069
26321
30083
22938
770
13108
21774
28956
3407
18448
2164
22846
17708
27124
30614
31152
21909
12732
19056
17096
29847
10259
9875
17703
11363
14903
24789
27802
15009
27645
30535
25150
31238
27412
26471
23016
2601
26509
13463
20163
10642
21915
13006
29499
30228
31896
27022
22554
1886
30537
8982
3825
6092
2403
31704
19386
12163
28238
1581
18875
1468
1320
22088
30638
3168
32269
2664
12062
22998
27798
9042
31508
25880
25503
16639
12787
18445
32334
6034
26273
31763
31313
12429
29927
17626
18278
19523
11547
15737
12321
30609
25340
15291
32746
10697
25565
32186
19013
32495
6150
21936
14166
25128
21335
18441
31140
15471
6446
20413
20765
31626
22411
15580
16218
1340
23922
24939
20773
27325
4241
110
8504
28775
9763
13126
30792
15794
25364
14653
11842
18786
10086
25952
12501
22015
18643
7821
21296
4742
180
9676
19213
13150
28961
5858
32494
6029
1370
22308
2470
20012
12645
26250
5916
4120
21753
18180
32332
491
17819
28177
15502
21035
17415
29837
13851
1985
24785
30922
24525
5292
5196
26339
13862
246
3499
6989
9620
16871
32102
5039
18419
4474
24288
8692
6996
23053
1350
21918
5629
2652
28602
3933
15281
26032
10417
29408
6193
9300
13465
10987
17154
30793
21440
13226
20593
19002
7025
8005
21461
17074
10848
2228
22292
29581
31815
10453
27496
13741
8402
16827
14179
3822
22969
21577
9777
13403
25643
21504
7198
31906
29043
19734
21591
22213
4822
12488
19445
6419
7354
15345
24119
15447
17678
11226
30223
22351
229
13652
30945
28255
25956
29188
20103
27527
4063
14335
10904
21139
22847
3991
31466
1425
22695
15220
8021
11656
31063
1766
20154
7015
10192
20089
19780
13628
23096
30410
22510
17318
30721
17818
26950
13197
25798
20769
15216
8208
12917
31140
11117
14527
16051
8522
24990
22539
16252
5676
25475
24058
778
25259
29385
8992
26361
30726
23940
6090
19112
26412
9145
25468
226
7118
5663
6302
1214
19897
21030
20594
30147
7267
16185
17225
8016
2243
28992
12535
3899
16742
5226
11652
32697
29888
17961
9764
6270
7616
32638
12905
19237
32423
29814
1464
20177
15897
3317
5370
32533
23156
23218
17555
8721
26466
12419
12952
23006
18858
16091
28988
17709
25932
22928
17804
4906
29132
19170
15965
3751
26830
22458
14210
25718
17123
22831
7490
10518
30371
3918
1033
24979
28156
4379
26717
5031
26057
32211
11028
8485
27558
21364
7620
29335
28163
3711
13180
13606
4728
30461
10673
12219
18008
16064
15739
29540
15753
21739
16642
27385
21395
4789
9522
3583
758
9577
19383
15052
26305
22961
13605
31724
31328
11285
24438
15556
2998
17087
26810
12661
4972
13441
18954
30212
26504
16665
16062
10423
31809
24243
11232
962
10001
16559
7136
14882
6157
15269
8840
7114
32114
10918
15667
17661
1408
14789
826
23803
12939
14806
15024
10207
13647
24950
9551
28616
16772
8012
6577
2359
4274
24974
15556
30392
1863
30406
28536
28613
12263
27606
17594
20199
259
2873
5030
11038
8365
24973
31224
8323
6826
27470
25284
3116
15561
20453
25960
16208
3444
19937
4286
28075
4229
15492
30358
23332
20059
18049
2915
3246
20780
16900
11828
108
3228
18931
27878
12568
25487
31859
22680
26789
16444
687
32352
9763
29316
17877
22588
6884
18561
30048
19020
733
5473
17053
62
23630
6773
30056
16137
17062
1669
15927
32478
28833
32615
26971
24923
11699
27087
22402
22531
10921
25449
24447
3819
4494
8997
32078
28597
19659
13267
29266
20674
18835
15599
15074
9380
14718
19902
32004
15826
6004
24218
21624
31392
29645
31881
8185
28014
19382
21269
13247
21791
28631
2136
5448
31181
15923
8023
9304
16826
13135
21649
21823
4746
5782
10455
24666
21168
17916
3677
2780
7975
25826
27666
27854
2402
29241
27437
22613
29061
2539
17160
17972
20693
21878
30514
27537
2157
28634
15296
23804
2100
16566
29667
25261
25099
4782
32448
25101
7499
26895
18043
121
24174
22710
17813
25410
14092
26670
30329
12536
12810
15128
24913
14312
28686
3280
15390
24035
26677
15949
20744
15681
8457
31561
7922
4902
30125
15010
26706
25348
15195
7681
9280
29537
23313
29881
1485
2011
13190
26098
3477
31849
22371
1542
22936
9699
31664
23339
10053
7109
10892
5459
15320
20272
3618
32080
9958
4913
26584
24380
4918
31302
1993
29720
6611
11550
22646
3763
19295
7841
21176
4045
25514
16688
28154
25981
23428
8494
24740
6608
19663
2239
17626
13491
23768
4303
30055
29971
8423
17239
14068
9538
12564
13019
382
3741
23901
11064
32263
20588
14582
24476
3211
7689
28640
14806
26165
10309
6845
11984
12243
13831
1251
15449
4232
12342
6319
29736
8384
9433
26139
14366
17769
1405
30611
3020
19297
9431
26885
7989
22314
14251
30008
30421
31973
23789
27998
21730
5246
28965
20204
18385
7716
12568
27561
540
19196
28580
22533
24387
32278
25324
5037
14865
22944
19637
8284
30752
11353
528
31476
28319
21321
5690
10957
1107
25520
11456
23373
13532
12604
14054
13241
22842
1150
8266
24906
22927
5535
11973
1924
11302
8015
6546
2755
17845
7679
7090
26903
24287
3920
1422
5457
13053
17867
4575
2142
7198
9426
459
31956
12364
22742
17488
2251
17426
24523
11494
2542
30267
30169
32096
6098
10459
14933
18196
28806
2964
8431
26427
4971
6930
813
8859
32325
14808
26136
9315
16531
17983
18485
25686
22812
20923
2998
14379
4555
23905
20722
5172
19900
16294
21779
16191
32151
5994
10510
32186
11805
28725
21721
30746
25856
31680
15064
24701
16376
1207
20376
7053
2579
32445
31167
28840
15181
22449
11843
1343
5728
28207
7387
10108
22749
20826
179
11304
12668
11737
26980
25547
28848
3104
4131
27413
10111
17393
3384
23164
10385
18722
435
6439
8071
13728
2394
22283
12942
13492
2277
29268
25139
13189
11374
19462
7033
31455
10787
20452
12328
5682
7486
13201
10601
11230
3383
12533
10384
10925
30007
16354
19001
28833
24529
4855
16278
20209
27373
23493
4615
3918
18436
6705
17643
24170
3219
31513
18871
16315
26313
2619
31301
28285
2691
15186
3438
20470
27259
3713
14810
23293
4540
21493
31511
6333
12634
21191
11497
8887
13919
22303
28897
16902
31752
27551
4657
5095
28210
16895
23487
22392
12303
3828
5240
18624
6941
23895
5607
11504
10841
7299
12550
29672
9648
28159
21844
4861
8630
30301
11815
31994
10138
13665
10820
23396
6490
10598
8621
27907
9779
16894
3514
11677
25436
26073
1899
11013
23795
4072
32765
11093
13112
18369
26555
2167
6137
31046
14103
25834
16461
28545
3577
7618
7813
30419
23895
7665
30816
27214
20230
30406
11646
12383
24528
25011
16919
27312
24518
3923
493
23884
19671
26539
20351
20741
15266
8113
29568
29971
17033
18442
135
1021
6919
14616
7944
12221
27971
52
21891
6431
31205
12856
8443
22122
5672
18241
29098
19778
11824
25523
24563
25549
16799
12925
11672
19733
3683
13470
26413
29869
24017
10728
14797
19864
10232
30467
20747
2150
303
11446
20779
29856
1521
5218
16787
4454
14571
26063
31612
4439
1874
2603
28909
21937
26490
4176
24554
9401
17829
13894
17897
8030
13081
11273
10117
14873
2933
29580
118
15639
1092
509
28609
3994
23251
1611
29740
21149
5184
30950
19701
3767
980
22726
21187
31041
2962
14766
23773
5307
19216
1970
1690
12396
12422
9207
26905
2889
8229
16058
7473
7704
9642
4755
6571
20693
25650
25851
16815
8021
14416
28685
14205
28969
16477
6537
18270
10437
16143
6942
32473
11746
3149
32745
17449
30496
2114
6969
495
22256
17585
23701
15141
4017
22664
9472
6995
29465
4535
379
22277
4311
31042
28364
28796
14454
23957
2686
13476
21125
22297
21801
1094
21749
31492
27123
15743
22210
12405
20311
22897
1750
23488
17701
4664
2602
21510
13258
9503
1326
22282
8402
1300
21611
28479
19627
4442
14438
38
23980
9342
30920
27862
15445
3980
17085
3292
1241
21890
18074
25414
12761
15109
22722
19451
25715
32339
6602
4942
28027
19321
27099
11218
31752
16582
11096
30319
5427
6015
6337
20661
14619
17620
12760
23921
22829
10003
1026
15230
930
4892
20975
7902
26696
22037
24189
9
6790
32607
24282
21893
13466
1736
22505
2999
16422
8962
27368
12025
2027
25684
21839
31725
14036
26511
10235
18960
26678
13636
31115
1170
3414
8500
6155
9573
19500
15880
32208
26260
15206
14658
3490
7638
8112
13172
23073
30307
3635
26799
31841
32006
6235
15679
15832
12915
25822
661
6522
6108
23034
2181
22562
27071
15614
20146
19508
32002
27403
27206
28800
29249
3868
29670
28266
13159
31044
4581
20296
28539
31543
29367
23820
2237
28172
19369
30243
10482
17729
12240
22685
28668
21248
21311
10381
28845
8608
3709
13747
28637
1647
13879
17496
6586
20911
6961
23930
8544
16350
18050
27177
32426
4155
17921
7729
15943
25733
7419
30201
6160
19974
11559
19371
16280
11216
11227
18325
8965
15943
30591
12240
3103
5087
24899
23327
22439
13095
16141
19225
14058
9735
22965
12683
12182
19013
2933
25880
19915
2894
8859
2338
15477
26932
23681
27886
14298
28915
3263
26114
3695
2552
17567
10706
9200
15588
3794
27292
10927
22413
4961
15249
1837
4677
14310
53
4583
6752
4091
27400
11122
9712
12787
20326
22218
29907
17352
19116
19944
25328
21589
2204
17554
28605
21701
9987
19831
24325
17996
31896
5499
22248
28693
18216
26960
7971
12667
1264
14662
26001
17531
32075
3940
11250
1129
15501
11191
17132
3299
1838
15082
30287
17668
2091
23319
20125
10969
16041
25309
3018
29465
28379
7859
15680
20752
6695
30843
6950
31453
17028
15707
1250
15837
32039
30152
18652
14183
6238
995
6533
1466
22716
31753
21401
1331
4470
27557
31137
28100
7181
585
2235
25761
29485
20734
2717
22076
29910
5080
2264
11380
4025
14797
17754
13577
24549
7878
23607
19540
32418
11255
12969
8245
2461
21100
22357
8012
9542
5093
14287
26732
32375
3556
20321
20044
3926
15108
13064
17280
11132
24204
7872
17064
5975
20036
26625
1768
11980
3720
31114
10392
24353
29850
15453
29244
30747
17213
4619
438
6243
30079
17457
2490
14638
11222
3395
18307
7453
28526
7816
196
9826
16322
18278
7650
22565
7786
8672
13408
1830
3379
26717
5531
32163
12917
22699
13751
5756
6049
18499
32473
5013
13850
19919
25750
13180
17990
9193
19372
19020
1252
10534
6640
25041
25248
8531
648
9452
20964
7166
25178
6713
9970
9273
16580
29168
15920
7578
18574
27401
23746
29318
19741
5028
32606
30639
12265
26791
2908
10460
14897
6313
5645
8937
16109
28175
13902
32526
6404
9332
5213
29540
22975
11599
11243
23716
15229
10191
29810
5426
11433
4106
25544
15707
1770
26967
32501
22747
18073
26616
27970
26019
22136
24061
16786
20441
17313
28516
28149
26399
28092
20869
5499
14616
1909
6574
12358
29992
31534
24330
13795
15740
2032
13255
16859
2379
10920
14711
26244
31835
10128
21687
8733
22470
18411
17423
10778
26622
8181
7706
189
5135
28954
31463
2278
29220
31846
19614
3116
1357
22845
11111
26412
2175
9292
6279
20513
27357
6847
31948
27574
24885
30132
26156
9240
12494
6640
18601
30286
5985
28625
18040
10701
29797
30596
17249
9799
6031
28024
18281
23493
22682
4883
29871
28917
23620
28579
5268
11205
10905
7575
30
18480
31347
30703
26527
12632
22082
15345
15761
20694
32265
29470
18629
26702
10921
14692
8637
10566
5730
13205
8022
32568
28311
18968
30377
16357
4817
31711
4660
13805
17671
23960
25653
14749
12061
6440
14423
19464
25002
341
18576
26713
12286
3522
6474
32615
3428
21281
24769
20874
20388
19364
32172
6830
31436
948
16671
17573
31280
32486
4016
5058
27312
26923
7641
419
23097
26695
19357
14926
8335
8580
25454
28544
13641
18343
16463
30273
10013
17699
7990
25276
6237
22157
8116
5710
25794
10576
14295
29661
21609
21154
8016
11883
27
12982
30161
26090
19153
6195
10425
1618
5239
14310
23539
7410
2545
19635
23067
6147
13916
29650
20451
9347
14742
6456
22198
7745
18432
2130
4763
17972
22402
29945
26459
13072
7632
4259
2278
12315
17388
32726
27379
32317
29421
17379
21479
11095
7678
27856
5880
29654
11689
10134
14738
25224
28758
31885
2041
8878
29710
21028
23857
14418
11653
2005
8731
4827
4184
15704
18400
11742
31891
6679
16786
13367
9590
10467
16657
22873
21881
7141
15148
23778
13197
3287
30473
27763
28069
3444
11463
22462
27765
7212
30561
19168
29817
20765
7638
754
22586
22335
30599
12506
8141
1502
28640
32359
18844
11854
27962
27038
2153
29146
7936
27214
8847
13309
30481
5611
22155
31957
21094
13720
26812
24532
5365
646
15975
15033
15573
31869
10750
24766
12450
3768
19618
1555
19747
30454
12518
32652
30250
8910
726
10903
11964
30531
2360
4464
31858
13976
17425
8088
6687
30822
21611
31363
15795
26603
4438
21136
30048
15525
28205
16447
24571
8479
5658
415
17572
31756
24796
11269
19881
20370
1224
9731
27304
8936
10766
32152
7668
10787
17214
28325
14650
8269
20235
11680
19813
1976
26446
19084
20926
17553
16718
16425
18008
17848
830
872
21931
12239
4871
10017
14719
16018
16968
26632
26380
20582
31643
13534
18015
20532
21787
1764
30975
29047
11299
7829
29649
29332
11864
30868
28729
22891
29673
3812
30850
24107
3861
14935
4992
30826
13550
18505
21363
17013
25437
6285
19503
9956
10343
22440
13434
3186
28334
10557
14006
29708
29499
22217
13504
15656
18554
22161
791
1112
2694
16088
24385
20511
10407
31060
9578
3
26650
19171
2383
12771
1040
891
22106
4491
3832
27231
31502
18054
30977
15001
25510
29747
24539
17316
26617
28
3006
617
20641
4738
15790
18029
14172
1341
13053
14152
18098
13507
529
20057
7385
26502
13416
6328
21973
16259
16856
21868
227
27159
20764
17374
1304
533
24972
13966
14662
22551
16940
15877
13087
5393
31208
11
4509
27436
1310
3865
18081
18641
3165
22033
9178
16899
30829
27693
12008
9203
1935
25909
193
26318
18437
29174
13396
29146
7125
25839
10349
26049
10699
28493
6361
24877
24509
10778
21194
29588
27154
16305
2173
12886
17541
18805
2073
9221
18471
13762
23003
30211
23203
18980
2416
12371
8902
5575
7842
23465
26175
26671
2359
19907
29859
8233
1046
4092
17332
26370
13228
5151
8418
11254
910
11129
7186
29675
1888
29746
3999
20832
25333
12509
27038
6304
32183
15949
6759
9275
1354
7082
19537
15798
876
14533
18620
32386
2848
32425
11861
15659
16651
18035
23701
23250
17182
12899
14475
1245
13173
7474
11996
16109
27263
5030
5896
18704
5216
3173
23534
13881
15763
20999
3475
18157
4820
21358
16415
23614
22589
20058
23592
5885
23471
2104
17459
30508
26227
2363
29560
4018
29217
3502
31206
8786
9409
8585
31079
14302
22577
6722
2149
2216
12487
25317
7565
18746
1846
20071
26835
12103
10678
25656
15798
17121
14431
23319
29381
20459
8406
13866
23138
3026
32044
14414
14534
17272
23043
8620
23365
9585
10227
27533
13523
31858
23596
30319
9160
28166
1116
24151
17632
4483
20947
26986
30598
29501
24549
17591
30546
22521
14735
856
11984
21669
25182
5049
10115
3654
26253
7991
15145
13873
13933
2029
27201
5758
20746
30922
31691
17082
524
15335
19023
16604
14043
19224
25120
15994
12039
20162
21730
9789
3046
32492
26186
10643
895
6808
30245
4771
15014
26963
19356
29318
2665
31499
9654
32692
13483
6689
13598
14524
19471
9151
25383
7993
21272
14956
2573
7937
22158
1757
638
30111
1827
31502
10840
11780
5718
19346
18613
1145
23192
4904
29477
18136
32429
21646
22586
1276
16470
20122
4938
9590
557
22150
28016
12929
13520
11404
12244
29497
23361
32434
27436
9479
11917
3560
22659
26976
9388
10576
14137
15279
24233
29661
19532
911
16899
10271
26325
5950
16722
20061
3542
16974
6189
6373
15154
9374
32332
23200
18429
32137
5610
19433
28150
14173
6509
4511
594
18191
3145
14969
19900
13357
29474
9882
9625
23827
22321
3430
10896
19298
6376
5523
20554
11438
21977
13187
4726
17271
26068
16849
31505
25691
13135
2090
24036
21385
29451
9310
27982
5753
32501
2486
3139
3547
22603
2697
405
27597
5375
8202
28786
23120
15456
25700
14895
26109
22263
29449
11587
244
13743
9030
9623
12822
13370
20764
509
17524
31407
10315
4861
2822
632
9647
26328
3233
25195
17103
5831
11299
9783
32692
31108
8433
13570
16119
24331
21411
2896
10270
14754
29437
19495
1065
22551
21793
28017
18535
5449
30980
929
17294
8425
15391
28825
8459
17794
6247
31179
13975
20407
32382
2463
20491
31437
8235
8213
28021
1641
16136
13996
10091
22938
21370
7042
11679
22297
8166
1980
5044
18128
1058
29992
24656
30874
9514
30497
4723
1098
15637
6836
4359
19182
10055
4609
14520
7509
31975
12003
31749
11214
21908
28883
18839
9011
83
10761
11474
6950
18636
32741
23723
14747
7351
19086
11449
12183
9617
6105
5262
29494
10899
21868
16711
23283
20196
26147
25954
32292
14
9906
15056
32452
10415
9612
27467
8309
31601
4612
21226
20677
27195
9906
20723
1201
7593
4889
6896
3944
186
10374
17925
22097
13513
20027
31360
1614
447
205
1458
11843
5766
24779
15870
25298
11713
5280
27951
20329
27322
443
13582
22655
667
8429
8757
13082
1506
29202
24862
5525
24079
21235
18815
26016
21407
15723
13274
1928
12350
12489
19791
12985
20793
19062
23990
28545
15922
20952
13290
8726
6167
15221
11367
18139
29781
26460
1560
17375
30792
7873
31082
29606
18678
5351
17829
19757
8958
28483
10364
19752
11979
6366
29667
1166
25869
25851
13856
28759
5994
17658
10277
32389
29040
5500
22045
25697
1487
18120
13893
10759
15301
25709
8701
3876
12505
16425
25887
11519
25292
17418
22415
31158
13773
12243
13587
4298
10988
17825
10085
25822
23249
10702
13959
16060
2222
31254
4951
11673
24946
24568
28771
19610
15168
8799
23806
407
26911
31362
22164
6430
30451
12297
1082
25531
25004
16497
20617
14454
8125
5553
21933
158
3535
4126
20409
12485
5047
26508
2365
21260
5542
10166
30235
1697
1440
19424
28822
6277
10544
15802
19628
6547
26457
15240
13734
5566
13007
27008
2541
20634
25704
4723
10527
11038
6605
23472
26722
5800
27765
28710
8441
14657
5332
26312
3349
10018
19919
26678
26349
21880
3188
22425
32272
10853
24552
718
14074
20039
3488
7624
10470
8764
15828
3375
19940
32742
19505
17485
31019
9835
4303
14891
1968
30912
13666
14839
32504
28968
27316
4777
3626
28151
4691
27111
9576
15260
12422
13861
5983
32734
14982
9232
31005
27238
5355
27437
13347
20094
22117
21949
32444
2584
8876
32741
11917
24082
12730
4619
6508
7096
22327
31363
30838
19339
7733
27243
347
12609
19741
6611
10749
20748
26089
5922
19002
23071
30356
9652
4101
6767
19919
28616
31164
24502
26614
3994
19125
27070
10306
13260
11803
20956
12864
25354
31736
3002
30594
8942
21650
25434
19860
1569
1531
7256
8241
26052
28644
5744
5047
18958
22962
6975
11225
17974
28372
14670
19092
19347
21843
20556
7012
14338
4778
12955
16055
9096
13017
15
18850
12600
26037
7666
28115
26455
1666
28747
24007
21183
16835
14431
16701
31105
19793
15481
19946
24782
26283
7399
22638
10776
2957
31301
29063
2932
8388
20734
25476
10051
31552
11791
9213
1809
32619
8462
3522
15805
19129
3947
30481
29914
7040
19703
30732
26966
27403
7586
30057
7001
28138
1161
17260
13680
28299
1072
29970
28395
13839
13323
11152
28036
30550
20292
31227
27201
28764
8376
12617
7579
13769
28739
10360
14047
23747
21821
21773
25301
30471
4676
18368
9632
5432
24124
24950
3045
17270
16021
21615
30511
13363
22220
17857
2450
3394
20789
8965
29839
2865
17655
80
12088
28377
15704
4709
22420
26931
17979
6440
17221
31086
8678
20054
872
28990
3081
11380
24509
4982
11772
8709
3336
217
10313
1280
8887
26413
21866
23169
5060
9874
10708
18111
11997
24850
21812
14654
27075
10361
2296
10566
31728
15975
2065
30355
3196
6819
25591
16974
30529
11186
2798
21564
27966
1449
2953
24630
29753
29503
12652
16345
2472
7462
24405
29822
27858
15260
19038
1388
21554
1597
31356
3661
4636
22043
13388
4575
27811
11792
12303
25836
11449
7507
16882
17788
10392
12362
22420
29257
19809
25503
28354
22131
27651
19862
27013
7541
19807
29086
25438
17240
20906
29222
27600
29991
7954
5297
18975
21922
9124
19501
11864
31286
28269
15744
29585
13357
9183
29285
22386
31267
4471
11894
19188
1465
9373
6793
16489
31117
18636
14912
6845
9065
28914
24540
8699
11962
20506
4690
8466
23364
1352
6561
4314
3093
16036
9570
29778
17079
6107
16801
18988
23210
14275
3563
14219
6417
28990
27304
20491
25772
27488
4268
7938
14854
5332
18184
22021
12272
26235
11046
17582
8237
14679
16149
32157
18543
13224
12833
19645
30595
4436
6055
25288
6856
19340
39
23054
16357
25517
10395
30834
24251
21860
13319
21173
32665
29718
9042
13559
4527
14207
32596
29818
1478
15257
26928
3754
302
30655
1252
14682
15607
28946
29214
18513
25956
27676
18258
3077
3484
25011
17161
3494
2979
15136
10108
19550
20617
6529
29793
24536
4321
11372
29445
9215
20853
23509
18587
21000
11320
18738
723
10930
24956
27612
21167
5580
2405
19641
27027
23288
31134
9496
11419
22448
13130
25820
12848
22150
27966
25565
15838
27568
3693
17035
11872
31427
11427
15829
4605
18879
25463
31305
21784
17740
6011
2684
16130
23107
31157
13484
12562
2160
24403
15268
23544
4759
16794
12000
24398
28596
31264
1522
1904
24967
3899
2852
7566
21584
9401
22879
32255
27608
25809
29003
26840
25008
30042
10680
16574
6333
19771
32573
11256
2549
32291
1822
19400
28259
18042
2419
32252
19057
32663
1671
23744
15974
15411
11135
28854
16430
11037
31292
18761
8794
4656
10370
28478
3175
30083
31321
25995
18499
16095
7091
11373
2317
31094
15696
31413
3868
30161
30943
8546
19780
27147
16486
19829
29524
25149
23779
7169
483
5433
16436
13442
19277
29051
11828
23919
1528
30300
295
16147
21468
11657
3416
18584
25410
22708
26624
27493
3275
10121
5482
8362
4789
2532
25173
27960
25946
29249
27802
22423
4345
7284
7950
1106
14521
11418
9386
27798
17131
14927
5865
25339
6800
7201
27506
23202
10779
1861
25847
9344
29560
22409
2909
5881
26956
5002
28445
21425
28031
295
15338
8095
6392
24117
24212
355
12455
4468
16940
6617
27593
26562
26729
27374
28519
12687
24906
178
8992
21649
26109
12463
17193
9657
6912
25466
21394
8037
15750
7303
22731
18391
16412
13377
31078
23526
6796
30810
27934
4595
20737
9824
23833
2335
30317
29842
6506
14523
11816
7409
18394
29697
28890
7834
28648
22017
6298
10578
2062
10717
30807
26467
26694
9017
631
6567
17869
31470
17087
14818
7207
17406
12147
5972
10083
3277
5566
8591
21408
8334
9555
21895
17872
31995
24405
232
25020
20553
27765
20396
29001
4955
7770
22508
20729
5174
8261
6134
17844
1205
6901
6817
24521
24957
20424
13789
3888
17716
28452
6030
19730
31726
11797
5275
32394
27368
24375
28225
29870
8313
4823
430
11721
8261
597
5579
15339
16308
19148
15193
29860
9891
15093
29503
19980
18521
14409
3874
3334
26812
32614
55
10438
452
17332
2133
1937
7473
29256
335
30916
30329
7177
11904
4120
30981
19217
19623
17956
28316
18262
21494
548
29216
3721
8293
28920
31352
830
29772
19824
4557
5966
2353
32198
3321
30073
8926
10860
22332
28240
22711
12808
9777
11347
2379
7870
10753
29526
11305
173
3543
28457
30197
20924
23700
21879
699
18070
7619
24303
31362
12531
16079
23458
25637
22298
7283
26284
6750
25763
16499
32023
5924
22658
10122
31740
2359
5185
9123
18923
26617
28813
11852
12173
31103
31476
16231
9096
32488
16621
31778
3491
31469
19481
21034
17707
18106
13256
21276
20117
26876
26559
25661
7268
25404
6201
5738
22350
26987
24363
14930
29082
14270
3788
1250
2508
31420
18773
22529
24708
32149
17925
894
26020
4789
26473
4678
8369
27289
1754
30683
30844
19681
6471
12801
7681
26535
4405
12987
7823
10512
8707
9845
24873
22304
18547
27267
4909
22995
15462
18378
18483
27497
12263
17853
20792
8961
32619
10636
3836
3433
14167
30103
17320
18485
4803
32041
10164
21262
22398
24675
17928
2893
13138
1142
25441
1481
32393
23574
29943
15084
1967
5163
27229
14605
19610
30921
20136
20729
17576
9826
1235
28883
8264
23354
9058
8479
8636
32028
13126
22553
29469
10060
22017
5963
7583
21692
5898
1886
1558
31362
27763
1585
4793
9866
10953
23336
24102
30344
28732
1479
7079
31537
19199
23167
4276
23467
7922
25031
18361
19778
3711
11631
24601
13148
27329
6193
8050
31663
28396
9098
10275
2737
19177
26568
30987
19536
16704
19043
6804
15588
23611
28304
7408
32354
32329
5140
19363
19922
20896
22614
14914
27907
23334
3513
3706
21629
13458
7464
11091
16823
12750
9715
8630
30090
30112
20441
2606
14054
14730
870
11243
28100
19695
31871
5388
27227
3958
27451
2078
11415
27316
5876
25311
16327
3845
14238
25160
32406
30650
31064
26571
21308
31354
24129
9178
18421
26082
29325
18856
31666
29551
1752
12339
20239
4254
25785
1154
23942
17233
12699
28971
5858
11637
29640
24345
3318
29666
28103
13196
18830
3202
17384
12129
16550
14262
8221
21396
13018
10485
18443
28419
5150
8887
22881
14709
19119
2449
8297
8154
23114
12961
15581
9685
20379
28972
2299
119
32760
10118
30427
20046
29007
24370
22529
4254
32349
11339
17199
18926
2849
24610
3196
26054
23953
20265
938
19896
28299
11792
27829
20381
18190
18989
26280
14625
15786
8481
13492
19586
10293
7097
7555
29332
21952
28690
21706
19977
25801
28417
8990
5103
18867
16561
16392
19834
6515
21646
4699
26372
27787
2146
19141
12370
28220
19134
3237
12825
27639
15516
6428
31936
30998
5698
12391
21608
31433
21354
7532
24106
12371
27295
8082
12959
2934
5098
9942
31142
27947
25262
5660
29537
6807
14033
32706
4737
32315
18716
4219
3012
2411
22245
7259
32443
18945
12523
558
7121
2130
12673
22798
27529
353
24047
7221
6919
4435
14101
18703
29138
25123
32081
9107
21720
29335
27555
5332
31411
2419
11791
22483
13610
26860
5955
26776
29691
22111
22906
27009
25816
19011
18080
29401
21679
23645
23479
172
13870
16434
7033
29402
29063
26050
31807
21355
24944
4723
27937
22306
8558
1612
13919
19541
4436
355
14592
27644
12806
15769
20920
16647
16259
12420
25359
6645
11299
10669
19136
14498
24861
8444
18015
13408
26699
18800
2879
16970
25394
15379
5523
22485
29501
20270
29395
23464
30537
28089
2914
22702
16998
789
12141
26473
12252
20222
27414
16777
14445
13755
26066
13245
27866
24727
20751
25033
31145
17045
10779
4313
6180
21856
21313
27668
4261
8833
18485
30581
12817
27860
29106
9430
25251
3645
23649
16206
11755
23959
22269
8381
29718
12525
15285
26021
7791
20461
26833
4924
32038
27289
11417
25535
12880
26688
10354
11528
20016
8877
28491
5475
181
24990
25399
2718
1091
10872
5723
12127
9655
14392
13067
12986
3493
12205
12080
17923
12003
25573
20205
9441
32332
16101
14978
25508
22462
8860
11120
30681
13413
22042
29918
12059
5692
21246
27451
2092
19664
1837
28453
8772
30536
24266
8073
13992
26530
10850
30476
20607
19263
13670
22698
14049
15522
8415
20381
15666
8821
22109
1665
28078
32716
10032
14773
16964
6574
27611
10500
24488
5586
14278
19589
1700
30374
30003
20671
12207
6293
32115
7697
1216
5258
346
28498
11620
11184
22000
15284
8463
8317
31081
30702
29615
8430
25688
29338
20615
9748
31519
20443
5947
27855
13226
26692
20263
27610
17245
3829
25845
27399
26954
775
26223
8140
10408
4139
12433
29439
1920
8845
17379
21470
9642
20991
13062
15442
16376
10323
24460
19061
29617
9992
30989
4945
22081
20522
29302
4843
13614
13939
24997
23936
4686
22710
32051
30222
12344
19582
11409
28182
17144
31730
24151
12960
6407
31483
6360
10881
20602
14249
30970
2521
27769
2515
4933
32479
24307
26110
27449
7137
23184
14208
29925
8838
231
9702
21685
5207
16626
18834
20876
11389
31166
5033
11538
9932
13671
27948
22096
30721
4164
20836
10874
23368
8287
26500
14347
22786
28968
24458
14359
10948
26474
5734
12765
8355
8573
17758
31901
27567
10174
16561
5033
29117
316
2426
28861
3690
180
14040
24723
25948
24000
31308
1459
10699
28235
17250
32137
32576
5192
18068
23481
22429
13219
27499
28599
29278
17528
26087
2194
24862
21892
32545
11024
13661
4825
20783
28160
15232
9429
31304
28876
26393
31572
2856
8270
21609
22821
13494
15844
804
13243
30949
23751
11891
15141
25304
18840
26175
7745
2633
4156
19885
24364
26155
5098
8933
19452
12942
28034
29720
28594
28100
1057
9665
3946
12482
5106
11819
2005
26312
5959
10803
7913
10309
17896
12111
7639
15605
7850
32463
18238
2380
12100
32355
32158
27415
3679
6622
11791
18785
15340
29241
21299
23443
23482
32219
9321
27616
32328
32279
17731
6368
27608
28151
2363
23163
9668
20024
8097
19977
4629
29333
15320
3511
1362
13385
3522
5933
7830
11727
7801
1390
10725
25580
25920
8703
31936
32751
10425
4427
247
32568
88
7750
25023
31735
2583
26961
3844
29494
10347
32350
2817
11290
23671
5716
13837
9317
4224
1973
3256
9792
26274
10878
3094
27448
24513
13134
12379
28806
28354
18891
16808
24723
19450
24129
25381
13755
7398
653
6224
31313
17437
19002
13461
18916
28036
30185
26910
30657
10945
28150
25836
32441
13298
20568
15143
7717
8350
5577
946
18471
11499
4648
27139
17714
24338
21531
7730
12492
8465
10232
23631
13202
8864
16870
32249
7805
5989
21311
18988
19301
9579
3897
30555
26307
6097
25286
5055
1723
10687
25528
18414
13146
32158
15145
10159
17436
5257
3866
1293
14001
23038
12122
31146
25344
6106
2474
6742
12397
26244
10526
2272
12375
28008
17606
22572
16869
1959
8590
30342
8963
8460
19299
4662
4775
24387
27031
11349
26713
27461
12935
19935
17650
28439
17019
4873
16548
7092
22989
212
14906
19272
17998
22754
11169
5022
31717
24456
10152
23772
8313
18470
25860
20590
3857
15283
31383
13376
5690
11676
12530
1584
30122
29391
3352
27587
24354
20242
30852
18966
32409
27802
10862
6680
19862
29145
13899
19703
13790
10647
25491
21720
18255
28996
12998
9675
1292
24973
13233
17150
3546
25901
4334
11313
9162
12806
29866
16233
22297
22640
10922
25321
22612
23761
9104
2910
13759
3950
15707
29274
2040
5760
29998
4355
20952
24203
26194
13069
6042
25835
14973
13797
28991
4271
28501
18479
7216
3499
5424
15731
20518
24009
27422
18963
23367
5280
31785
15233
18834
29000
8667
174
7036
19052
4097
5830
20443
160
19887
11802
17668
27381
16260
7006
13616
29131
10031
26900
21029
19431
15410
7496
17426
4550
16870
1918
4026
6960
16064
10985
10196
23312
14546
6365
11698
11650
7061
20359
9506
19502
10981
28892
8082
23765
10061
26063
8823
20009
1925
16839
19695
30434
27449
31312
164
11022
11020
18192
4596
15272
10717
15870
17232
5229
19273
32718
4066
27627
13169
2223
2419
14811
13309
31033
19851
26544
2657
27553
21978
28528
21342
10544
10198
23747
22476
21491
10150
25674
5784
22707
4671
1329
12297
15655
25293
26888
5703
7785
10068
30158
10013
29607
2199
17999
4862
26907
2361
31921
13638
26429
16418
9033
16835
6711
4644
4019
27508
3481
11998
31777
26768
12366
21729
19187
30666
21711
8466
10376
19156
406
27984
32596
31266
9686
598
29235
26096
1641
8418
20733
10374
30473
9751
15195
32187
13252
20255
26073
17336
28330
24598
13628
30974
26057
12835
9237
23467
5467
27880
9878
3576
23101
28445
165
25607
6307
10871
16943
16092
15115
30415
23999
6313
7535
8320
3407
9806
14527
13841
31070
12832
8846
22804
22082
5097
13580
5709
27584
27185
29492
2327
15066
30908
32070
19972
13800
20564
10616
2244
16106
9161
5352
328
24605
28213
16598
7206
29388
20100
4112
12864
10345
15412
14509
2977
10716
31066
32254
423
16667
26086
18114
3175
16635
6183
25497
16205
8006
24210
6588
30979
29965
3775
17898
19092
22847
17844
11174
22994
18811
32102
17567
17141
5411
7037
9328
15748
32434
23896
17545
2169
1871
17745
19565
24992
6306
27970
10783
3136
230
25160
3798
11005
30015
28102
9208
28925
3662
28589
3142
28234
29443
11771
1364
31607
9651
15746
15677
2183
10091
26603
12436
21258
25987
13050
9374
18313
9590
27924
4542
4644
25329
25342
4656
8826
21545
8935
10490
9929
2162
28841
29984
16982
21774
20300
9496
784
1090
17355
15997
23152
31407
13595
3592
7587
18144
3434
21435
20715
20256
165
32607
16963
4494
7228
4401
14146
10867
1065
29401
12865
5330
303
23707
4800
22849
17503
6865
5382
7928
993
18329
29960
21288
21745
19659
14476
23182
26408
16942
25742
327
1277
31723
8675
7398
32139
23873
5404
5316
23445
17275
28077
17559
3527
7455
28751
27974
25662
361
162
10236
1867
23543
28183
3964
19316
198
2061
5044
1724
15453
15674
11156
19237
13384
19021
22816
10866
11208
15313
13252
26417
201
18261
27880
14073
29972
16330
709
31217
6086
10540
5495
2961
25345
12133
4691
4269
25057
1134
10618
26287
29362
27063
16814
6180
31072
26825
24165
31354
5678
32554
11292
22791
13483
16768
9966
20814
1763
14842
3941
17534
16594
1516
8592
572
10270
30393
16982
4258
19461
14838
5897
13704
31123
19660
15167
9474
16409
16030
2269
31017
6620
1772
9844
22303
3338
29304
20433
25933
22770
27559
3279
30447
883
8745
19056
4307
23221
21980
2604
11101
16152
18670
7049
21967
18794
7491
5100
7879
8541
8470
30895
26122
6200
20194
20339
31615
23500
1155
2232
12159
21930
13720
30891
14412
2707
7469
21054
4318
3632
12951
22654
13542
24323
26014
14882
24077
16030
26082
19295
9852
23059
31095
4612
13474
22187
9939
22466
21553
5851
13802
14027
8298
19315
19607
21664
9115
9497
10814
16163
4070
14838
18096
8180
30019
29615
22606
14842
6344
6551
1394
25920
20777
19235
17674
32003
3195
32414
12934
29705
25405
22557
22773
820
23704
27830
14698
9814
18406
17901
4261
23367
20338
14703
8175
22325
10366
26883
32070
9788
1163
32445
11962
26934
10196
31092
5399
9685
18716
7543
27076
23791
7849
23932
21483
23320
15505
20441
22746
30582
10292
1015
11178
13521
17674
19459
8222
30954
32415
20198
17613
19982
21467
30328
26756
25322
10119
3568
3814
15521
31245
9376
6229
20252
28799
2271
8470
28578
19675
28486
23471
21928
15246
6687
27284
7658
6710
5402
32003
954
7084
22850
13101
17560
27970
27952
3478
25092
16713
21886
27582
13712
25303
27007
24065
2873
14023
24621
20156
13815
19968
10595
18097
21139
27899
26445
20653
11449
11391
7196
16488
31310
6063
24574
24748
24835
27463
13133
19641
31275
23075
16646
30953
18634
31489
9598
11920
21998
17287
3408
32550
26434
13448
16538
29352
992
7043
28265
30011
15207
3436
19569
18451
25421
32431
24322
31123
15991
7283
32055
10421
17159
19227
25969
6061
29302
28179
30211
20937
30690
23753
24111
26780
169
10489
23378
3163
822
6702
22107
903
26651
646
30081
17868
18784
20661
30262
15914
15387
844
25430
30802
22593
24892
31653
15699
29372
7061
23672
25461
15806
15508
17586
21861
17236
2013
1010
5267
28222
12293
27147
15065
5374
1363
19125
16221
15151
456
27010
696
32024
22108
25107
26200
22913
23947
24715
29474
19909
5904
15940
21340
30761
4337
22209
9163
13420
25019
10468
24600
26272
6159
6241
28281
26680
17245
25459
3725
19297
31216
8398
12167
26774
43
22996
29070
27246
29970
5387
22116
19385
10252
25807
25926
31692
31718
20036
17940
7449
31516
7311
6066
4611
340
29766
1454
19440
7724
15140
24867
4255
5429
10242
16605
10684
7999
3842
27837
12977
20696
15886
6239
30912
18959
32129
12539
8526
4990
2339
17033
2690
19591
5467
14377
6671
3805
13472
31681
28238
11078
12593
14568
9616
9120
12038
18179
12210
1570
10758
32429
24050
3557
9338
32349
9472
11427
6594
8770
17753
25022
2374
13170
19920
644
11696
4676
11373
22449
13401
24570
16763
13365
2304
27556
10461
26936
2498
26177
11681
15196
14150
8742
7128
15682
13625
24996
25764
13135
12026
30949
18578
25776
29846
18199
31786
32155
25590
19148
31429
26328
29271
21921
31647
13953
27131
8990
15661
7686
12318
22238
6833
31091
10028
9712
8203
25590
305
12156
4050
30108
5777
18602
4003
3675
5369
16319
28345
21077
6805
23178
15038
15195
4484
5118
5857
25520
24457
23840
2345
28176
15875
25892
12809
12017
19999
11474
8756
31497
15692
26927
17074
16144
3567
31066
820
17607
22616
29620
17061
18745
6133
3651
9729
18497
22726
26201
20842
8524
22801
27504
14201
31072
29527
29017
29394
32350
25734
11670
24059
28548
17008
9220
23918
3893
13948
18109
4076
25085
20636
19772
22805
24272
1663
1730
31286
29842
13063
11257
11618
2269
10749
29655
30404
21502
13316
28614
8243
15936
1739
29442
4871
8814
3463
2370
1067
6547
5537
16538
9844
13316
13227
19104
22321
17312
29849
14542
30980
6999
12078
22567
28912
26601
2484
28701
31154
1520
2032
26803
16725
31009
13653
7135
1281
26831
16248
22066
7956
17840
5316
19130
15219
31972
23407
32296
9763
23603
21676
27950
26643
2967
35
29227
9788
16378
5022
11786
30444
2880
6917
30823
8543
28040
21644
6900
31632
2991
7467
23580
23118
12054
335
7398
18322
29350
17871
3611
29456
16657
32033
16555
4364
2138
31950
5453
7023
18071
18211
20326
10522
21494
15657
20268
20346
3582
11480
14091
16989
18455
3976
72
9732
9549
3240
17124
18297
16209
5298
13507
12067
16064
10334
9229
16791
18600
8215
28885
25265
25929
1963
18936
20196
17432
25158
12616
7886
266
27297
2794
10511
20238
9079
15357
13916
11227
19513
7292
15311
237
3586
16486
3969
21962
29901
23580
19291
30602
2278
18442
21033
14742
7326
26505
10992
13232
8771
30468
9858
8500
7759
1370
847
17821
2528
7300
894
31306
14696
23928
10557
18819
7078
4941
3413
15031
25813
415
1025
13319
31267
29237
1024
5385
12644
17889
1001
28357
14600
3240
16831
32004
15434
26915
10437
17611
6059
17189
18835
31778
12703
3487
6250
7961
19334
9152
26053
22029
24285
352
17712
4392
23222
23198
22109
32039
21861
22216
9333
13664
1661
29308
4012
22275
7419
19725
29976
22944
17856
25896
2243
20713
30277
2232
5631
31674
20362
31750
6649
17494
11599
7205
27793
5620
13703
141
27497
11130
31754
24582
23356
15240
3722
15560
29554
9656
31944
7136
18417
1316
12551
19413
1333
19497
11457
32396
12963
19819
32154
14953
28442
22041
32402
26295
23500
15731
14718
30538
10572
3465
31929
31586
31463
10565
30999
5075
5176
5035
31770
5219
1271
15456
6761
21620
18194
30057
24189
29411
767
30262
20382
4399
28240
4063
25870
18910
30856
30381
14724
26140
14893
17628
4827
5798
23070
6815
4620
13286
23847
32613
8026
18783
5075
26715
26316
28748
6785
2098
30944
15748
8122
19490
25470
18081
25794
10799
22315
609
11373
9387
11391
2125
3124
9980
24025
29592
21384
8095
18769
27977
32103
31597
20206
8605
24620
26141
7962
9382
4011
29707
19794
2617
9597
6455
31522
13575
25497
4497
12113
8458
25892
7796
11609
11555
20875
15728
24857
10241
17870
15436
13006
9284
26655
20043
22336
22498
22955
1711
28729
2762
31416
23676
4411
22728
13552
7038
31858
19113
16380
26253
11240
2719
5205
12048
31480
14311
87
17856
1029
7592
5016
26799
1644
20767
21623
29320
26806
31481
29688
3864
11027
20480
29647
6413
24068
31994
29370
1278
29015
2510
4884
32172
28504
30697
12200
5512
30790
8160
21187
12661
4612
4695
9101
4302
8209
33
15768
5803
6074
28073
9914
14432
17550
13712
22296
13639
12563
7831
1924
31680
1975
2240
14857
24437
9
30128
12483
1251
11305
28760
18164
9750
14973
6100
24661
5299
32678
20883
25258
7484
23731
26297
28057
12176
21908
4289
17596
28849
27601
14695
8181
6602
4476
29125
22018
18545
18532
25788
5457
9257
16779
18581
7957
32043
4314
5096
14489
18534
18708
31165
18132
7364
5129
28914
18495
5551
6924
19165
8419
16084
21414
7473
27830
27942
1164
806
19495
10534
5839
31188
24312
3682
1875
23520
24908
17468
3202
16475
7937
29677
17473
16615
12607
24522
32291
27420
14929
32709
30173
24874
5044
18230
4603
28095
8814
30684
31441
3883
17825
9758
7603
15810
4960
21143
28777
29057
22465
15570
2269
10997
2612
21330
23831
857
11539
25814
16235
2047
19322
30427
27377
25841
2392
25953
13366
8919
31174
12274
12849
31771
12184
6113
29561
3404
15410
29648
5045
25792
4254
23668
17747
13694
29915
5789
9085
12634
2423
24176
24648
20066
1888
30711
9007
31609
12791
10461
11201
2114
12134
32626
3222
17472
15155
2805
4743
6459
26390
26899
11294
9445
24072
19627
25932
5565
23965
25044
19290
20276
22931
13089
19746
6414
32171
29732
27519
24076
439
21808
19970
15816
1013
17507
4071
30176
23963
16356
22855
26198
9651
7530
6287
13623
22057
27390
28720
21883
18211
19713
11416
29997
29840
32112
22114
5836
16900
20583
13513
23024
12483
25060
21603
14128
15388
20686
26124
13124
20472
11062
2591
19815
3506
28636
23533
11519
21289
18677
20839
21120
14356
25643
17182
20366
30102
3046
12398
19042
27667
26058
5109
20590
15169
31361
23626
15428
8322
27322
23788
12980
3953
30065
19321
31540
14522
13169
7457
14214
29488
11288
22617
16020
15129
10075
11988
7839
15308
24841
29615
2712
6015
340
16876
14030
24922
32397
26401
26826
32208
19503
26225
15991
23854
31519
10172
28807
17524
12082
10003
5137
6245
3568
14447
8063
24282
2712
13218
13991
27227
13156
7309
568
25584
25613
7060
5720
10037
402
23119
11403
9389
9014
6274
13527
15960
19655
3408
550
21128
7718
26795
5611
26864
7172
2319
20232
13822
30186
14704
32752
26731
28028
2929
12296
29968
17150
8662
3156
21755
19223
32572
19279
27074
4565
11527
2074
31767
12018
20125
22745
2205
12118
29906
9307
20218
14300
17826
31481
22318
17753
19494
30400
24867
11739
1217
26322
29316
18222
31131
18953
30419
22181
848
23774
9654
11798
489
16009
9106
6695
8715
29034
4187
1480
622
15016
30891
30465
19857
9496
23825
18670
7084
11104
17323
18184
12519
19804
2039
3493
27593
5312
23782
21443
30707
19711
13618
513
6414
29292
1522
15086
8706
7327
5996
14470
27752
26651
22570
8954
25667
9006
26192
17584
31722
16920
17196
16267
7241
24175
25871
10092
25929
17857
7003
9721
21133
23420
30942
2973
6239
21003
14430
29135
19690
32578
20341
21144
12713
20476
9120
14671
12575
7938
5522
28840
25801
29487
22222
20973
14161
26834
15732
6538
30468
19028
2651
25807
27782
7195
21857
15602
18884
8109
5119
21331
1323
4633
28193
21252
29976
10643
21812
27529
16271
5726
4480
30940
29231
2799
14776
27829
22117
3919
18639
23815
21985
9153
17934
23502
838
30373
13156
31752
6950
12700
13821
10241
4397
8685
11541
11476
32156
16423
11023
7983
32505
23304
1217
32086
25605
27038
27411
12907
12783
18604
17096
24300
23239
26447
11931
2685
14389
9953
32654
8936
7787
29214
32639
27746
7000
20357
18940
18192
13855
29441
10072
28105
17095
4809
7678
4638
7732
901
11782
31127
26198
24498
27398
64
672
15943
26667
9316
4284
15513
10888
32665
2429
24444
5549
20732
12821
4011
1660
31934
11656
13674
4152
9440
16992
14185
4063
16186
10403
24812
2490
19650
29698
29481
1330
5643
28243
26097
23269
4364
30273
7059
10489
21539
13890
3070
25008
14938
18378
11045
10301
7400
5823
3752
28631
17915
6444
5808
4363
180
12089
7706
18774
27251
16219
30169
22771
26966
25288
12181
13042
27644
13870
31640
29578
22159
8868
7659
4272
16641
13025
16060
30952
27285
18603
6659
5212
1698
18067
21094
23595
18068
480
27481
31747
17715
4297
11913
12786
14120
18663
123
24697
1212
489
26736
1763
12516
28810
20365
5076
12667
11712
15160
17957
7374
15926
1733
4079
20573
11773
24658
12262
29920
5247
3311
29929
905
5300
14339
24535
12425
11672
20971
6051
24277
28380
16867
25515
298
26075
28458
8261
3150
22225
25953
24987
24218
5703
6196
14522
16565
5842
2621
20197
25506
32509
23333
19247
32765
23428
269
13897
31361
16835
12588
20632
12750
30317
15289
3722
22889
27777
24331
12075
1541
12410
22015
8435
20225
5063
9626
10466
10545
11386
28143
32720
24289
32068
16963
23038
18711
22945
19568
3312
11801
23120
16263
18303
26927
30214
23993
4138
16298
4707
5496
32173
1829
8485
31193
24021
267
7580
6717
16018
3930
32350
32048
3406
9894
28475
17041
16509
8544
26483
12532
16245
22616
28711
12868
31872
9345
12046
941
30000
11764
2409
7352
3315
11320
29497
4536
30183
31681
16047
30054
7152
11446
32740
32200
17927
28408
22730
28759
25045
32607
16739
6496
11648
31303
8240
21163
13253
14155
18157
23899
20039
4688
10107
4885
8742
17862
21790
12900
19156
14890
9704
19036
10020
28367
2165
2430
31908
24543
25049
29660
25901
3484
2007
17534
15032
2284
11092
32259
30067
10517
18186
28299
12309
20165
26241
10965
18030
22613
22843
17573
16962
11086
9775
16489
2647
30509
21370
3611
1997
5475
22096
2409
13742
10912
16184
17684
20166
27985
30329
9622
3509
13672
7375
3847
13122
14683
25699
10817
18162
7279
30202
1347
17882
12854
13933
4819
13233
6998
89
19816
16937
8077
9751
326
639
26866
20463
491
21841
1150
2696
20138
3249
19402
6563
27286
29815
7194
25353
27553
13531
32411
1474
1285
17219
9705
29064
4323
21849
25812
4732
23850
2657
612
25879
16315
16074
3867
1634
13771
15874
8057
5226
4744
18063
4038
29422
255
5212
13579
18524
23869
25936
8034
18172
10420
11301
20847
5738
7649
25976
4399
29001
10028
17180
13808
19254
15632
8628
6049
4859
28539
31873
844
25861
7800
21368
22753
16921
9739
14232
13877
7746
348
29050
21322
23566
10520
30250
29649
2041
12565
7733
4589
26666
26933
21251
9786
13405
1420
9831
12558
2593
4549
2165
26879
28995
13249
3988
12965
1162
386
1748
17825
4772
28232
13953
8925
19297
4857
6904
16406
19743
21958
32185
3224
9862
13580
9406
13129
8309
14712
3083
15849
25659
21359
23943
32152
21003
10157
6922
23705
7082
3884
11959
32085
30571
20039
21900
19107
32605
18207
6199
23878
4291
11070
17963
23223
16324
28794
9972
12582
13156
3356
21959
21691
32179
16194
31582
25121
17476
25474
23043
19013
19681
7888
24554
27483
17021
24482
13251
15139
18026
31314
28560
26218
8653
25795
32180
2515
11086
21831
19533
26583
13588
18624
19140
16395
5872
13318
26019
11169
10456
25737
29862
9010
16792
21560
20244
4539
3524
29857
31311
6373
21233
13657
9898
27273
29476
18846
28284
23411
17547
28987
2931
4966
4459
18604
30250
32353
21594
25731
9213
25377
1198
15370
22300
17127
1845
10026
13534
26235
5927
29579
5720
15473
15192
21757
18223
27819
7090
13591
9898
17695
19171
9757
24331
25562
22611
32039
10016
16965
15961
22400
16917
1448
174
3917
12684
14572
3874
25455
19951
21413
16525
22186
14597
12880
31241
2566
24260
25560
22110
5749
30823
28768
25022
10679
17856
32060
15795
27259
28878
29248
16725
26567
20370
1086
27072
6041
30751
18634
11973
10447
23281
14144
4064
11332
22399
15113
28010
22844
32531
15129
528
28930
31194
15036
4228
1487
16951
30611
6514
10478
10845
10457
11702
17438
24605
17387
12492
8760
25340
27144
8072
27409
8329
25429
12039
5794
10990
19236
22501
7014
15812
20853
8624
23556
1324
13757
17053
6190
23323
24295
26490
25801
28405
13465
14308
28494
2910
7608
27322
4208
28237
18478
32466
29183
26465
7659
27626
19468
12409
2857
24545
32078
13439
31221
23591
708
14468
9963
18290
4764
6930
13121
18354
24148
7613
6151
30792
16415
27900
24236
20594
22410
23095
17093
19978
22879
31777
8458
14449
5833
10568
22433
4038
32698
235
31648
31835
9354
30219
1997
21097
31457
4292
26792
32258
27094
23006
2475
27464
24920
9376
18384
16093
205
10980
27988
29338
4346
12145
6842
10884
21795
6788
16660
22011
30579
17584
4478
28981
5278
25576
1515
31467
10948
20187
26404
29266
28569
2688
29709
29005
20931
22001
3626
14049
10627
10364
3939
13801
23704
22007
11524
31755
31072
19797
3080
1258
3393
9591
27287
19869
14919
27716
717
15457
20494
27644
2749
12426
27619
23241
30134
20160
25638
10392
23237
23911
754
24358
9338
17759
21505
18526
28143
2798
2505
20194
12551
21242
15851
19688
10740
18556
4302
15687
5116
30257
27783
721
9084
26771
28413
14820
24877
11271
16202
18492
19110
31576
21092
7947
23586
12900
25340
25420
26500
22805
8358
28756
23704
23187
23099
26794
26268
15544
10107
18712
767
27589
22007
12802
30056
28243
7471
23287
15610
5516
24055
25734
28375
32154
28959
31827
6626
29280
18770
1898
6090
3176
27711
18130
28484
6685
1783
10854
11159
10555
8598
17888
19806
17539
13862
7223
14473
14771
11968
13611
17318
31669
3828
12573
19551
29975
19564
20261
30019
24251
6859
6495
28873
28368
11995
11141
32145
29696
15592
18371
30702
12523
13927
11718
9378
3029
2780
26647
6376
26267
28666
935
25528
13036
29963
26027
23622
5813
26002
13225
14796
13533
16175
467
22665
28211
16068
15253
20489
11941
18646
31338
16040
6834
12598
16115
28242
12578
9696
16458
13964
13556
16675
17812
16312
29592
1794
15829
2964
15198
20955
2569
26373
5679
29254
11632
10515
7291
1600
22569
25396
29810
19337
2
26317
20855
29002
31631
17398
2001
11515
21369
9598
2212
5764
15897
11822
23072
4002
31045
15186
24569
14989
30314
12406
2071
17368
3291
12398
12174
920
9833
26521
21456
14792
6708
19302
25634
27116
10689
29462
18252
6645
21580
28100
27029
30821
29791
14755
26350
11699
23459
16520
9582
23793
24823
32168
29694
6060
5311
12450
342
18708
3966
16832
16168
23644
3752
15225
1434
8804
21425
32059
2810
14998
31082
2920
941
782
13197
8351
32361
21501
11414
25660
20645
2639
30165
27170
10061
9611
15810
24504
4025
31995
16528
2609
3296
20494
9989
31249
3273
13818
18312
6124
21059
12453
32124
28273
9942
26310
2764
21928
26873
18759
14279
25464
19077
10223
9519
17772
21354
31037
1164
26551
31905
22935
10950
3445
30562
1444
12531
15923
29846
21494
5998
11442
143
29164
7977
31464
18167
26582
19780
32584
21254
10331
19678
28483
8184
12056
9003
4879
3519
29322
27078
26279
3573
11566
841
19475
7444
16870
32284
13033
23529
16287
6538
22804
23878
18481
8474
2260
31736
24198
4636
30726
19704
24575
16258
11430
486
11539
26609
2706
20402
17722
29208
28304
11677
23049
17217
31379
96
7582
25637
30522
1450
20542
26629
28314
5072
20797
18934
25661
448
14110
13437
20074
19256
13052
26459
13479
17717
17193
12202
6013
30381
30996
9769
1403
27008
22128
10197
382
1965
1426
15545
7727
22721
28955
24838
29388
13206
32472
25702
19756
14393
29158
21390
17661
9772
14362
8210
5201
25294
9887
31358
22873
17431
27105
4770
9583
29576
11434
12845
32090
32098
14987
25982
11982
24599
8574
9910
7987
12286
5833
16146
30631
9034
8998
21112
21062
6717
23072
18767
19625
30617
8384
3220
9132
23896
18281
18474
15477
8604
31489
10098
16050
4073
20817
16412
9249
19090
29871
7997
24918
24689
13018
11425
3001
27355
29477
22626
8398
18387
22488
18105
21177
17534
3795
28181
32257
19416
5492
23402
11412
28068
29627
4300
18955
20905
12972
12860
27952
27419
4597
29890
23229
88
16593
956
9575
23253
7724
20597
3867
13143
17416
32761
3976
11878
25119
27432
9181
31998
11210
25866
19412
30089
23841
15202
22511
14602
7012
9606
27905
14491
13466
5485
24817
12057
631
7946
21691
25374
29827
27096
12215
17711
1401
24759
24606
15927
8173
5110
1226
16948
13874
433
25661
31537
4475
14429
21733
8308
7232
1953
31391
19960
11236
13159
32121
28702
3476
23860
7612
6047
23154
6068
18730
18885
22259
22682
5508
8411
24965
15527
17487
20706
13430
20999
13272
25733
32529
23780
24950
17999
6666
18998
24847
27164
23324
17624
28125
10957
19440
8417
30834
12352
18497
4401
22010
29056
18238
23370
29889
10040
21551
32098
14837
17006
31324
31414
27820
15213
10282
16928
21032
19715
19848
25324
24410
28653
14729
1000
9126
10896
31570
20666
20710
2282
18999
20854
1201
20679
14625
24688
14045
17976
14643
12879
28994
5185
12205
9315
13505
11730
8976
17721
12166
15096
17283
19308
10377
26197
21109
28349
17499
7886
11652
22374
1823
8579
157
6060
14294
24580
25445
25524
2273
5826
26072
31639
10688
10179
20528
31672
9760
3482
6665
1878
13845
31383
23746
349
25508
30779
17702
18306
10628
6894
18508
9102
28453
7668
8123
26362
1522
31646
20690
25789
3028
21949
17256
15714
22263
16988
11183
12637
20176
20655
19294
28063
22111
23110
19983
1640
11185
29830
17637
5213
24746
5722
1395
10202
20737
17958
28633
1673
14732
25597
24624
26420
21694
25619
20265
8151
8302
3445
26096
31226
12505
4343
2391
8509
13547
3182
8240
24629
4026
20000
6394
8054
11092
27769
29377
23281
26810
1536
19775
385
20780
15753
17479
29376
27815
18091
6756
3871
25005
5748
30397
3638
16964
3164
14907
3928
10817
10104
12270
6251
4806
7152
7341
30454
32522
23731
29181
14204
26200
28009
10293
9993
32603
4266
991
4874
20632
9837
19040
15201
10812
20163
10716
10937
27928
9413
22612
26903
17130
9674
11793
15538
11230
6366
16198
27909
1364
2672
14577
15394
28132
12363
1282
2633
10911
18888
31167
22457
29080
20545
6247
6342
15780
3016
7957
4140
3933
24601
29160
9123
16237
26062
8033
24244
17929
9170
1036
6090
7099
32024
20835
27532
5989
9869
31727
618
28035
14667
21680
21622
13488
13583
20927
24438
4972
1773
18994
823
31516
26690
10560
30756
5202
10731
23718
5142
16463
16308
584
20846
21446
8211
6428
19554
28387
19479
14660
10900
5772
5019
6010
8425
29415
27071
22449
2968
22300
23961
29433
19585
30300
2855
13476
25537
27170
6280
4775
30339
28088
4972
25923
14360
29438
17098
16868
26955
29799
16593
32073
25070
10308
28960
6373
22713
31045
10041
8069
23893
26684
4403
13620
14515
15141
15024
24155
10146
7524
15375
16941
9121
5453
27107
27714
11761
29417
6307
20866
20719
7159
18595
7237
19361
22834
20034
953
7055
2258
19045
12931
22740
23125
1829
169
6260
30591
3269
1199
18672
16032
743
16384
15640
29205
12799
27280
22817
273
14599
8640
5623
19870
19317
32386
20180
5086
2922
22205
3346
22167
21548
11763
17982
29934
2262
6433
16493
19827
15182
6630
4307
4702
16248
13544
26769
13080
32425
18292
9167
32510
8031
24676
20235
25953
21807
8262
5808
30417
27902
25786
21739
2971
26996
17180
12730
13200
17326
5731
2374
21256
9267
9289
3186
4391
10282
7597
20404
31583
1738
32309
15396
566
11025
3895
5842
13130
5561
4570
4701
21650
7016
21624
7873
17638
21287
14151
27505
17858
18709
25657
20390
4679
18780
15904
3318
26498
22373
19222
8232
25073
9544
7708
5191
21571
8071
1025
3061
31584
24827
30598
29954
13225
8974
8383
6717
4993
32299
25532
1930
3852
3699
17001
29749
2358
20658
5555
10118
30200
19345
25068
2966
29143
22797
19057
25184
29357
9255
26762
20763
30123
11997
2449
13768
20127
29786
6231
31495
31859
31594
13763
24110
9974
27952
17596
23452
10720
1051
27977
13643
20752
26390
23287
18341
10775
17663
14972
8345
3834
17499
15001
3309
20020
6984
5189
4054
5115
25522
24071
30918
30916
32714
11940
2949
22793
8884
21242
28291
23114
20864
6956
21357
16722
28764
767
3582
32187
12296
14724
3352
3764
28554
19448
27155
9474
26146
30696
597
9797
10624
26776
20258
30077
25653
25510
28598
9420
20584
10475
6545
29822
19146
2466
25363
17222
4556
31436
7240
21450
1295
9939
10757
2914
31003
17005
5940
3613
29525
10435
20588
23558
25131
723
15813
21413
9618
32274
12010
15816
31666
22102
19823
18051
9695
14068
2405
1909
22988
14117
13356
1869
21243
30127
15753
21133
6264
6081
18168
4494
19143
12062
324
16324
3611
19325
2132
26692
25801
15152
12616
2947
3579
16133
32453
4705
15529
13674
12172
29286
15045
212
6994
26443
19638
11617
20940
26044
26888
6588
12297
11100
6242
10049
24580
4106
4536
13665
30330
31843
26305
27720
8953
10631
21676
6846
9786
3616
3343
11083
688
7329
2848
29855
7009
14028
18727
26928
13557
31351
27187
27173
3340
19343
11276
16755
31701
16221
13674
1862
21469
19720
5220
30370
29732
26460
299
30026
16502
25545
14584
21217
29688
21167
1347
847
514
11481
17206
22630
31020
31303
32609
32454
7340
22064
31151
16893
10207
29767
9625
23539
28709
2878
31385
21382
22770
18568
10466
11889
20002
12644
1614
31346
14477
5399
18328
29100
8412
29816
22987
15946
29851
690
28666
8549
8591
9030
6450
295
31561
2383
29357
8753
7931
23562
19016
4155
18827
1173
17719
31226
21478
2295
24312
1095
18839
6241
21637
22653
19864
11444
20430
29219
16743
25922
26470
28619
25181
32473
18045
27449
20796
3326
4366
7368
14343
22646
22617
19978
534
1803
13204
24495
23145
28812
20702
26280
25661
17686
4724
9356
25053
26770
3111
24378
15803
10111
29966
23488
10687
10482
24952
123
18655
16858
22820
25216
5872
3465
7605
16955
699
28528
13664
15190
28244
25130
3560
11228
2471
14269
19404
5791
15188
12060
6591
1239
3005
752
3160
11019
18012
21911
28171
21813
17755
7789
1880
24097
7006
31819
14146
13846
4004
4430
28675
15544
8270
19418
27646
29229
32510
16606
12021
17279
15268
31577
10108
30273
4501
25885
1197
30582
2782
11475
5150
4526
28119
19775
15376
20082
10491
6597
26089
1762
12534
29740
27877
26525
1280
4003
25864
27617
19818
25857
20055
5108
18550
15441
2119
23234
31084
28558
6518
11975
19946
19115
8089
29231
11644
11478
31669
17980
10092
20222
3731
9705
13020
21395
6510
5069
13585
909
5870
24385
16914
23727
8282
17605
19314
21773
13065
28064
12650
30668
27161
4807
27179
16169
100
18176
13169
20412
11952
11335
604
30974
14886
6257
9596
7946
18182
27919
19754
29088
17304
9877
28191
5231
32614
26300
12863
7316
17064
32292
27574
1886
31232
14654
15942
3668
19047
29801
29407
31865
8551
15195
10609
26830
5516
30659
23806
31257
11029
29484
28147
6117
20718
12325
9912
11466
10723
24223
28294
24046
30222
28566
7801
23500
12433
3060
11494
12340
13707
29362
8942
11667
1092
576
4179
25461
29099
28967
29067
15432
24323
31213
15379
10339
18649
32312
1286
31303
16953
25911
30190
22564
12321
14654
986
26271
22838
18608
7345
4306
7606
20002
16069
4500
27566
25533
11947
8699
17261
17892
16203
28960
24632
10519
24627
18722
22847
10008
26161
1390
20176
1868
16928
15933
30667
26211
6658
19806
9046
316
30799
4149
721
9986
1421
2820
20493
5788
33
20841
9144
19268
26213
22568
4124
31861
1786
5163
21514
21771
27488
2759
14864
9638
20675
14145
30706
5711
8984
27025
8792
7006
11881
613
2245
12698
31341
12393
3528
9635
1116
4806
20342
27277
19201
25832
13335
17358
24849
6021
12064
18010
31163
31451
21090
29964
9088
24121
32640
31816
9541
18624
19878
20703
12711
12139
30584
13874
25742
19533
25929
28571
16133
31514
10126
8456
5449
16105
30098
8937
8991
21816
1131
19789
14955
31281
18988
32327
16383
16940
348
24471
27313
11380
167
12166
30896
21326
15060
4370
20248
23863
31479
10059
14275
4974
12520
32765
12643
16818
25075
4495
1485
17229
4561
20523
6808
24913
14295
7712
12263
26146
5230
7044
387
2612
31427
6429
32301
7702
25280
12930
2354
5552
22330
21373
31295
22729
5228
11444
20343
31948
27300
23432
17859
19403
14652
18750
19305
15556
5580
1372
225
16675
29598
8022
15332
2953
24418
17258
16581
13260
8995
7881
9732
23615
26234
20215
5665
15411
7938
24692
25518
13245
25867
8348
9128
19642
147
18124
16903
19729
17010
14534
17556
15928
32212
28247
12283
3578
13804
14391
17185
11383
21479
28208
31927
19308
31007
18562
7952
8884
16786
26759
9775
24079
2706
21651
25637
6179
4542
27422
14234
1728
48
4389
4265
15464
13816
8141
14321
8975
27081
21834
3048
5151
28915
19711
10355
12735
17297
17126
11444
25941
4356
9779
4899
10057
30880
16180
20449
29709
15012
27772
10569
4698
30064
15168
32455
3772
17138
24321
29165
4176
19042
19563
9667
27340
6703
31614
2143
4545
24121
5355
23222
20765
17984
3777
27314
28404
12444
31816
13189
6784
27951
5421
22588
19558
11417
14304
11415
31802
28586
27451
16408
20294
2845
9060
8026
9351
4995
19956
16292
8697
17789
26969
18622
10005
15918
11129
12547
18583
6128
31639
24504
14724
16198
17275
18844
17772
5139
23501
15296
16364
11017
6083
18585
3448
17251
13308
2900
10583
17623
11435
13673
19695
22982
16119
6771
7235
31159
6562
11839
31674
30723
233
10531
29474
27345
27052
18065
16884
32325
20431
20971
2266
2037
19424
30105
11374
28317
11258
90
21829
14867
5097
5335
12588
24445
26766
30590
22961
7617
2693
28301
998
32317
9222
26733
23905
19897
3593
23618
14983
8601
4270
6336
31243
15703
731
30016
16817
27697
3367
6419
30808
8991
5111
19734
8503
32520
3302
2950
31847
29493
17259
16918
4257
15366
20662
31295
586
27108
19162
23512
23468
6262
28465
15846
10887
9752
19452
14773
5832
32649
11595
29736
22168
21475
20765
4429
9112
17617
9927
1588
5483
26364
7578
15618
1398
9926
18112
16193
24547
25915
20071
23162
1516
24900
4130
29446
9558
16670
19083
31009
10555
20491
13870
13376
10253
17480
930
22693
29400
8510
1273
6960
10695
2556
1627
14200
31210
6117
6637
7194
26678
2470
23287
12625
19918
24172
27719
28103
27009
12627
13776
11691
10899
26913
9623
4
6336
4148
30672
24133
32126
26809
19011
545
12931
4383
32501
19872
14727
19659
12805
31091
331
17678
18132
32133
31706
22100
20584
26578
27150
15774
22803
5500
87
14898
19791
539
18616
30608
3565
8533
26130
21417
28015
30384
7333
21836
7346
24483
17364
26337
19152
17395
1320
10585
31812
8253
3224
29541
23887
7886
3592
20710
5019
12987
17423
5797
21279
26927
19453
24133
14914
25855
797
32374
14659
14468
18743
21355
2264
4521
19545
27533
29717
27715
16855
27761
31120
16033
12433
17415
1987
21604
12404
31253
22705
19345
17220
13796
12493
26597
10904
19514
1303
12393
24358
27015
19592
2886
3392
11363
176
19417
15007
17464
4510
26378
31072
26684
20736
16858
19532
15011
6283
20028
8284
27666
12189
27174
32636
13142
13345
13543
24720
27990
2740
20155
14517
31046
6661
13981
12745
9502
21890
14940
10797
15947
23345
11505
25033
6820
10459
22288
30801
11679
11376
22013
8391
32197
13223
23713
11842
3683
32485
2781
24045
4483
31584
20254
594
30234
26756
1586
29657
9859
27798
19802
27275
2860
23703
15008
9500
9616
15211
28522
297
22373
13370
14672
26814
10774
5143
13611
14619
10867
1759
10350
1720
11432
7012
1210
25222
3179
21195
18860
1144
15738
16179
14586
32578
16453
30104
4286
24929
20199
22262
16401
26459
22107
29873
18908
9032
4077
5172
18923
15761
20206
5592
20547
13048
22188
17160
1718
13272
19618
18340
21684
2222
6891
23202
30052
8153
22269
23035
13299
10398
147
24005
16941
24431
11499
1692
23882
28525
29234
2887
13578
3371
10045
18841
18692
11957
19321
24212
12346
1233
11045
2517
32498
6532
5054
24620
16065
14296
11451
4490
11497
221
18555
17952
13029
20974
16764
22213
19777
24629
14285
25752
21679
11634
17094
5095
23896
14839
27382
28240
8304
6135
93
12326
9229
17409
8411
1303
5433
26312
745
30731
2117
25637
22663
6734
4961
23391
24181
9714
30570
31913
27558
8047
19203
22508
5362
14989
23527
2247
14603
1668
14974
25557
2226
9569
9134
2350
24363
4779
15603
48
32494
15687
22194
16511
1695
30873
10442
19530
12864
2284
15725
16336
15526
20244
32302
31267
29993
22353
5978
17196
23968
20343
9612
4848
25741
10316
24956
24081
3988
26162
15896
2968
10802
25862
11478
30705
19627
4935
31816
10551
20292
26747
1265
6323
32179
6862
6231
13727
7892
22525
26201
1327
9373
1394
19651
978
6228
19377
17696
11189
5887
28914
25807
17544
29213
18191
9049
24710
18579
12449
23298
10927
11241
358
14238
27224
9654
15847
1958
24550
12633
32343
9099
24279
32234
30909
24394
18690
3185
30294
14913
20255
32341
14388
16705
6793
10263
3884
22244
17475
15423
10991
22049
15673
8855
25719
17181
3017
20376
1957
32324
642
12322
24616
11673
21548
32112
3488
20554
10504
3402
25347
12424
6489
29308
21824
10133
12578
392
15651
26655
24882
3480
28793
17100
350
29110
30324
6422
18446
14911
23377
29273
23291
661
26423
26410
23862
23317
15459
22251
7789
19273
8322
7068
20330
17502
30046
12276
24540
6104
9405
31665
26970
18052
902
14892
19365
15278
28710
12080
24109
18581
12338
7692
23255
29724
20814
14055
26110
29378
4429
28244
22456
23252
4506
29479
10842
26850
22998
13958
12862
26735
28098
14915
707
5356
31328
6505
9366
1768
24149
32532
304
385
4498
32646
10144
13342
12339
1912
20107
17504
11431
21934
14193
13397
27922
13006
22321
30959
22511
23410
26576
21685
5114
20604
18294
19129
32589
426
18617
15818
8649
1642
22558
4074
7863
22767
6877
22019
27055
18308
27365
29653
17081
4128
21536
13363
15795
23099
30456
12655
22771
737
29722
8723
26413
28421
17786
24017
20630
22551
10391
11965
28489
18137
32256
17082
2794
12398
16919
20786
14218
27059
789
18699
7115
25811
30798
6870
25157
27926
7863
29513
23080
21754
32421
31215
2850
19077
32471
26654
16515
17881
26807
3114
20383
17929
477
3288
7539
20523
24277
277
10124
25775
21282
12264
5157
24303
8834
3238
3472
29446
22388
17253
27863
15846
25336
27058
30626
7077
27030
10119
13659
14360
24993
27767
8081
3491
26301
1324
12698
17999
26271
9491
7037
13085
2836
14422
7183
19867
1349
4619
18011
30644
7737
19115
13895
28108
12443
25285
30837
7949
28606
32243
10600
24571
8158
18958
4072
11087
9129
26270
13991
25858
765
24724
18724
21416
20212
5692
14288
17407
1822
5997
26480
2760
25613
22019
28610
22741
11031
14990
11619
5476
28503
29004
10992
12971
25589
853
9579
12468
9127
4118
12257
17003
4472
15104
14922
18678
14025
8577
32689
6468
17045
27956
8085
16361
3577
22101
26254
14121
18931
10871
2612
17234
14954
11129
23612
26960
8814
23222
14564
13179
17858
1148
13458
14515
9111
8128
19639
6575
20123
22031
8186
26770
1586
18376
29075
11967
29955
24713
31732
1263
14519
20455
22191
29057
5885
31330
29588
273
978
30359
30489
19787
23807
27320
28672
26113
32483
24122
12851
20604
5746
21453
22771
4368
21630
16273
13361
29427
26166
11655
9532
592
22252
11334
11933
27798
16155
20463
15167
15126
25768
24930
24788
7117
12392
3506
8563
11390
7395
10711
28806
31749
599
24227
32483
13799
25600
20728
4665
11309
8855
6711
27566
13171
14361
9467
454
1340
24777
16904
4487
7304
21880
2430
19163
16553
31492
23635
7221
12882
11039
6655
24951
12017
31313
24185
31252
15934
8000
23651
2673
32276
24368
10113
27794
24705
9158
880
5106
4121
7697
2709
26802
28303
6859
16723
24054
24966
27611
27009
18317
24996
2847
10779
13008
32744
23145
24375
18124
21822
9415
9787
28579
4177
17672
31310
22831
5537
5499
29964
31977
26069
3322
1918
18185
15954
11559
16201
5871
10252
9718
27685
7874
26780
21100
14737
26199
2452
29350
4294
30036
27151
18204
22249
26773
3724
28967
23428
30414
8956
15553
2871
10354
25369
14220
15019
18132
23802
14615
7624
18061
16868
16476
16168
12573
14692
19085
3019
20949
27290
1808
18188
10740
12248
3272
31443
28688
10348
29846
14349
7863
7353
32031
15193
22103
26765
7120
18948
5723
24494
7968
23352
4503
24758
17941
24944
8678
2593
28938
18479
7953
17829
20399
31218
7411
7618
12369
611
21723
4505
21596
8399
15922
23297
28190
24282
6750
23256
11213
32626
30693
8087
29644
23041
28886
14889
13866
30183
10341
21758
30572
31271
19413
16731
30860
17760
6811
28404
8257
16896
14784
444
2433
19124
22151
31228
23364
13091
23632
8866
19852
18651
16828
14812
32674
24715
12562
2022
930
17268
4065
22561
17209
4378
10727
2148
8622
26943
818
8854
32543
29201
5509
13437
270
3747
31997
22993
17436
22938
22516
11413
23315
14377
24102
4007
16170
6463
29458
1941
5509
13566
14244
5554
28156
24688
24336
18793
24349
18805
19201
31698
9076
12032
13043
27011
7178
27011
23261
7849
23595
22440
7444
26967
8812
834
19308
17949
25325
4739
11168
31453
18140
22895
4852
21466
17722
8080
25880
14098
14562
28140
31312
462
6087
31028
12498
25719
12157
31806
11631
12459
2811
5813
3958
19856
26015
1040
7126
18024
20338
16064
9090
10086
26286
25518
10522
7360
19069
27108
2503
2054
11012
650
11623
32690
6816
13589
490
27904
1135
3003
17915
15360
27667
25642
26339
20969
23218
14457
30123
15792
7489
29791
30593
22233
14339
10915
5470
16014
13132
16083
28389
30446
9611
22329
5261
1191
7815
11019
27906
20167
22505
226
2505
12495
20219
29037
12067
29449
11183
16999
4917
7452
6371
28102
6245
22238
29155
10550
1799
19305
26928
453
2617
17009
3200
24544
29707
25557
18949
1918
3300
22899
23282
26779
29217
17217
14140
21480
18430
12698
30365
26561
17082
6613
17119
18783
19190
31004
16215
32335
16735
6523
2480
31266
9612
11576
14314
13415
9257
13411
30625
23254
20566
24749
12947
29646
3146
27518
23645
1282
25916
4673
19845
4719
26243
11523
20413
2449
10236
4924
16230
27862
7084
17132
26196
21331
24230
32234
29649
4277
4399
20857
13796
6523
31265
15389
30675
30563
31117
26029
10726
25122
3748
7592
13934
20568
29912
5068
10246
5315
7230
32485
1305
23475
311
9700
1188
7358
10063
32560
61
21684
15205
23105
18261
7126
8461
18282
14266
27714
28466
12790
16223
11442
8192
24695
11104
21350
30720
20315
26689
13663
26757
6592
6007
21966
29000
25738
7721
18892
17743
32690
4407
1099
14099
12768
8828
7757
12257
25149
29520
28500
13953
5250
28753
2585
18710
27478
6756
29056
3653
9430
24822
6604
8601
17781
29064
2575
32550
25862
8298
12773
21101
21015
20166
18274
11392
32641
29153
16713
25959
28733
8094
16767
11457
5497
17476
959
3502
21227
25984
9358
27117
7526
5806
21618
12354
26539
596
19295
21019
20865
11503
4210
15474
19720
21747
27106
22517
11850
5133
2355
21605
22803
9643
18348
17212
259
30398
1804
17810
12257
25278
2681
20801
1586
16879
23481
20808
27146
11492
4260
9581
6179
6465
1241
17703
19244
13253
23473
2490
28003
7047
24177
25508
2150
25215
2756
32568
26438
30537
25960
7305
7902
23590
25895
7817
28771
20292
2569
5490
14908
18495
29896
18533
27411
28391
4740
593
11052
28484
12472
9751
12277
20183
3437
19948
28127
10019
14253
31230
7277
26988
21563
4698
16522
4031
6785
16397
12576
24370
7626
24969
18918
8045
14001
7755
16506
27497
8409
23995
20399
32632
8415
9556
11560
10374
18061
8708
32038
14494
8017
24790
14494
9392
27885
31438
14735
12177
13423
14356
24978
17987
14692
28246
3763
29047
14665
7783
21119
80
31554
5420
8030
20586
2063
5048
24611
22299
7739
17078
11746
20472
13974
29959
6145
13467
11494
32173
12946
24996
24794
7400
24288
3326
25407
18590
584
29028
886
21504
8011
21283
20774
14955
1249
16929
26158
4492
2063
15646
3294
26312
31675
6714
5734
3035
23232
22711
30094
5823
22590
16385
29096
6351
18995
28651
1475
20780
8784
17980
16418
24160
26885
15722
13805
13121
28383
10405
24357
21272
10259
28951
28381
6403
26203
14443
31656
3736
25856
1164
3150
5579
23352
22703
23747
27154
2227
24467
28505
15559
28785
2823
15924
28877
13782
19630
8446
14710
20480
19455
15069
8356
1880
15759
1186
14383
29031
16275
18244
31367
24300
24480
6796
7835
28715
11702
15377
25337
17287
125
21095
5174
29267
20174
28820
21136
20454
17013
28099
23250
7917
26678
25917
22136
12550
8462
29332
30484
9354
14522
32289
24816
13481
17790
11697
10485
20413
13599
19836
27083
26584
11057
17751
13378
12703
5273
28202
24305
17756
5194
23459
31005
22094
11602
28204
25820
29764
19994
16667
23673
2922
8425
18729
26395
5730
17835
14118
162
13974
22769
29419
30930
9933
27704
17039
19891
15357
21358
29150
1335
26720
27570
3590
18974
29898
16220
2452
20503
25658
11069
23711
17192
13743
26920
30019
17999
30781
9136
3154
17770
25951
30516
12869
7764
30095
1049
10361
25937
8980
30295
23192
18604
20252
9783
3156
22430
32010
13915
3932
12402
22545
21246
5512
23015
14082
30333
29527
19414
4706
22294
26268
27412
8384
25072
13684
31898
3397
26460
14715
21475
31885
23643
11072
16534
21429
21856
16886
32613
30134
7767
31596
12853
27377
5093
8255
9087
9995
8690
22606
22774
24826
2917
25454
14698
12640
24366
19039
18924
27416
16010
7167
17971
25103
22658
2750
6206
5206
16053
32338
29499
26997
30552
28076
5544
31745
28795
5418
30392
8561
14478
23822
25336
9261
8227
1071
19506
25576
10486
25326
20625
20528
26154
23148
15623
28995
12757
17402
3820
29477
23487
29905
14568
26351
13671
10756
12050
11882
8007
28850
32345
17884
31577
24192
29476
24610
10458
11846
4917
2303
27982
5385
28371
16820
28356
25386
3368
19409
9051
17884
30696
5706
23045
15579
10803
205
16523
6236
26301
26963
2770
4927
14636
14326
8028
23948
9921
23810
27921
11037
21051
30030
20032
6808
5880
2253
7393
2209
24414
5984
23581
9037
14969
26606
6928
20953
29925
19895
29901
17564
14575
22501
20898
16698
31223
8036
19870
32539
12057
9972
26705
10267
8460
381
25043
20867
20297
12962
26888
313
12400
32152
32545
4915
20968
5689
13414
4913
6854
26708
8755
24236
13809
26952
17985
8969
26499
10193
8999
3091
20850
3617
18977
13992
27503
2611
12815
15282
12814
4188
32705
26458
20776
11299
9073
28792
19838
4946
28561
17485
29086
28493
3272
14964
523
20643
28471
17686
31896
227
12544
29022
26389
9905
30217
19500
28973
28696
15613
32526
28047
14114
16788
14700
26188
21670
21525
14850
20608
5474
18969
3219
9013
1353
27793
20444
21892
1310
1802
6088
2045
24130
31792
16354
23882
18635
913
16911
17934
6101
29860
25981
17427
29
17162
22999
26789
11468
4115
4795
4665
5776
30084
30573
11603
20721
28056
15053
31910
16867
31812
28550
11388
30615
32191
11401
13656
4247
15938
21946
20954
27154
16141
23784
3044
2164
19626
3843
9467
28218
19061
16777
24048
21765
22364
29762
25023
31981
12260
15149
22455
1559
29036
1210
24795
2186
8886
4153
1161
24126
9635
10387
20569
21366
30270
30520
12104
12624
23292
856
15382
22171
27203
12630
4844
21224
2344
22138
26178
14308
18301
13542
23296
5349
15627
29643
28643
20674
19484
26588
29731
21992
27965
16387
20819
17578
26689
27219
11400
8153
7817
17727
8893
10133
19075
28937
9334
22114
22641
21885
13476
13439
15468
12254
3785
30067
27048
15649
30812
5096
20217
21593
16751
24508
31894
1395
14479
12886
22302
4131
5612
15670
31704
18206
8634
9936
14911
13194
6614
27035
18110
3250
6829
10597
2744
22527
3930
29417
13771
17700
27918
6563
29782
6808
15797
10211
28472
17993
15830
5409
30939
26255
4539
13968
2930
24414
21971
7669
31870
20417
3668
23226
2455
31619
14884
20798
8809
32047
3322
7280
5117
21564
5313
11676
31034
9089
20029
7813
5291
13295
27888
27059
30594
3966
23103
32014
6621
18536
12241
23212
18505
16534
12600
15336
2692
1367
2259
27316
26504
4952
19442
17712
10948
5841
2620
8059
3757
31740
27726
30664
28789
25547
9637
12469
28954
20698
15806
17881
10147
8355
29819
11932
18599
9457
17865
25420
26382
29079
20608
14445
12827
12897
9355
1104
21675
7499
15432
17127
22967
21745
9521
11223
14880
20295
7101
28367
30636
5258
7809
2584
26955
27254
15515
28526
7328
16314
9040
27407
28860
27561
12020
273
20013
5682
778
13560
8247
23570
28077
28552
29537
840
6703
30424
23860
21449
22271
11432
4415
26742
29392
1780
18270
3147
29943
30410
22332
30681
13589
12632
11543
758
5623
3913
31683
7859
26554
30290
20466
11150
13619
263
26802
32745
142
22772
31031
12987
13108
30441
14299
32390
17651
15765
24163
20617
24153
8790
32644
22582
31328
22608
21926
10982
19281
12733
28391
20428
26338
11139
23139
18471
32161
22284
15027
26556
8598
5714
25011
4484
24612
24121
22920
11426
13105
29474
32482
26007
3463
21437
4223
4025
1657
17950
22513
15074
26825
15124
20384
20837
10441
31670
27154
21062
1473
21822
24170
31658
23185
14107
7727
31116
24983
30529
22607
27826
28627
12484
11620
24031
27465
28837
31029
29003
167
9452
21888
28240
23592
502
14839
28518
27064
21009
23944
20049
24665
25414
15585
8345
7365
1910
27188
22587
3925
23209
2615
23710
16673
17314
8816
12232
13417
25271
7343
29650
9268
25311
9180
25753
26422
24845
15858
6583
31223
23996
18252
9394
29746
27851
13088
24434
28027
6028
13641
32505
5413
9496
14665
15950
355
15589
19086
13754
31149
6042
20980
12855
16486
12833
19596
8486
8123
14078
24476
25664
15822
4576
28134
8655
31764
24950
4653
25886
26107
15236
8950
9006
29393
30518
9100
30634
7905
29108
17990
11805
8159
246
25612
27491
14470
2266
3352
2910
28543
26228
5882
1770
11653
9637
19423
30226
1735
13551
7954
644
13197
2951
2755
24130
31775
30124
31496
4763
7139
31544
27169
15194
24517
5237
4608
573
987
8497
22281
28328
5193
22037
20502
23963
21859
5170
4030
13794
30482
24285
4823
11403
6009
25533
30777
11677
22744
18722
26053
15623
3760
13976
16038
25559
17960
19389
3799
32172
11695
31055
20453
31342
8163
28809
27383
26684
21937
7344
7179
22950
958
23273
6786
31773
26374
25677
10975
29351
1220
7743
32204
18648
8593
17661
94
4605
13263
9334
409
2202
21832
21340
20791
16919
30739
9337
15269
19126
25272
16966
1871
15816
14227
10426
22301
11809
2942
29024
5693
29385
20394
9644
20772
11252
4814
2959
8143
5172
23940
8265
1359
29166
11759
13695
26756
15627
22178
25741
2601
19695
17597
19485
7184
8879
29017
19449
23983
9086
551
13085
25052
22377
23891
5137
25045
69
13487
13173
16771
7397
19469
17629
10496
11408
32492
27104
22358
18097
18776
10092
4746
23249
22539
17756
22745
11459
25560
19533
14145
24862
23626
5549
26947
11761
9608
8724
9704
945
28027
10712
15874
17014
23603
7132
28596
20327
9095
32424
4916
7795
12796
26559
1232
1091
3305
32044
28719
25708
5592
13663
24794
4072
16174
18743
15354
26567
29711
3168
1892
6178
14204
8159
8658
32593
16062
13035
20595
5469
2824
17919
17831
26552
18008
9261
1283
32044
26526
1717
18588
13842
25120
5846
19330
31940
25629
16868
7562
23125
26800
5019
25681
17279
8440
2739
11645
12764
30838
7092
13894
23897
14518
22028
19510
10729
4146
24415
11052
7542
115
14622
31911
29213
30585
1115
23617
6298
6237
14300
1402
16129
30517
31854
3767
12208
19512
9083
21899
7297
25123
27615
52
10820
17371
2296
14441
20588
27987
8188
851
24840
944
12176
23257
19701
22699
5526
27680
30802
15671
10054
8018
13109
26468
3968
19615
10908
28548
26464
17026
26023
10380
15636
326
8964
22461
31978
20424
10922
3971
28845
3454
26570
12701
18738
26040
24322
23678
26158
18470
21717
18419
20554
19099
14424
21767
6522
22544
9773
21796
6026
20716
6069
19578
11514
131
4738
13220
5131
3036
27659
31881
24602
15799
30116
24193
10541
21454
9389
11706
5580
12636
2825
16857
14098
6876
13266
12260
27395
24339
14410
23391
14624
4432
8469
8885
23865
14579
26534
10970
29827
6700
11256
3631
234
31749
29310
29350
13992
4003
32348
19238
18455
23752
7127
18481
9155
22429
28426
15300
22724
943
6875
29822
5451
18487
21550
21509
29562
22942
13657
9382
2169
23616
26071
29243
27078
9329
27200
27218
7372
14269
12408
1931
9400
29556
11303
3138
8840
31847
5994
4206
15204
23532
11209
9929
14642
28200
26472
23858
6501
1421
12929
7247
32277
26529
30993
10870
13653
1793
3282
21966
19137
7846
25450
2481
22358
4712
1250
21333
903
14528
15961
6572
28556
29138
27898
3208
30206
12203
29995
3843
31905
21447
14855
8478
18305
1494
10511
3240
576
26559
11804
22882
29614
19174
9113
19552
3994
19115
4846
30386
23272
28723
22847
5956
21988
17258
1111
21507
24790
27976
31711
3649
20183
20308
19156
22107
6882
13415
7480
17049
29486
32435
17927
11605
3771
30467
24940
7776
299
8516
26421
25505
212
14917
16773
7423
21267
17083
15304
16258
21219
15240
24044
21428
17838
30525
1999
29518
29283
9437
24819
18960
11976
30692
28793
7665
22290
4487
29005
8824
25523
3902
13982
7018
4467
25216
13457
4773
20418
21965
310
9548
26956
25330
25019
11300
6863
16009
14303
17214
3113
15551
25514
29911
24502
29530
27995
2940
19416
15610
2979
20338
29399
414
23056
13140
27884
26731
21452
13310
14488
22185
26247
28586
1338
24591
12722
14425
3041
3136
17902
9589
27231
5525
30916
26804
13471
1309
8342
27199
12344
20450
19669
28692
28225
22894
20085
21672
14184
32654
9374
4305
32318
4950
8613
7396
19413
25445
23610
27930
23181
15211
16611
3385
21291
31976
22441
8048
24619
13622
4624
17026
2904
21705
13645
8999
6553
27574
13492
15535
22798
3954
4208
3304
5467
19932
3190
16194
9796
20862
21436
4913
19579
6928
23461
467
20661
29758
7104
26323
6403
32684
28083
12429
10336
2614
10610
23410
15494
380
20917
15534
32263
13214
25768
24585
30360
15428
9444
32011
16816
17122
28318
18276
11090
28218
27934
7819
12582
12578
17523
24740
6607
21639
870
25767
5753
25266
29100
24511
8881
22474
3680
14832
5754
15258
21168
5629
7837
2197
3286
4233
3904
1047
26442
31356
17594
27630
28725
4776
1702
7449
13609
685
8502
6095
18192
8985
10443
1220
14947
19156
7106
8103
30621
11708
22160
10991
28654
3724
3601
20695
2611
18434
17437
5543
23590
28993
27229
16182
978
8564
10076
21933
13643
5812
29153
8589
20635
17452
30333
19188
5119
2938
31584
32284
15956
9561
13936
14628
13772
32125
18845
10003
1765
1471
22894
11290
20380
17530
29152
1817
27357
8757
11633
11365
28735
14978
21112
15817
23534
13349
23223
17354
29416
25721
6451
3119
14189
16912
29252
20929
432
27290
23016
4432
4307
16392
3164
12278
10258
24817
13550
22176
3135
52
30477
9929
30062
24543
3490
11401
18673
29519
29859
12751
12167
27801
20708
22250
23504
14633
2609
5199
5380
12713
19355
2454
23013
293
24079
15813
12274
1900
4397
13521
29406
15033
9814
32354
14400
19602
29191
8663
7052
5617
10086
2954
1602
3746
539
24405
18533
21484
16993
21589
5423
627
12125
32237
14339
26461
5038
9742
5539
19636
26693
7350
19875
25867
8567
8375
4126
6757
21072
17850
31655
17490
6699
31619
6018
2395
4223
6775
15893
28576
8956
6491
2969
24768
6615
20574
9493
9465
13922
27994
27533
6545
8159
32087
28534
9844
4758
12113
14446
14110
1317
13371
13610
15035
14360
24643
26544
28557
25529
29016
8646
32143
30761
7913
26026
9304
9136
22256
16131
65
4946
19504
10264
10954
8611
14778
20288
14906
26588
32694
20633
25734
25901
32096
14333
18804
12373
19537
24370
10240
26481
16640
31841
767
21009
21640
29898
30978
27025
23468
18357
21373
15271
12056
9644
4393
23352
10473
2023
28582
21360
7024
23560
14437
20753
9523
6153
21701
30219
1589
19058
28028
2894
23160
31439
6457
1244
23999
28257
24200
3106
7320
9492
3317
1160
13978
8881
12660
15943
5612
22613
10752
19322
16391
16930
7299
11129
9148
3380
21750
16482
2168
22998
20169
17144
711
28150
28037
10417
4631
27607
10416
12298
19391
24838
12017
1822
14143
16783
17524
16503
16329
9072
24720
2596
24321
20046
20135
23307
25858
29543
22094
2689
417
8648
11950
1560
29429
19136
16682
6584
32023
27284
32579
32242
3878
10612
20408
8336
14734
2222
22257
23409
22922
28706
7837
3476
7656
12278
24731
19058
18701
19083
30998
5009
21560
6831
17397
20566
22539
10772
26994
30747
24135
19456
24072
8833
215
20551
6547
29191
31248
25207
18867
3292
2615
26962
881
6130
22083
31361
14373
26708
9189
13958
29079
24249
5830
8435
6500
8537
21264
18649
20387
10239
10543
21892
5321
20064
11993
19301
19146
24747
26955
7504
20865
22113
27862
24040
16978
12135
5531
9559
3854
10074
15763
32578
2070
13090
5074
29947
3524
31946
30988
2041
28934
20878
1368
12422
18252
13878
6964
13496
13733
5539
11209
27554
30500
15784
4209
16587
8841
7707
7543
3040
29469
32299
21022
4261
6366
7155
18916
15153
21468
27216
21255
27739
24291
24816
20041
27248
27994
4780
15344
18983
16491
32280
6674
25558
5989
19544
30735
10469
32606
29237
25439
28035
17948
26480
4494
31385
5174
26709
27524
31740
29302
30100
24074
7911
16002
1613
5002
29864
21179
8298
31510
28057
25958
19249
16556
82
25354
4121
6841
20765
18456
32221
4315
28075
15825
25040
8171
28933
32357
11120
24379
9156
17496
11837
2844
27781
18730
13772
6308
9368
5943
8215
13998
9464
13020
29207
24609
8064
24283
6805
25462
6235
1
22333
884
5053
25606
28660
5438
19408
28596
15467
16272
754
30795
10228
16198
17949
19493
10133
21790
13222
11926
22107
16574
6699
19222
11249
27897
967
25506
369
12622
391
15967
22650
19633
19234
5761
6275
32143
1764
5227
13935
23308
19948
4375
31329
21391
16535
10425
22481
29824
16188
24735
3040
24400
6938
25692
30184
4026
21390
7717
24152
22345
13194
11899
8127
12827
25410
1803
26150
22756
16936
11474
30883
13365
7451
25988
16683
5375
5339
21551
1704
22099
18625
18715
3403
19563
6573
18678
4388
9454
6463
3885
20208
7280
31050
3997
3890
11576
3973
15211
26501
6983
16772
3376
9776
406
27879
8282
7163
17566
8146
22479
14401
3613
13725
22483
11079
13848
11212
22315
716
15644
17217
2946
29921
15306
16816
13581
19707
27539
26452
3435
12103
11455
27872
7631
9789
11700
7609
16480
11896
6005
25186
20704
13509
25449
20279
20620
14970
15966
2911
324
5129
7373
9212
15340
30164
25695
8100
1554
17219
20145
26133
10961
21524
26964
20516
23285
9203
22297
29687
6239
8267
13963
372
28844
2139
20924
17145
19217
5004
31557
5710
19849
20994
15496
29144
7475
31601
14648
18959
32245
8242
27676
27442
5478
28822
8463
6969
21739
3706
20556
6155
20256
7451
16104
17905
31865
812
2208
8778
13097
4902
30421
20097
22082
3552
18645
18237
30
13151
20828
7127
11263
21999
3419
14865
8946
9074
6135
8709
12281
6393
8149
5723
24424
21649
16789
7359
19856
14688
27548
25234
18587
6640
12055
23008
18871
23754
8764
8851
2423
20295
14291
5094
13173
6819
12278
31260
32061
3923
1557
23665
9318
15000
61
24401
6146
31317
17305
5832
20793
798
4665
23866
7984
3217
5650
596
27184
6121
23878
26178
12804
1232
27558
21794
19362
26741
1397
14009
8718
23263
5999
26213
32380
11905
24586
18259
7093
17934
15868
26866
2235
31886
18429
20392
7856
21426
4558
13763
3572
23652
17018
22706
18062
3491
24540
9845
16333
32142
29537
24402
25390
12478
27664
32714
7809
29657
25031
1739
24904
29540
7623
27687
2400
1497
3186
23365
739
23546
31828
1559
8012
2916
20065
9291
26588
10087
31613
29382
28477
23573
4930
18254
26214
16281
6141
3206
30910
19915
23545
14880
13188
16897
17409
7502
31854
17191
4896
1401
23440
5650
9131
10550
7296
18961
12673
22390
2744
5061
6546
18684
19771
18995
12958
9749
9596
14872
9023
5251
5499
17276
22826
25018
12593
30090
1458
7503
7982
7327
17294
14253
3201
30369
18907
30986
6104
402
20581
25753
30696
6245
2338
23553
24847
21008
21247
5903
28216
22242
2527
17319
4352
8215
6113
25089
19735
21930
11234
12562
17128
15978
14660
16199
19836
30288
9453
29561
14235
24336
17298
8734
19509
32494
3381
700
17921
16851
10732
6564
25188
20640
15333
27100
7060
29378
2727
861
19965
11783
29594
16766
19684
6319
17354
19889
10826
4551
24296
14957
13843
21426
22418
19051
30823
5385
23763
14357
11097
11173
8430
4412
30662
26105
7511
31497
31104
3749
22531
29238
20140
20041
3553
23421
13929
24471
26281
30801
691
18861
5588
5069
24966
5281
3307
31722
16710
11357
8965
6900
21598
26029
21900
17727
30760
22934
1599
3862
781
2794
23165
16116
15853
2585
8128
12279
3264
2890
22888
14481
2686
8874
23482
27009
7229
6916
6184
14593
16281
6803
32466
28225
6233
2580
6478
24853
336
29214
17060
25066
9344
17078
8349
24063
24198
14623
16958
5074
28978
22511
1935
27608
18805
9576
13985
18800
23680
9220
25038
26650
24618
14674
835
6372
25234
30465
29116
29734
1286
31290
4751
21359
24100
21812
27884
10175
18239
14082
611
32759
6405
17839
4262
21389
7006
24204
8337
25988
11415
12489
1639
21404
25535
26179
14175
9670
12881
20125
6239
29146
18708
16530
10759
26508
17472
9609
13809
22685
25314
25450
24887
4430
19841
6321
18486
5402
12290
24257
1938
5028
10953
1658
22139
10735
24353
781
5678
17357
6878
30479
31422
12698
26433
6093
12564
17961
32539
23264
9780
4351
28725
8705
21443
2239
27632
22814
13766
14822
2857
15021
19885
19896
2399
11840
22160
32123
15128
30041
3768
17890
17280
6784
14945
28364
19796
22164
17342
15151
19198
24671
7230
21838
514
23148
17166
19251
26008
21277
5343
12121
1178
2808
18665
12713
3745
30018
16176
17575
13420
9935
1030
8942
26497
10008
11473
18650
15638
22414
29198
13956
30769
25902
10902
3571
32527
30806
3104
24976
16323
5847
21768
18139
18463
27723
17231
349
5335
27817
31970
23005
23524
1302
19743
30167
22055
20222
23445
17194
19535
31076
16395
19473
27388
23670
6084
1876
8740
27493
2
30912
5047
30835
6601
13780
21886
32590
31461
8893
2633
27036
12335
31621
5705
471
13579
32135
29371
2139
1077
17702
25798
7869
9662
13246
7079
32095
24145
29147
31243
10049
25531
25001
3772
4122
15018
5548
128
26792
8629
8113
28991
1348
11677
19461
7267
4793
31443
7396
13444
3414
6202
6708
17477
11842
3885
18804
5753
17168
11460
25071
27019
9107
28755
4405
29212
14836
17204
25547
28909
20737
24007
9762
24576
7368
32182
20934
31482
12645
20862
23256
9932
23576
15659
29118
31890
4763
23650
3353
31675
27826
26021
20471
10091
23555
21203
8267
4893
5672
29422
410
8845
25859
18721
2038
213
20817
23810
30512
4822
23426
24596
25162
26841
14025
19600
24363
29558
14959
24933
8854
32694
32108
8061
6237
15988
20536
11330
19410
23305
2271
15713
13439
25896
21844
29133
15127
4614
2055
15368
2732
6334
4793
16798
545
11765
9103
21490
23011
25273
6246
26172
20948
27311
15463
9427
31624
3438
987
4520
29876
18214
14912
18963
9699
23685
22172
22995
22891
26075
27153
16208
16032
5500
23730
1314
11591
15718
27797
5335
15694
22563
9001
9969
1722
6385
13514
29743
7648
18209
32403
3086
8152
26813
5748
29838
25391
109
8580
30521
8412
25243
25752
16226
10613
26070
17172
11691
31395
29300
8193
1226
18644
13692
21856
21388
20783
31427
13758
16409
1997
29268
19465
6267
30246
25877
19874
19546
24009
7336
29363
13321
29521
656
10435
18631
17812
14997
21384
12862
9501
15465
4092
19792
8157
12427
11699
4115
25885
5228
21099
28442
9655
27089
31717
10231
17542
30072
21491
5373
27419
20734
2771
28235
22193
21504
11195
7174
29027
6273
8117
32229
2973
7819
21165
19443
18897
21273
11976
29840
6763
32309
25080
7097
18438
23646
8654
8074
31712
26412
24975
17921
17547
4407
11913
30725
29926
31028
9895
11687
28492
22625
15684
28583
12555
12324
16957
4666
12824
31470
24394
3338
27905
25702
32654
5247
8994
19652
21868
22589
12572
7034
29341
2798
1923
9498
9855
5953
7127
10356
5808
9778
26038
9982
17884
23181
15439
7290
31955
26029
10266
22994
18911
22922
31943
1863
2644
23539
20340
4554
12904
7959
7458
1962
18245
17226
13674
10352
16221
1542
15724
11272
15614
25136
24329
1313
22310
1437
30802
8917
25752
16341
24383
30093
32047
19991
3493
15135
9587
10397
18786
22074
22634
13600
7386
13572
25521
671
13224
2817
18890
29277
28557
25143
7864
29225
18860
18320
4809
11233
21498
5759
8116
20025
28400
10214
3043
21177
1923
26680
14354
25861
29013
6363
27417
20321
12589
16592
4102
4212
19365
4245
6767
32332
27682
15690
1287
6819
30729
5908
7790
31841
25136
24255
6222
29282
21139
7847
3235
17272
30281
2776
27994
12212
2998
11380
4638
5857
32513
23637
22639
26706
10952
20724
2548
16350
4371
17289
32018
21544
8327
28788
9149
6692
23005
30428
31886
16854
27026
23446
6678
28765
2527
13128
13427
23345
16619
14286
31008
10409
20288
19676
3346
14784
25211
14309
29952
16664
24648
3900
22530
19263
23950
9338
20573
7218
5607
28191
16029
1567
30547
13436
21221
7535
5677
1488
16516
28164
7518
13745
20424
5567
3792
27565
16919
26694
26662
1330
15419
4
32682
20139
11006
24689
11654
22508
22007
3475
5432
26576
5283
15557
9024
21280
22968
695
4891
15031
2229
8886
4469
29924
18878
25389
20123
9744
20391
2924
5423
19617
17487
28329
14623
17438
20271
10308
29399
915
27186
27984
31414
6967
30919
5966
30911
13644
21813
19515
7314
7751
18480
26574
29082
6193
7849
2555
17287
32077
20970
28347
9983
30203
30177
29455
31376
17884
25020
27458
29674
29751
18103
11887
3403
21403
10546
31556
26426
11462
28679
6661
29304
4294
32282
24532
30260
5726
2610
30511
18046
1707
10503
4538
16126
15623
15772
26431
21990
15918
17358
9715
23333
19104
10541
14331
14302
28742
10252
558
16920
24407
22740
29
30903
1661
28062
24912
15275
14900
19456
3027
21607
27507
31014
10226
25236
12687
3109
6464
263
11100
6797
2270
14065
31637
21309
25849
2390
25726
15228
31125
16577
18119
16965
1673
14133
1972
7649
30411
16998
8827
10172
7406
3625
26862
10865
6377
31530
14169
22055
19226
21981
8110
20256
30859
31159
20447
2703
1139
13469
14220
28074
25344
32413
12510
25345
10579
23004
12467
23054
24269
28367
16891
25869
29577
14510
20577
26894
41
22054
1583
5192
13014
21071
16747
3760
3458
31197
25670
6346
22896
4250
1208
3263
29687
31508
16228
30129
22659
12434
12737
12619
3036
2381
24443
20380
19627
15581
1815
9509
11578
9458
10711
17200
31355
6212
19165
19044
5196
29133
10642
19351
6905
6197
31561
10979
5634
6542
26656
14588
30751
12097
20263
30400
9346
15944
5573
14096
22876
10142
1623
4831
9122
31988
537
25480
16401
28070
2634
14181
3440
32749
25739
29853
29717
27222
24201
7741
26282
8563
29915
28555
24625
28112
24878
16791
838
7720
21407
28434
16036
10713
23400
10851
6891
22422
17087
31224
5537
15452
25083
20186
11638
9895
11769
27013
972
18917
1470
246
14198
15915
861
24581
23744
10279
21531
27893
14000
7510
23506
20298
5516
6262
10131
10202
32412
4671
29583
3879
305
4686
18488
19948
23783
19554
29347
1014
23846
7626
23601
12597
3567
32542
1390
21779
11733
15918
10297
6148
329
5176
17702
13151
27419
27742
8224
2924
28222
28246
28755
12222
31948
8548
18249
13763
14409
15237
29522
8601
1836
28909
24874
20771
9115
22452
16598
7517
1911
13261
29135
9708
22936
16183
31330
31482
16474
17015
3671
6464
15704
4421
26833
27748
30327
16262
32117
19334
4135
8826
17614
9238
31973
29239
10224
18152
26116
8022
20316
2954
4526
12524
22820
15829
27174
16060
14928
2498
2639
23466
20351
22911
29554
1139
24786
22978
20540
26268
7429
6238
26886
5032
20447
28948
11610
29838
22477
15531
30386
4458
7882
30274
26754
371
6785
19174
4473
5933
6070
18272
12804
7392
21730
6224
19477
13640
12317
4224
24610
13454
27713
26994
31600
1399
20813
29243
31633
28380
11271
8340
11052
19802
28902
14383
7164
5450
1582
31815
25115
12531
31069
8059
5249
3839
9158
26076
14023
29996
636
11589
28721
27460
17777
20459
13292
21071
23007
5428
16020
31751
29671
9421
3322
22156
23417
12279
12323
89
115
17697
8852
22647
6669
444
716
24304
21876
5707
22291
31111
22453
20665
15986
28838
5853
8432
13059
14488
20062
19367
16747
23288
4789
16251
22948
5226
18506
16450
7424
31369
408
23708
19818
15904
2189
25034
16879
23964
5940
16836
1150
23489
913
8069
31980
20125
25293
30122
19771
23226
26515
2875
17180
28312
32697
10953
690
21082
29987
20409
20121
24512
5604
15839
4391
30293
10151
14159
2802
32746
10830
17519
19090
6466
11736
16977
20904
13071
16264
11072
2847
16157
12867
19865
30385
15822
17979
25821
11693
16326
29642
18691
9464
12263
23968
10259
20562
31104
11809
32240
2779
24257
25609
15989
26838
4979
21074
26052
22188
28646
22359
25307
10548
20522
3897
4201
817
29569
1410
12255
13341
28693
10760
6857
29733
3815
3349
7775
8564
9224
9924
13655
25268
14091
11694
5118
21202
4026
16582
14983
6658
31496
26754
419
6148
23623
13116
21842
933
24219
28887
4600
9096
23215
20901
14259
1062
17574
27784
26604
20244
13909
28760
24876
10117
27055
1157
27953
12303
14208
7422
30018
7602
28255
17745
12479
31766
5597
10003
8700
1812
29187
20354
21839
15736
23292
30825
5736
4357
15630
22596
4065
22458
21711
15781
2326
25172
31637
31190
13879
23572
6190
24256
20124
22466
2001
21515
23896
11762
4949
18311
16
4230
17569
31947
2062
30580
12388
28
12689
19146
2054
16528
25959
28143
2014
5490
14526
4139
5541
13033
7992
26217
9002
20949
829
12860
10568
3834
14485
14881
20245
17760
32054
5892
4445
26617
31834
31493
32335
7813
2005
21883
22901
10675
31654
30777
15338
21129
32716
8721
1223
26885
7259
4759
11742
5637
21454
2855
22699
1124
14239
24874
10119
9574
11029
1428
14111
5206
18526
9649
19493
23917
7133
18722
2373
11254
10693
4387
16731
9136
29159
32015
14819
26996
26056
22565
29104
7959
1271
13452
16354
22162
5021
6037
24338
16480
8022
15169
14543
6440
17983
2307
1358
6812
29777
12742
4957
29601
2797
1842
19609
2992
9911
31275
18913
5500
30632
25243
3082
13525
24415
29810
11476
15308
18872
1515
7197
17176
29600
2832
15701
8632
5160
27264
31026
2010
7128
3952
6053
16636
32325
23792
30220
24913
14821
26223
28073
25190
4643
4482
32339
29445
12207
1249
4459
32346
6936
2226
26898
11860
17820
15371
3993
27982
5183
17330
23353
10991
8474
22055
23045
26702
9974
18660
14876
20314
19225
739
547
22906
14688
30817
11763
18800
18062
5090
910
31875
3300
12405
13400
22237
14066
2361
7812
20274
27820
16928
17100
23970
5824
28147
16997
20961
27687
13718
31026
21653
32250
1166
2104
6143
13704
24256
25682
31710
30885
17275
15653
10384
26693
16825
20567
25979
27977
8610
31996
11947
1944
18258
11089
19900
4978
13020
23725
31227
30977
16783
30644
17352
31281
5240
9422
20287
4802
16423
20184
8727
7836
10678
7193
2249
14946
13576
29559
22261
4681
10319
25066
1794
4907
26833
29746
32006
12759
29931
22725
28901
15532
16214
24076
17340
27494
20393
8398
17536
8503
19487
32493
10210
5402
20635
8784
14198
21604
14057
14368
31765
21403
13383
10295
26496
396
28708
24789
16709
4248
30759
2709
23271
27215
13683
14496
20281
320
18218
26913
20747
29966
26159
27129
19720
15559
13873
30131
25311
19314
10213
7354
31137
25319
20626
20169
29546
2276
23251
6308
17476
21084
29849
27142
28744
30994
24175
30682
13575
28519
2
3757
25128
26224
9696
26980
9554
31308
19584
24618
19788
30901
7299
941
18530
30164
31801
30858
25099
9050
23143
9989
970
7628
5703
4862
32082
9246
10449
28705
6125
28036
29497
18012
31006
4485
22201
14998
6277
13905
31120
20382
19716
31060
23883
13153
13600
17931
10819
27745
32426
3863
21607
31586
20894
7568
32059
17766
25163
27291
14113
23004
28340
14143
3544
26901
11063
22132
30786
32503
25196
23933
5994
22005
19536
11896
26309
22079
24739
4404
16824
5429
10382
20034
25179
26914
21385
79
15741
25895
4988
4017
24552
20853
1060
3135
12517
29631
8633
22886
15875
15344
4814
24697
29717
10521
18808
15689
27002
31405
16306
6390
7585
496
21248
9988
20939
10157
851
30897
24339
31271
6445
6790
11692
22355
30469
12333
12651
1860
6637
642
3973
23271
3442
13292
20889
8944
22212
3822
18929
4884
6935
8953
3333
25977
1352
9093
9280
21099
11972
15712
24071
12368
4006
22085
24312
20446
14879
27312
22639
26763
25883
32241
2127
10565
2593
20607
26111
16740
6779
20624
8370
30173
3992
30950
21228
5816
23214
4588
3906
26820
30627
2305
10849
22409
10030
21012
26193
894
5178
1905
25339
124
26763
15322
30697
22643
5283
13018
23374
9820
20199
29526
14918
23918
3582
26725
9822
4245
634
1122
31831
20000
21434
6719
10279
25529
9230
24859
27201
7835
8221
22039
534
23551
7556
28774
25052
32215
3264
23460
20366
6079
16974
11369
5940
26673
23312
17181
12900
29176
16371
20750
2313
18919
3279
13247
12131
27850
24207
6788
17743
12701
19601
10827
23241
11260
4432
5053
32175
4827
9792
20358
21703
32631
22265
29936
27652
6284
3992
24247
5637
32201
27234
4633
1759
1921
16555
7212
3100
11939
17143
22900
1540
12524
23646
23477
1563
17755
25909
25094
14058
29926
26858
5927
28930
27499
816
2580
8511
21737
6236
5338
25674
6896
27919
9642
31585
5718
24854
7724
32347
2348
20878
15637
28390
29936
26188
17916
4372
8452
20092
23402
11542
25951
12423
16176
7751
3459
20795
27901
21356
26543
13862
17199
9273
21589
18242
11754
8216
27086
13272
2151
14887
77
7838
10383
30335
14866
21794
18633
31932
23520
5740
17424
13242
2480
11487
22600
19100
15271
24417
25298
21267
32582
32188
19294
20701
22753
3139
4352
25227
22866
21176
11655
26504
15342
21101
17162
18263
8376
26538
18371
15900
14037
6735
9248
21086
27456
25018
30488
22539
28607
24555
29884
9404
11798
22502
4878
22843
31610
25433
30997
25667
8264
11135
25649
8838
2039
10564
30637
16372
11596
12458
10899
15931
5836
19307
18372
17546
30583
9952
13383
7323
18355
6433
28642
240
27271
366
999
8285
13065
1998
21585
31430
24090
32757
1807
31530
21584
29547
30112
29408
18484
5867
23776
23073
1198
12042
16162
31175
32701
10265
11390
25172
1387
25931
25965
21558
3841
2843
2963
32074
6775
18664
21723
12190
5678
26082
29897
30075
13538
5418
12300
9891
15834
21813
20051
25303
11617
24178
24162
5532
14714
25900
101
26431
3792
12977
10884
16151
23020
22964
7095
15114
28842
2544
28892
16466
12270
18190
4103
2433
24979
1737
24089
21955
16036
31312
29332
7524
25039
1771
15789
28562
15894
12770
21667
23907
28104
923
22608
5658
28080
9730
10750
6310
6284
16941
25211
7787
30401
24897
16240
9029
13900
21647
31470
11978
24316
26883
16714
17104
5854
27071
14635
4912
2809
13827
20961
27337
20540
28240
19448
25031
20661
31949
12301
18725
6404
31977
10209
28528
6670
17986
28076
8910
13046
7878
17844
5184
5961
22551
13853
36
25976
23604
28931
16382
396
27991
9414
10615
2069
7449
9893
24230
28003
16092
11151
29583
7417
22890
821
3305
11583
23514
2404
23589
31607
6580
16786
7339
17394
21077
20663
30311
2692
18324
18782
27012
26421
10149
32251
10103
2873
20030
19839
32064
4643
8441
7722
13036
29525
2810
31392
1119
10171
23505
1344
5968
22457
3489
13745
4757
9569
13954
5309
15009
26346
10533
27235
14155
25949
2231
4647
26321
29586
21511
27053
25116
29019
11242
3462
5701
3839
22751
22602
5977
25834
21487
22503
4185
13218
22231
11576
29829
24573
14185
2522
21978
32658
4656
16443
1242
2413
2131
6643
23947
32519
5307
26712
26050
8565
15480
844
8353
1759
7777
10842
15199
9268
9723
31746
30535
7964
26013
30544
29956
31790
23505
15284
17691
32100
10236
31501
25017
17611
29250
20999
30127
3967
2724
31399
5307
7383
875
3364
18697
5597
19146
17145
6649
2305
1983
28728
28707
19982
15930
10017
31385
26204
32385
14835
31083
11592
9171
3842
4465
27873
26187
31498
3396
10980
17416
5571
12174
16875
1419
15541
31364
6881
24928
14414
4272
6841
769
14130
4852
6239
30967
5074
8140
28399
20034
6208
22483
38
21243
13378
2953
15126
22584
22949
30291
31517
25392
29395
10947
21271
7072
10152
5146
6355
31085
25730
12555
17604
30090
22423
27586
31225
16924
22668
13093
19023
19932
28227
14682
2790
5821
26356
31625
19665
4048
13951
30435
19986
7780
3840
12003
30405
29297
26532
26835
13979
15927
26044
16531
22154
4386
23568
31382
4803
23025
21622
14125
4325
21527
22435
27400
1648
25697
26432
16633
9084
10458
24129
18684
5547
16364
11122
6261
14172
2759
6738
16312
16161
28423
7717
14542
884
23440
21317
13175
9893
5309
10937
25195
16151
3003
29704
11749
20396
17711
14671
28514
9342
4895
8594
6822
26576
9743
19792
30721
836
14698
24922
21456
8526
24356
13285
18246
25320
11934
20445
32365
7559
23242
17020
8039
13646
29583
26396
14074
26498
22127
9545
20044
6463
4711
21787
3562
32361
17174
15810
4623
11492
10018
25187
21540
28680
30168
4387
19843
28751
14354
26753
14208
849
10334
18152
3242
14323
24156
22660
12110
29403
18792
14166
22845
12071
15993
20867
14543
14174
7497
2546
24360
27302
20663
18197
25530
25144
11881
25607
24843
2834
31157
14296
11961
2027
3522
10021
31931
28524
29418
29675
13289
15005
25443
16284
16319
30622
799
29555
9566
5271
20208
773
3027
22257
1776
15642
6556
21191
6176
7866
19304
30359
18767
23691
10271
32574
12094
5722
30242
26659
11265
26871
21972
11186
32168
21062
25945
26636
8223
7059
20894
15356
1619
15910
30873
28718
28310
30231
210
16539
22085
30564
2594
23112
20648
31041
23482
24880
17689
2991
13160
4734
22633
27472
6678
22272
1407
18298
24980
23001
10562
11914
12183
30582
1466
5243
14849
6339
113
10167
6242
20126
8224
26668
20159
16780
3463
13475
30099
18858
7069
16973
8980
17127
6889
12959
31159
29041
31792
15200
32758
2669
1616
5377
9553
13547
9068
9004
6291
5913
2377
2975
21334
17334
16632
12091
32457
7114
20918
14680
5553
30869
4880
14684
26542
12741
27211
31372
25024
21484
30466
3618
16393
6960
29457
15263
3285
1605
18866
19298
4311
5528
10726
24442
6325
2765
6167
20153
13256
15468
17147
13833
20509
20951
8123
13315
22463
31616
4437
702
13112
31576
7999
25573
21845
4491
32589
4877
13354
8554
30420
12869
21334
8872
22288
25838
17288
13002
6339
3277
15170
23257
23327
23902
11485
23898
18918
14699
32206
8320
11984
3806
17191
2207
12845
9428
10081
22244
3787
4082
23896
24644
15642
16636
17559
12466
22926
24995
8918
28309
19013
29599
5825
4729
26602
26110
10235
18180
11737
5308
6243
1324
13699
26259
23190
16552
276
32020
20917
14500
22868
10999
15976
16569
17099
9392
32034
5660
20009
8003
31143
5398
18405
20824
31692
25268
2851
2706
12670
24255
31707
21789
6662
29166
27704
21894
13963
3163
28990
23760
9177
26676
27312
24772
353
25779
16945
20104
18816
3408
9641
27507
32516
8501
16618
14368
21484
12018
14996
2497
11631
6258
30773
19894
10560
4909
28085
11103
2065
30880
31730
30766
8534
31482
8871
12800
17483
4633
2450
29613
10808
13492
9430
6109
24051
12762
30878
32286
15527
16027
16387
9780
29653
3077
31536
5552
8344
31058
10435
15301
29741
13919
11895
18262
434
27232
13568
9043
6446
13011
31543
3398
21458
3762
25719
31273
13695
2541
17991
15739
1928
15639
14649
9875
20664
30047
28946
2099
3735
6339
24618
24160
5097
6784
10774
1649
12408
5069
10629
15719
1555
21704
3432
22652
11991
433
20822
27647
6317
4182
5422
21598
14868
14798
6142
21893
1057
13418
23075
17510
13763
18921
10930
28377
29772
7659
9239
13735
19757
14505
23548
3297
1281
10722
19053
22135
22478
22553
11321
19205
3719
20477
25755
25840
3541
10281
8729
434
16918
19725
19117
11634
3239
18732
29475
19672
5726
23945
26050
6431
11099
32347
31790
8812
1025
2056
20621
19550
7999
16465
2537
30950
4628
30666
18389
21849
28754
24462
29012
32195
12962
26416
27382
27263
15816
14069
30788
23556
28456
6720
19550
14594
21129
28237
3555
4782
25882
26914
21009
17241
2482
19651
21294
23368
4700
23206
26150
20416
787
7014
29557
8288
29130
20155
30535
26292
10160
6058
19678
1030
26545
14585
18741
24951
32320
30182
26851
30287
32340
27417
5441
2194
20400
29654
17615
23508
29288
28535
31444
16973
7073
31514
27205
17456
3992
29591
16360
20793
23782
21429
22457
12421
23810
17053
24973
8871
7687
26254
14581
27128
6583
20435
29797
11566
24000
4082
28566
26673
2367
20775
21800
24362
17283
528
27532
18396
4115
27050
10529
7479
9202
14204
21405
20778
8225
25618
11951
20666
21862
30125
32227
3665
30028
32057
24005
1624
21611
24447
14409
29191
8681
16028
22634
7292
14401
6066
24850
3595
27459
26845
11066
470
30557
29545
20306
22941
30232
28226
24035
983
31717
15531
2931
2049
17178
32051
21417
11574
2104
1253
22449
28416
31599
6848
31714
13422
27492
1895
2206
32102
3377
19737
21114
31293
1453
7138
11679
16773
6127
22035
12401
6182
7437
14577
2414
32689
10537
32170
27736
32496
431
1677
23190
22722
18648
27769
19160
9509
627
150
29690
149
21988
5700
16171
17813
12653
10577
9550
1163
12972
13423
31648
11728
30821
19429
29595
8712
16770
20612
21019
7343
32088
20189
8640
11509
12588
24241
25747
12492
22262
5801
2284
1599
6500
26695
9619
26373
4386
30749
16677
8790
26457
17981
10425
10493
374
15088
6596
8111
6700
27563
17210
27547
27580
11326
25078
27970
20340
16463
31836
23945
30325
16647
317
268
8122
2827
19962
9654
28502
18606
24557
7823
19197
27749
13572
12756
24518
12155
8111
11597
13615
26885
4605
5339
29026
20761
9218
8017
12983
1083
22907
30084
8825
23320
27317
26534
9453
27255
5290
3279
19088
16236
13421
221
26273
11214
12745
13438
28383
14060
32037
907
2196
1660
9387
1432
26322
21460
17578
19657
24061
16733
22328
1767
20617
9284
10011
13490
22789
5746
27114
27513
21849
25791
17775
21737
14156
11618
17488
24867
15945
17068
32238
24337
32354
9719
30094
28409
22677
11993
29879
850
18510
12957
25818
25559
10798
16371
27705
26331
24587
17126
20993
21724
30264
9487
28089
10842
11782
15880
9696
11241
4490
10276
16850
134
29857
19805
4844
17959
1842
16526
14576
21654
23731
14051
1451
8830
3311
13709
17365
198
20998
18362
25912
8223
18357
20676
23573
5337
12247
20136
9155
19707
24620
8379
15513
11410
15706
9880
7950
17481
26417
19293
27167
22074
31283
20759
20721
7428
2644
28794
3000
2334
15102
8406
20439
26731
6232
7238
4937
11278
5576
29739
7999
16511
21943
18904
13834
11230
7828
32655
20540
26248
8475
30125
13578
8681
29655
10273
29173
29073
26597
16418
30122
2697
6908
28194
21030
3303
27306
8189
27165
2976
11488
26487
3485
18078
20913
9445
18927
19218
21079
18986
28862
28172
4471
18917
6778
21833
4262
1769
10239
587
7979
22510
1906
5039
26118
29574
16492
12476
30002
22610
2907
21304
13864
1397
30757
25471
26532
5961
26638
23254
1707
7249
24283
24572
18637
13935
28471
4610
2984
23639
18007
30045
23981
20292
6874
14138
1063
6378
755
15121
8824
9643
30153
9853
26278
20237
31774
24395
24343
27244
21551
12240
23961
12268
3292
1408
2982
3506
23561
32189
5093
15188
13380
13549
1267
8589
23976
3023
20836
27190
5633
22287
4357
19569
31793
11544
26468
26920
19154
17961
13203
19382
9756
8875
27944
25315
265
27586
21128
1558
23992
16930
19558
23238
27919
28452
10886
11826
20901
11288
7623
5970
2527
29661
4960
29965
17753
4784
21866
7340
10631
26690
5279
19599
18844
4109
16225
14110
21930
25575
18942
14851
17675
3288
19506
5527
1
5673
6125
14489
19609
14013
11607
29734
725
17573
12305
11237
19465
1774
16830
22147
29062
22973
26051
25183
32374
22687
21066
21126
14599
794
21133
10209
14028
3976
7761
27309
4192
24613
19120
26668
30796
20070
14364
30874
14634
16524
8609
24931
24331
15738
12650
10131
4119
29379
16007
26254
22643
24840
6126
32513
28008
8833
191
12824
11201
32729
16844
31986
21876
18239
29784
18514
21125
6586
27167
16535
31016
8892
22167
27118
8486
28155
7542
17606
1665
20348
27252
5764
16219
4592
30290
10872
18708
24388
7451
7952
28851
6004
10666
4940
6791
2464
31340
18546
11534
17249
25447
3075
8981
27229
29051
32237
2337
21529
29416
1794
27150
20495
26897
5033
28406
22529
18304
26324
13908
6796
9257
6450
9833
5120
15603
6309
16095
10607
30324
15350
11693
31236
14332
16072
11066
23190
18646
14794
25029
12157
4810
27441
25604
6309
28134
25446
30475
9185
22911
27131
13168
31105
18034
12004
16813
14118
22191
7140
13765
27861
13817
23109
20011
28747
28647
24780
6623
31376
26415
7660
18906
17359
21027
4666
12716
4453
24700
28449
15204
27192
28247
3543
21168
25930
26749
21135
2885
18062
17895
20465
1665
24058
14978
16071
23631
23773
1839
7673
2892
5491
2830
3771
13352
22710
31228
16645
9294
26232
23642
1091
29639
9135
15377
20559
14939
2832
8914
23196
8186
3039
19875
2996
19547
19205
14743
26852
31203
31331
28124
17973
12232
14950
9979
21663
26486
14811
18268
24698
8498
2053
12553
21557
11261
19693
27827
21322
9403
23546
16890
369
28820
21697
9449
18965
13979
17950
7360
15364
7341
1924
2039
19818
19356
15505
24959
7168
32397
14054
27467
32129
8607
10805
25103
29790
17358
26267
7752
23730
24598
3377
18044
25976
16859
29406
30403
10748
2184
9583
390
32655
3703
18153
11655
19327
14097
13085
5409
30022
26678
9086
2770
18690
13023
17712
9974
24101
28417
30049
25301
22126
20149
6108
25824
2328
11415
15323
25144
28241
6507
797
14704
24301
27911
32569
10900
31836
24173
31026
20586
21721
26423
22347
16119
6117
30264
5405
27461
28404
13664
486
16484
20070
26336
14628
1455
21176
7567
2403
31312
32252
21644
15699
18951
27014
10789
31517
16167
16361
16888
11767
21985
4898
4696
11767
5316
25362
8435
6692
20101
26674
29361
6355
12540
30338
13023
29233
17776
3266
21900
14620
17940
25573
14643
30263
27857
4803
2971
2365
8006
6670
30204
13461
7182
27783
21603
1831
3393
18289
31831
6255
9277
28486
22205
19151
8870
9386
20729
2090
29867
26013
26966
11438
16523
20212
23208
5105
3928
12810
11056
31808
29436
12979
8895
13364
19833
369
27678
18053
7541
1515
26030
6179
29685
3482
25932
11395
30569
21190
29559
1079
6121
28593
16821
18882
22718
4626
24626
16554
21284
708
30379
10959
22094
21952
1162
6138
18603
22089
27731
21433
11880
870
20030
25963
31030
12437
30246
22167
1357
7870
24737
13186
26544
8550
7025
31232
29107
9253
1307
27274
3515
9306
12245
28561
22854
29469
27557
3858
8235
21365
15304
6763
7458
18635
15185
4205
9094
10655
13586
26034
5722
19066
29375
10032
20619
21796
1873
11023
25204
8214
6313
17336
18599
6706
27766
10543
32747
7858
15448
3234
6785
17759
5446
2626
15020
771
17965
27985
5744
11808
8665
31356
26777
15330
6169
13420
29439
18771
27166
20120
30217
17614
32293
16989
16752
19382
5718
14928
16965
4199
28395
18387
12854
23661
1940
5862
19469
757
7194
5184
10617
22400
4163
14751
11793
31967
21239
29788
9110
8283
31904
23106
27512
30004
11479
8352
27036
1101
27452
2461
3165
9253
4005
15308
5585
11529
30076
14336
2637
15752
32354
24930
26667
9000
10264
19392
3274
15191
14752
17448
27351
24740
19359
18358
30155
14383
12294
23722
26293
29534
31985
445
15930
22994
16080
10166
10202
12186
5572
26936
8821
19366
16972
29918
4621
29310
25888
23946
7885
18740
30301
17657
1354
29846
14307
5275
15370
14505
9979
14498
4675
11347
12606
4441
11236
21848
12466
3768
32473
16520
29493
10805
13707
27190
20767
13020
6823
2795
5923
8098
29217
7260
18294
23543
25464
10906
30259
17050
22843
17801
17663
15025
31180
9875
16873
11033
7524
24221
11667
14331
25943
8250
27799
32416
22682
31263
10276
17286
10626
5592
25064
18099
2254
20153
32563
12873
10728
13590
3929
22363
23656
20919
20824
11519
24282
15750
15546
17828
20161
24971
4541
11942
23004
29466
13490
28192
5287
75
22691
4866
6693
8363
15672
2915
22749
7729
987
13592
12578
10868
24603
23685
18584
29722
10062
7603
14068
12436
891
23459
28675
28169
19831
16866
3822
16783
21069
1118
26300
9633
2019
20856
31768
7374
29915
10842
19541
27822
20408
5515
1455
1306
6466
24512
5332
26524
13867
24310
11171
8997
19442
27581
9523
14334
25864
1239
27415
30721
8242
20737
16352
14089
28462
29457
4836
24487
10393
25665
16702
16407
28944
18635
26646
9074
16278
29366
11299
2852
309
1775
6765
7329
8168
30875
1624
5972
28857
20140
2270
26328
19751
26546
1308
9579
23498
12276
22032
8864
19514
32192
2465
16980
2604
2047
19679
18402
11230
11020
28045
24987
8118
28615
5341
2160
23846
2277
8058
2034
7378
14986
14027
17021
23541
24601
3959
1455
12032
1099
28964
799
10117
16254
27525
16716
20820
20560
23699
6356
2788
8813
11290
4583
15604
14245
24696
13818
13681
10050
28833
10688
10651
10136
30567
9046
9060
21981
11257
4286
24088
12347
17321
654
22083
30244
8434
12009
4304
25318
29625
8367
23918
30335
11987
26353
6200
16562
30408
22696
11924
25178
28118
16550
27483
14591
313
1484
20027
26791
7082
9086
29274
14318
24870
1620
18492
29273
22512
8466
9959
17640
8921
19931
30789
18666
12479
20385
1225
12565
1364
2016
8789
19670
32544
13452
19036
21990
16074
19016
23364
15390
5011
16088
2318
25484
4387
22489
16696
2246
12936
20911
1506
16254
11900
29376
1073
16215
24806
24288
27121
29431
28068
16139
15998
32094
136
4442
17124
10614
20128
13616
7493
30699
15547
1972
21371
16188
20264
9349
22783
4627
18113
7849
13321
24530
3881
17862
32249
878
25169
19348
17142
13440
17729
23954
1237
3737
16917
1784
25916
8918
837
28397
15111
18357
13354
18171
5866
6951
19134
32192
31576
27367
7844
2534
19364
30473
29032
24917
13927
17110
19463
28838
7969
26583
21938
9947
19235
7984
1999
26958
21932
30000
25409
1000
12114
23333
2793
27027
11427
2933
26476
22770
26637
29674
14391
14671
31483
6734
13761
17365
21057
12088
10512
19711
8634
17189
7295
16976
15151
20938
2494
12357
19579
6057
10522
25736
18669
26083
17919
102
494
26701
15547
3971
13028
4549
1412
30412
1110
8903
28861
20398
19024
32315
30837
901
521
16529
19249
15192
21187
19728
29675
30659
5619
17771
17242
25908
10914
8086
24180
16475
6163
19927
5682
24283
17318
11552
27795
12358
15868
11676
27363
19272
27484
27016
11581
23330
2901
7748
18255
346
25509
15274
26205
32689
4698
32158
21640
15958
19255
17382
16721
601
1113
7229
29529
26722
22043
12962
18282
30627
4662
7158
8379
24843
22061
11974
11888
16061
7400
24166
10849
26560
5022
19519
29980
11256
13817
873
13101
3157
30069
4733
20381
17226
28682
30628
1976
12673
31242
4852
25619
717
32588
4861
17102
8032
32650
3998
22295
15678
10760
18206
16879
9713
23670
12663
10289
1150
2328
24053
27088
20377
18468
20224
24160
9237
6252
18486
15064
9118
4924
17086
1174
11178
6022
31704
13731
30893
12348
20920
30265
2444
14846
25236
3970
22357
3061
8700
31651
13613
10239
22634
14073
27786
13836
16666
13986
27042
20168
14875
10304
3107
22906
15015
24313
28708
299
944
4547
17243
1292
16059
20190
31377
26642
32497
18593
31572
17379
22643
24442
3564
17141
495
3377
11152
1524
13425
5484
31961
30821
15739
8056
7286
22666
30551
7494
29218
30341
7084
9140
14803
28351
9296
6158
2868
25483
11869
22229
30038
31239
4999
14271
674
7747
11692
4862
14611
21158
30893
11205
27298
3725
1661
9225
27137
28724
31095
23941
30603
17882
30965
27648
31356
12832
21534
31954
23133
28595
18175
22437
3267
30762
5598
23673
11065
4658
29386
8939
9595
2792
24951
7862
25573
7814
3401
28026
28202
21570
17839
12732
27209
20851
5298
7982
1981
26614
9166
7217
10996
25552
25344
7321
27907
23572
9760
6576
17304
2824
11377
19325
25904
29059
18039
1862
15754
18841
3592
26451
1627
3194
25766
8181
22595
3992
11276
9671
18432
32008
27911
2356
25570
11051
24711
11065
9598
6029
3830
12140
11175
2317
31176
20286
20634
7487
852
29309
28793
17678
2274
12573
29691
29862
25349
8759
29537
2705
16427
7250
1452
12831
3442
19170
4109
17676
25021
15630
10653
28765
7944
20918
26446
8331
15864
9397
9249
30947
30646
24931
6554
23085
16894
7774
23666
15500
20851
9867
4491
24741
5686
21335
28457
7171
26294
23619
24158
17594
19658
16287
20678
75
10493
10389
7797
31176
8232
30314
46
17209
1863
18689
31189
26173
16773
13985
18727
26613
17561
3831
11433
17437
14165
20319
5854
9084
24188
11359
8637
20863
19413
21620
22114
13601
893
20498
7428
20749
2945
8934
26919
3847
6572
4702
30227
23176
21406
13675
10116
20136
21790
12678
25251
31553
28850
18673
29493
1362
24172
7743
20755
9889
19718
20758
23002
20645
2354
22580
21219
30370
12075
15536
18294
17174
6800
6786
5946
15444
2162
2630
18672
7279
8108
22589
30049
24665
21362
11413
24213
21068
21549
2282
1862
4969
646
16140
24212
26784
6337
17667
21499
20175
32333
2640
26497
6702
31129
12918
2612
9450
13353
22713
25299
20752
17640
16678
19148
25005
13504
6867
5990
28468
12648
14184
832
31519
25213
23518
19450
26329
5333
3719
22578
20956
12304
1615
31154
8982
10863
8001
8167
16786
28394
30797
3734
16468
27004
7752
27850
389
11714
26676
16401
5328
27588
26818
10215
21771
10003
6421
28019
2330
25620
8393
15217
3088
16283
24372
4720
16536
9403
6635
19773
21396
5341
29832
18847
4611
13840
5547
2372
22056
7072
7487
24316
20457
31978
20479
31781
11381
20078
7224
29286
24873
28966
23504
32161
7605
27671
30599
10786
10618
25637
20349
11037
12343
17963
3317
30039
16869
22347
16728
29219
2527
8067
30333
24208
326
25217
5159
10977
8356
6841
16079
28221
21711
10932
5028
17064
15121
14507
26065
7474
26757
26708
24830
30318
16580
26364
13593
22310
8129
32214
12118
7501
23282
7827
25716
3381
23985
7730
20547
771
25825
4634
3683
22623
7636
870
4174
21104
11372
27776
29848
11271
23681
13553
25462
4122
643
8055
5246
6261
20321
24152
25005
9388
7081
16887
2990
7508
28144
13733
4953
30578
16500
32441
19579
3124
18944
29155
3541
6367
19984
4797
8807
31497
14390
20899
24558
32008
1724
23493
1707
18090
18571
12666
20070
17959
12875
30424
17587
9555
3788
12929
24692
7960
3749
28351
28319
18724
15131
28884
15425
9695
4164
31371
8643
4768
620
18963
21356
26144
29367
19469
6952
21295
22280
13284
24456
25509
6434
28253
7177
8092
28941
8815
11929
13532
16060
13396
7767
12951
9964
32480
16283
11607
30543
14098
22838
24372
5610
11753
12027
6218
32699
25720
5502
4970
6816
9789
29467
784
24180
7599
21050
27285
6523
5910
26834
6054
21504
26015
14636
20469
5948
7856
12266
1838
7034
8057
25415
12589
8569
4300
22432
1134
31506
23854
27956
16581
1818
19758
23336
20047
9354
15861
23502
18600
24797
9759
28198
19038
26042
23753
20645
3238
27091
22251
6454
12110
10509
20201
3711
15603
10209
2660
9829
16244
17922
12886
19922
30886
25664
29022
23989
4938
8620
19544
24907
24636
29693
26929
4510
29677
7986
14329
10827
14354
20601
12858
31623
17822
24656
9353
23908
6894
32746
13914
26705
580
21972
9241
5856
15479
19928
24438
13517
17385
8226
2560
16187
15288
21409
32245
6720
24377
16304
22872
16292
1442
20726
16197
19174
3590
5514
17282
1664
18311
21595
13398
24172
10695
13264
13982
23527
29087
13227
26653
3701
30228
32307
31764
1573
18822
21650
1554
17174
31531
6780
26382
15930
3260
17681
4275
28506
28782
12549
4859
29787
8996
9214
10239
15807
14051
32061
12814
25711
24966
22913
24572
3255
25523
11816
27580
31378
23565
8088
10033
15144
23211
5853
19266
1941
18634
23187
15661
17644
30910
12039
15901
17787
29231
16793
14590
12113
20097
25445
8848
11262
14740
22306
8122
17818
27310
13897
26146
5385
10677
12666
2810
9596
13474
12317
13341
12603
6450
4933
24410
7075
22238
8153
13327
19562
23822
21493
4858
20523
14730
11150
22605
25118
2865
6229
1024
17190
3309
12510
15467
530
19686
23298
24340
6428
25590
30082
5062
1206
16734
17644
5603
14215
24247
10179
10234
4016
28715
21978
26012
12627
25828
12033
26476
27222
19397
23779
28022
868
28760
19503
962
8757
17416
16630
21800
8464
26513
2645
8293
32654
26804
6483
879
20640
2095
32524
4358
18899
7148
5648
25740
22483
24953
23302
10262
23598
21688
14485
16579
30811
24280
19076
5453
2555
29059
23583
8925
15454
25177
9693
21540
21321
6814
3649
20135
4855
28463
29182
10842
26973
13499
14174
18289
15539
25647
12516
13939
815
25458
4913
26256
2068
18003
548
3636
491
7104
31045
476
24080
6968
4964
27945
25969
18050
30077
8754
7827
21408
24799
29471
4310
29439
12429
18932
19705
17904
17893
29354
24288
6492
10367
19332
3221
14514
23896
20384
1678
27941
14640
12237
27950
32021
12848
28060
20365
16330
29904
11450
1916
6504
16376
11900
5828
29471
19557
11196
27055
931
17231
228
8906
31708
2121
24648
21480
27614
23144
32441
18538
29723
4263
28246
17598
5847
30090
7078
24358
15837
1538
8420
21947
18545
6033
25498
1457
13701
10670
12402
26588
15920
26219
18760
13939
29787
5717
6531
8213
14782
2972
1190
11273
8971
18548
802
13258
7016
25786
367
5571
23587
30427
13658
1367
3233
1010
23969
7204
7832
15152
8125
4233
14974
129
30719
13669
20546
2668
28638
10018
8249
5947
3728
18931
20571
32093
14295
32089
25007
6920
27934
10476
6660
26915
9412
1624
13794
13666
11192
19622
30400
18355
17734
8381
24951
30425
32048
28456
16631
28758
24577
4889
16697
14223
3486
28334
13941
8235
23070
22644
25748
18364
28891
554
23272
21153
11721
15559
14363
28715
8455
15806
27237
27134
28852
18816
16386
17082
3332
26434
23524
10203
27283
513
25253
15070
14073
6852
29631
30118
15262
28706
17151
11805
25296
16131
26167
32030
4882
171
11060
3219
21687
18932
2543
4314
30128
12250
1799
29038
8099
21821
6767
25795
5181
1507
28260
881
968
701
2723
5781
12800
25451
16344
9588
23842
12545
26457
1634
6983
7692
19220
30435
8688
32720
18887
32527
11234
27860
2927
9275
28980
9377
23042
11989
26022
9414
29280
1936
12596
3871
24967
28609
5867
17751
16903
6409
15868
23980
28087
24629
4367
21746
30629
12130
10201
8667
595
19301
28401
3445
17952
4202
479
29940
23556
25050
27510
22706
8320
20867
16485
23668
17109
16883
18440
7407
21621
2084
10116
32395
27831
20575
17170
22886
13518
19034
18843
9884
28668
24740
7814
4806
21507
32578
5582
6592
17885
11675
13911
4016
20140
32657
30338
15171
23796
8689
9983
25914
9736
1549
32738
294
15298
28839
1017
21359
10871
28689
11869
14491
13098
32147
7752
29133
30208
19981
13606
6796
8436
5597
23279
11206
30412
17411
23731
12309
16972
30851
6519
3392
2473
14859
28991
1797
5697
11990
10860
24342
9352
23760
16712
13921
20550
13563
21984
5012
4352
28177
11282
13025
23219
29291
29158
767
14025
25889
16418
29553
26949
627
2328
30730
30273
24424
27075
26033
7066
19636
4370
3170
4842
24799
12676
12917
12214
28068
12533
21795
11753
25752
2744
21062
17537
28428
6117
24416
20617
15667
12788
29151
11335
20616
25483
31903
1718
17770
7061
9905
20279
24585
5780
24411
2435
24710
29240
29535
7652
25174
7984
1920
31141
19176
9536
7235
5062
2951
28052
32499
10741
14977
1876
19431
18874
18313
6776
26120
31218
20314
31966
1933
6270
21149
7577
20489
16444
21517
14989
29608
19254
8665
5177
28597
17690
20041
5075
26720
25067
7077
6042
5055
19701
24403
22888
22034
25606
8255
9094
29515
13019
29824
18373
31182
17113
25144
3274
19061
4862
18363
1450
25047
19478
3828
1975
18122
1330
12293
12953
16934
11350
18222
16032
17356
26482
16880
1368
6375
403
26482
30814
22386
14427
16419
31347
8955
32175
8353
20175
11942
431
23514
4791
8308
6379
24689
30034
14789
21203
17763
8633
26908
21616
2538
3917
10531
19282
3233
11341
20719
3274
32233
5800
14724
13657
20876
22287
23708
23655
29601
21071
20644
12344
17584
25822
17928
3613
8470
23731
27056
27367
30634
17755
20683
8097
13216
14922
20939
28287
32174
13167
28336
21521
6254
11
13450
30908
23556
25538
13369
22123
5376
2547
30840
26242
19078
17221
7450
27668
12204
16770
27538
11861
17443
17833
8377
14162
26650
29758
16332
27359
26463
17381
5812
2513
16327
14895
22411
30062
9937
27316
27483
18210
4742
27746
25129
4212
18851
14612
9266
22327
16122
11110
18548
8709
15382
3784
13424
10473
7966
30162
26927
32348
12283
19160
8579
17523
20669
20157
9615
16982
3387
31244
30601
28148
19962
29764
15807
15861
12881
5492
3544
22512
21962
9736
32093
28383
1226
20707
7032
26064
9333
31662
14331
2781
20940
31087
7075
32349
31768
19293
5535
6748
32396
25587
588
28233
32038
8259
12099
8943
2262
27533
16533
23207
20194
16656
31573
25035
22409
32
6487
17261
6119
18041
2616
5705
23320
17619
17822
5625
18080
16822
4801
23656
32266
16016
26923
20361
10704
29445
20156
5961
25979
4742
22256
12226
22795
4133
10085
27569
409
21671
9623
31530
27963
6875
12782
19082
28200
26155
5116
19886
2333
18289
31743
2914
8959
25612
15790
32028
12737
29490
10290
5867
29832
9607
8050
2986
30477
10991
23187
8569
25667
19105
27583
10862
27707
16766
29990
30087
16708
23200
12099
19427
28758
30261
9313
20018
6321
29326
17757
18027
18113
11123
15277
16829
30277
954
7329
1735
32688
11544
25065
15371
29903
8758
19288
21152
12461
1799
3560
2344
7860
25434
29693
6914
32020
27563
21230
28609
7785
19519
31169
24284
28312
10864
32054
23462
16121
20549
1288
7553
7612
13893
32367
6223
15493
24461
22505
22826
10842
15393
10810
6997
25791
1408
29361
10610
1055
18811
17070
24309
1902
5958
2145
24024
781
720
21716
19601
14062
29264
17196
12353
20472
27168
25900
14126
22701
19151
22778
1907
7434
13682
27686
26102
1454
2618
28648
18843
11839
13644
8873
11959
15114
15820
21189
16072
12777
19259
7824
8291
23146
5380
30103
877
26925
28753
16168
15758
31374
28707
18964
2787
8324
19362
27059
18163
1993
32434
25641
12773
30780
22726
5608
5616
13443
28153
28278
24850
31988
7771
10865
1797
14774
10120
28368
16239
4131
29824
10603
29785
26481
8114
23230
29922
8338
23386
11497
16436
1368
13325
31740
31928
13021
24978
13170
28550
802
6644
9467
2080
14838
6869
15487
21599
31002
23813
13663
28845
16290
9812
13566
18549
30878
28068
28288
15064
23802
17730
13265
30626
11427
16246
6121
10364
747
344
1615
14947
18991
30694
29660
23384
4791
25428
3266
89
20701
11427
973
1937
18034
14709
26344
19148
7005
12832
7394
13869
27013
28161
28786
14115
16370
31251
19577
6041
24879
28095
3464
6509
16626
502
3234
26148
1278
7806
18243
9948
3401
20873
18592
22657
18266
25996
14385
12356
20726
2382
12653
9289
11771
15936
18645
27808
5516
268
25139
4215
6766
24688
15396
21390
12978
30285
21716
6123
25237
30459
3081
1998
3748
19168
9827
7143
14628
26177
5602
20935
11952
21335
11176
9877
26148
8870
5888
10754
6074
13706
21920
15742
20339
5907
31019
21421
32441
22290
26106
17428
20802
7028
28444
1817
18743
23503
29595
28202
26262
31547
24833
11324
24021
13411
16155
17015
8648
3036
10493
9519
17604
15541
22342
11543
29957
21327
8102
10417
6221
27246
3485
8713
19150
16017
30853
11427
17738
2943
15058
20402
28281
26659
28313
24714
7083
5273
21327
24920
17582
28297
16596
14353
12018
32692
19375
20904
21483
23244
32412
1412
1719
14985
19780
19761
7425
5881
9291
9302
7973
9496
14991
9447
17300
29856
1967
13211
14715
8226
971
20641
1695
17238
5259
24719
31883
11184
19299
411
2286
30515
22805
16653
25919
5514
23159
17652
27042
24405
25206
15896
1807
14273
25947
13873
11441
27739
26957
3670
7308
18214
8215
16824
29539
1770
20012
16528
26585
12752
8936
30550
1238
30252
26137
22068
25388
3482
7870
27834
9851
22092
5903
28115
16722
5794
25021
12280
17558
7931
17530
32163
15912
15820
11196
18951
27330
14831
3006
7678
16162
18237
21192
20803
3179
10590
20657
25569
17352
30944
14242
3051
7506
16007
6684
19310
9780
22756
2621
8868
31244
24617
15935
12906
11157
31804
24129
25332
8324
24842
24394
25280
25775
25886
3979
4552
14452
26226
14308
11516
24153
29061
30378
19951
27632
24237
14248
4817
8702
22959
28003
669
4059
1933
28579
403
1564
16031
9006
27113
7280
1253
20183
7358
20168
18588
16823
8015
30139
1807
11963
6253
7720
21936
24927
16943
1053
359
12216
9188
13559
14378
19896
10315
7371
28878
26030
25607
773
1309
6668
8269
14927
12840
21613
32224
1973
29407
1494
17471
1286
26846
15420
12572
637
18314
12615
23569
11168
30045
13910
655
29545
22398
8643
20503
2980
31637
8552
30380
27544
5085
5730
11144
10729
31099
24084
23566
11709
10510
11375
12032
31518
28039
23409
9714
7840
11579
21484
29438
31811
3382
29577
22202
1434
24274
5132
6759
6957
2953
6106
31339
7453
29448
8120
5378
28422
28548
19925
12592
29481
29777
14859
29178
16587
31409
31586
18901
6616
12522
27350
16991
25548
8091
858
27725
10195
14671
796
2980
24111
2131
12811
21549
2267
28357
29079
18978
24942
11502
31159
6958
7745
8658
26417
917
4820
31236
32534
5038
12142
16575
19339
27034
9220
1843
30159
13104
10844
5661
378
3127
15219
23962
19715
3288
13339
5949
31621
7250
11496
20063
11203
23536
2381
17078
8297
15929
515
22826
15765
7782
11946
3811
32661
27673
21171
8871
20211
16203
29053
26723
21934
26758
28094
31495
14795
20821
14373
16535
24844
16634
20798
29823
8704
22878
8853
11304
1596
24654
29470
2504
487
10467
31444
4478
17532
12610
22945
21662
1739
18566
30078
26442
31297
20731
987
21570
15722
29325
16961
764
31156
20864
8758
17400
3702
7521
27745
30542
27952
3132
7918
393
2837
5647
2868
695
3014
1151
30357
961
2401
10954
17062
3577
7610
23037
24720
24818
4328
25959
5047
14996
20740
19277
18329
25967
5933
21983
31992
336
24015
18539
4667
14866
3109
27857
27410
24759
31485
5431
15193
6840
14012
26109
31039
7064
8865
31731
15015
7359
24910
17098
462
1926
9860
4041
15662
1423
22062
21697
32419
27479
5281
32579
11725
12558
11298
22544
14773
28070
27560
30417
3507
2090
25316
7689
19855
4945
8063
4935
7398
1875
20387
18336
30159
19963
28092
25692
21183
21757
22912
4080
12202
6795
557
32557
9835
26659
1553
9910
10854
12203
27472
8375
10092
16063
21986
6868
2015
15434
24283
24672
26134
9299
28911
21712
27906
13850
20021
29295
11282
2148
9003
8531
25173
14355
19195
31375
1247
25849
10492
19370
1133
28910
15228
28240
5708
13600
19389
18504
1142
8619
24381
1958
18687
31594
20026
28482
30895
11276
9078
18280
16625
22634
10552
18129
31979
12567
18323
2002
9711
12601
6122
24020
8978
16280
20916
7940
15386
26101
29821
13900
13214
4765
21293
4481
19560
6206
25741
16350
15902
24568
32007
21681
23842
439
21934
25172
31158
14017
1150
8543
14948
23179
18916
6172
30109
28113
22401
22075
20128
20453
29739
6343
6557
8776
8500
27225
19226
2679
9455
5004
30359
17927
7793
28592
8301
17652
1685
31171
26364
15927
16963
9629
18181
29334
10737
22890
32597
4544
10857
7005
22436
30105
25293
18339
20156
10195
25561
25238
29662
26046
29801
23348
28513
5729
32571
20943
32412
26313
3573
14085
26374
161
30058
22259
9372
3843
5913
9382
22403
1422
23542
22994
13551
23993
19566
16071
32579
15974
27045
11936
18810
16827
11266
11198
2501
19757
19181
6261
16245
12253
12759
26628
12316
31528
18043
23499
32751
18809
25700
8376
10607
26466
12720
24835
6217
4844
12563
7707
27514
17707
13599
26336
8886
14869
6338
15890
15115
10900
24848
17673
32450
27865
11330
32423
3206
28404
4607
16012
22984
16289
22747
6280
13409
6501
9502
25686
1913
9178
1222
10631
26536
24391
31951
1980
10844
28276
31665
28440
3195
12989
21803
15605
11337
28260
11071
4310
23179
24876
26750
28061
1773
4899
12165
31487
19361
16831
25544
31540
23625
9004
12174
18675
23575
29669
11069
29085
24370
642
2520
16313
7004
11728
28358
18848
3027
2343
20693
22649
3188
6904
3710
15208
12326
27046
5995
23299
22134
19095
20278
8454
17535
10122
3444
2119
17677
11819
24306
26860
5122
7652
27710
21723
6392
10231
10601
6258
13607
5578
13068
13177
10377
10625
31881
24148
21053
27858
13203
28541
20522
25109
31985
13618
16868
19355
28286
5995
13011
32065
27253
5647
28562
27717
16363
30567
19093
29016
13469
15059
5135
28916
23532
9148
18706
24047
24358
28873
15864
19025
6919
4950
18435
31331
13952
31522
10816
11784
5814
19015
18865
5200
21582
1392
27818
7499
5608
5190
2428
7707
29673
9771
26705
31565
18814
20267
7255
19818
5854
28975
6177
13256
22735
17780
24906
18854
31083
6716
10075
29048
15908
6340
16878
27264
22278
10101
23060
25758
29500
15454
17141
1641
32470
13282
17846
6526
28105
32686
25760
20761
14391
16879
22910
24290
27633
10433
21318
18953
30523
7658
14076
15508
4303
7880
26580
15096
24868
20616
23191
31207
20719
9369
30791
18026
8427
8544
5126
13359
11989
9006
30772
1572
3003
10607
20184
1349
18295
1060
26945
14769
5495
30099
10989
14852
11967
7228
7081
1249
5424
14608
25850
6350
7178
9694
16060
15941
22960
4110
3849
14343
26283
19345
16732
19892
3570
21016
6390
25753
21096
17028
641
6857
28071
29854
10484
6255
11260
29961
20918
2914
18866
32117
17414
250
13716
15636
16282
4643
23725
1362
18054
5551
25426
11969
15968
19697
28515
19026
11426
16007
26573
29387
4687
13175
19795
21109
10970
2686
4239
12565
4675
21924
2355
7710
5763
30228
29333
2853
14378
10795
4459
27285
7751
16847
26322
9892
392
27906
5270
1158
21154
22710
22189
18400
8179
3555
13828
10879
32358
18136
22655
31818
31128
11983
4667
32629
20281
16323
7190
21752
31156
12934
4977
3392
19986
13582
10036
12580
12571
23311
5651
22298
10175
31952
25104
6315
18101
30775
23873
31780
17762
2085
29652
9871
14332
9738
22352
27105
13551
10672
28445
885
27008
7003
12871
7865
25008
27668
20095
28712
1891
2114
16483
31864
7361
30842
16639
24596
13789
1176
11411
10956
30100
3343
18070
9163
4537
3709
32508
2506
25199
899
7349
9092
213
6355
29046
13418
14569
26506
31419
10647
21158
10689
5133
4870
30320
7518
7808
15619
12466
2352
16769
32223
22726
6204
10446
3048
24341
32593
25542
28568
18047
8419
18915
26125
19709
8982
2181
18361
1924
11288
15857
18267
29997
14516
17817
7470
19860
16676
6558
29280
3709
8231
28051
8389
3262
28756
26244
6861
3161
21422
5174
4020
9192
22904
4017
8184
28478
30283
25340
13840
21835
16997
7720
22363
25920
29252
15759
343
3828
15732
17758
26387
14982
10149
13905
8935
837
24576
16318
12386
6604
10939
21205
17028
4465
2283
31526
18989
7393
4762
8292
16598
32260
14106
5480
2943
11559
22424
6264
2536
31577
28660
10442
9732
13333
16849
21828
30635
546
13800
26758
20623
7096
26529
5674
17521
31204
3812
3402
405
7981
15404
5187
3443
12664
6878
4537
14767
27433
11738
9948
25931
10123
14927
16105
24092
3698
21715
14323
30330
8991
17587
2275
9020
14947
12679
2238
13796
7176
20234
15142
1814
21356
31529
17956
9551
29551
602
29988
23507
20879
32303
27969
9703
31826
555
30403
25153
28901
2772
32742
23229
21506
25353
15582
29777
12822
29590
2327
6979
2724
12550
28097
16281
10980
7097
29068
30162
7089
1590
5552
4051
9890
5569
9265
16932
13942
12593
13153
10588
5813
20988
678
17370
22164
27540
5245
13238
21273
23798
10687
23799
11393
8319
548
13319
10975
11778
1541
20580
22021
17177
15718
6039
17575
1464
14387
5226
26302
13576
19402
20054
20267
23666
18874
13627
16541
15609
5066
30036
436
24782
12606
18281
15463
3358
18773
4422
27811
1583
10006
27245
8756
22955
10828
22792
6633
9020
18896
23329
29171
32600
2822
4117
32143
8287
4778
5702
31717
14819
13005
28945
13871
13894
6682
2816
18717
27275
2142
10304
7544
15462
11336
23893
21511
28309
3693
24076
10415
1907
11662
14513
4317
1483
12318
20867
6441
22506
20223
12901
17971
18680
23949
726
31953
22664
4829
15395
13677
12397
30790
28123
32424
11471
8481
9860
4931
10879
4046
21644
1856
3976
27640
13187
20548
16903
28185
6535
11584
316
9280
14591
12624
21728
29714
10892
30180
1721
32270
21308
14365
23149
17942
31489
25978
30612
17707
10082
23475
14864
18553
3697
24549
23713
16787
13821
4336
12724
27647
4872
22813
24188
27637
15739
8965
19524
19044
3097
21934
17412
29238
11442
23542
26674
4821
3225
15157
218
3054
9560
32030
19953
18037
417
28902
21479
7913
3720
1961
22139
17625
3312
20489
30163
13223
14147
21784
8652
10380
28519
25720
22415
14812
2285
32704
23909
29579
907
32034
28876
7409
18892
6987
6858
3018
18438
3211
7809
10369
28557
15670
13828
1966
31270
22858
4457
15581
446
21841
19487
19089
16476
32393
19586
21384
3157
22083
16813
28993
25791
15497
13199
21436
8743
11779
22850
3713
8071
6428
10647
14051
28530
3680
23030
14214
29074
20520
16229
32031
23636
1402
17894
24699
3810
5163
29190
29123
16210
26182
8371
2302
22812
7858
31054
16343
8146
270
17921
14496
27147
4320
9811
22168
2209
11247
20473
19305
11804
9197
20975
7669
27245
7001
3528
3666
3808
10660
23363
31507
3660
2707
2590
11210
11660
23780
13871
9419
6195
13364
8624
26674
11644
544
2523
18471
6528
6827
10679
11872
3756
22495
24369
31976
13169
8376
9838
27679
6205
22333
24416
2563
18859
29168
4503
16045
21239
17512
8794
31262
17588
15165
12535
28476
5057
3876
3415
24
25721
13147
31957
16242
5674
840
16720
11135
8904
29533
5759
1514
9955
18750
6533
27928
9687
7974
20166
6832
24131
13959
14840
27483
17084
24048
15485
5064
27330
28212
11760
9972
4082
8905
25342
20904
27518
20846
5751
28483
2011
17680
26788
23481
23225
16367
26844
9948
15160
26877
23890
3290
2137
10374
15665
22535
5042
14358
4331
4061
9319
27032
11469
6465
9813
27067
31192
11272
22928
410
16588
16826
5648
7067
11141
24982
30631
3991
28810
28118
1590
31292
23780
22068
11809
9136
12332
21420
7424
14711
32488
4484
22168
24471
3864
26506
5641
23802
25355
2461
20296
26387
26231
20590
25808
20677
29129
32648
26005
8320
6074
11406
26426
20909
28963
11204
20611
17740
23314
9681
10253
9691
23325
15044
15165
17018
7670
22100
12662
9550
17472
6508
24463
26915
29089
31975
28548
4693
21017
4504
12395
28400
2450
397
8874
16918
16824
13972
5224
16033
18954
18943
25153
5386
32305
8613
12350
6282
26257
24105
12036
16254
18207
32383
16715
784
4210
23723
5522
25108
26396
26572
2065
2864
13626
16218
24816
29248
31306
5036
17078
21752
19773
28605
23812
29387
17613
20527
14211
31756
14865
11152
10523
31828
6479
20445
20326
17443
13585
14660
6756
5578
20347
17966
16496
6536
19931
27773
11890
23795
19074
21522
18519
24985
30931
31379
3518
32488
3993
17515
30452
6987
11678
7954
7715
150
27769
6286
2246
20388
5543
4154
9568
22334
11741
25798
20846
21055
19101
17279
31642
20726
26120
31952
13873
20940
9459
521
19927
19751
17212
28768
14458
14478
6750
19766
28804
17677
30276
22427
4181
23771
11355
4883
16880
9274
10475
28570
22260
415
26279
13031
7375
28947
1155
1774
16686
9945
28101
20904
23223
17745
18527
14870
27131
10780
7548
32388
26278
5761
28761
11
11513
14095
14166
10073
24443
20100
27469
1717
4331
2030
8482
23869
19064
13328
24987
24434
16949
30215
13170
26871
21959
9006
2985
31638
7520
23102
6174
12164
10994
5562
6239
30950
18844
15754
14527
26259
20841
31717
9130
15900
25401
22901
15669
6410
8447
25782
15609
26470
13869
26784
6690
31615
17517
30341
32195
743
2194
18236
12141
4287
19406
14207
12287
7476
29989
25490
30399
7754
20257
9765
1194
7641
21960
32380
16905
28884
8395
8653
23109
29649
15872
15338
2556
28870
4114
8991
4948
4625
1400
862
19600
1724
15267
17561
31969
15358
25212
12400
31614
20485
29709
6924
17654
8690
5246
4939
31429
8998
11844
24093
294
19900
7829
16686
12073
25686
1567
24773
17669
24349
4601
13548
7343
10755
20698
22993
18604
6220
26761
16236
5411
12620
16276
31842
7990
14962
28485
18473
30354
8837
4562
24685
32069
12846
16596
23987
31185
9655
22522
15165
3966
5138
20479
5677
4340
18205
17881
26605
24840
26916
564
16333
21975
11175
5406
16366
21009
19294
23044
24928
2200
5499
30685
17287
7754
21039
12709
2755
7706
14447
6925
4687
29542
20216
1393
30058
24197
24209
14602
13237
6047
22928
20069
29917
5057
23711
15379
12153
8240
11456
27811
14134
18430
22159
28877
30257
14300
21191
8688
21924
5167
21512
18623
6597
30054
8664
7222
13547
32394
9447
11476
22003
16918
2199
4100
13794
26890
5563
24540
26827
20539
10911
25353
13812
4077
29770
28938
15156
8611
19711
26269
24479
6198
25610
15991
22886
7717
4793
8760
19192
11820
680
1950
15213
14872
2369
11769
28197
13273
23684
4063
23980
11481
1284
7456
24033
32652
12594
20732
10584
14153
19934
30868
24060
10840
2043
15775
11513
31308
7075
18782
16857
28306
5211
5074
9452
23883
25239
13100
7406
5719
27265
16261
21476
1202
28662
7887
17223
31236
977
19724
11108
22643
22125
29886
6659
3772
4965
27550
17479
6786
10910
26512
14293
1254
10888
32727
10040
3415
4000
20101
21893
30379
11578
17974
25914
10863
4989
4094
3692
9852
5807
1440
34
26827
23475
7169
28924
19851
3535
20956
8984
4976
8627
30390
24373
31309
18871
24085
11033
12261
32613
21229
16177
32511
17975
24411
32632
29880
2977
15509
31641
28701
18514
32546
14936
20473
18104
21318
21550
13036
12994
24001
8499
32189
22249
5305
32322
7153
10865
9460
27991
11933
5356
14154
5435
7544
2817
10842
25700
15924
26731
5245
23318
1551
11076
8696
16591
31141
29828
9078
18658
20232
29125
24757
27234
30226
5193
895
28481
31482
14653
11996
32441
30502
10047
5766
9963
1088
1311
10909
10695
25996
11746
11164
4395
23417
1549
14988
20047
21878
13856
14711
26720
30214
28256
4128
32363
7447
6105
10481
8317
27792
5796
14901
17417
31529
358
12167
22409
10623
29209
18314
14696
19816
21519
14811
5664
10115
21299
31044
29088
22292
20627
26163
24560
16399
27
1386
12567
6003
5027
3831
5181
2521
5933
26983
30221
12365
25191
25911
7773
18268
17272
19595
20753
23662
18168
6946
30268
25943
16704
29322
3465
30248
31973
7824
28890
2379
12927
15867
10798
3535
11695
25466
24776
12288
17248
17114
8590
4155
32076
15996
1711
23552
7874
26887
648
32073
26279
20314
20937
21530
12988
7877
22739
11866
26654
31608
28773
29153
17683
6971
25976
11474
3
30816
12391
43
22469
12534
10067
6298
31005
26176
12230
10643
23938
12390
13206
7839
1828
31337
23821
30455
15917
23132
24134
32593
13127
14802
18394
24058
11103
25235
12989
9509
6313
17299
16738
24451
17637
548
15398
19219
28896
11114
19691
13884
3389
6671
7683
13081
28789
25657
24657
5396
11805
26041
31914
27830
29544
14982
29825
30141
3308
15721
13764
11119
31145
24313
26113
30511
12103
26826
26829
11598
29599
226
9574
19491
28541
364
20375
12638
24228
30897
14300
14745
275
25923
26311
32304
12679
635
1954
9555
17729
14630
26198
30809
6409
2172
1164
13399
28531
31570
2577
18674
1121
32144
5247
31089
31177
9700
10778
5143
441
18360
21496
13231
27032
24930
9061
16232
27310
15003
9861
7395
25575
18227
4155
18571
24787
8707
5962
18469
4594
13346
20666
11175
6703
23644
2430
4174
21930
10975
25427
23019
32186
1336
14571
5758
20019
18046
3403
16389
4068
12237
2674
20630
11364
15606
21307
23724
12047
12661
11396
10175
22347
29092
16784
26391
8208
31790
1962
9953
24743
6085
1291
1411
27313
2328
32510
14637
18796
25855
21314
5040
1586
21241
176
30868
5698
21465
8989
31076
21955
24764
26242
3149
13318
30270
13659
4328
29964
24558
9804
5971
11336
22527
27914
7558
21669
20288
21113
14052
10699
29006
30738
21009
9886
14599
27272
4356
19720
10563
18347
26461
6905
32191
31628
29432
20652
26714
22754
17090
27691
11908
4268
32715
32277
15091
19736
11421
15263
30615
29604
28365
29145
977
21123
5839
15923
6880
15682
23054
12351
16028
23723
29500
14520
31334
13802
7399
2500
21087
11502
6734
19574
13016
1554
17010
20375
29706
11005
16752
5030
17927
14022
1037
22557
6385
3420
403
3574
21866
550
22492
21358
31051
20966
28076
23817
27801
29667
3908
28630
8885
1607
14643
20724
23506
22982
1392
20053
6828
24704
28326
17602
8824
1065
24015
18207
4374
10087
13828
19185
27022
22139
21139
32285
8890
27428
11091
10738
3648
10176
4916
18282
11204
3509
17690
10413
15451
29455
13036
23511
10818
7019
19175
11003
6352
22547
10041
23912
12457
29546
23499
7723
31797
27531
22110
11221
26704
16429
1241
13694
15683
22474
13793
2313
9203
16384
26539
30378
2905
19767
30990
3494
562
23940
28893
5722
22776
17101
20339
28031
8208
6190
7823
9388
22085
1692
13155
3100
23413
15560
22247
2482
31626
7750
18547
24890
9644
28143
20109
20978
9142
30596
18944
11593
26086
31892
32558
19174
14040
26783
2470
32236
27573
4219
11769
28541
25768
247
32202
637
29073
8383
549
9368
28414
10623
24594
12422
12119
15435
11113
17805
1112
5439
23527
14408
31940
8802
6274
168
10840
464
19706
18744
1022
11033
15793
933
14404
18404
3516
9853
1036
32728
27450
30775
24965
15292
21988
2932
9050
9180
13286
20612
20521
23983
10478
24620
21046
19640
25474
25510
20321
23210
21654
15850
15701
2767
1374
23084
1539
23722
32609
17318
20559
16860
31439
27287
16648
11076
18196
14988
18462
29034
8621
26078
19983
7198
28474
2684
21923
19804
2773
5098
26073
21363
8099
32394
20513
9830
16552
24603
9931
21651
13024
22911
30656
8850
7563
21953
8048
25184
5320
14934
18443
17853
12901
27811
26868
12242
12534
20672
23155
18967
15652
9596
20906
24692
29000
24993
22730
18599
12089
30329
6022
22757
19553
7056
32712
12740
17431
1980
12963
24408
25641
15195
12682
5532
10167
16348
12223
3092
13384
129
6157
15537
11543
8290
6842
2549
20654
29110
22456
4183
5302
29262
31003
9961
13326
29026
20944
21304
25370
17040
21643
13428
7774
8738
30465
10705
18251
11920
21848
14380
856
6981
10715
29426
4437
166
27891
27710
2300
27985
12626
28737
14538
7330
4210
4071
5645
30332
15166
16055
29501
15430
783
2044
28815
1843
28377
7970
23240
31687
12455
20322
27727
22167
3908
3746
9351
13904
6203
14230
10587
18170
11778
12076
26395
12926
18035
31015
25222
31334
28027
9
28968
7909
24598
5175
19430
14103
21371
26200
12247
24201
15507
254
341
7164
11184
1416
9556
9574
4220
12359
1267
9530
31280
26591
28497
25833
10246
23536
19874
169
32240
30454
23938
2165
12682
10094
25992
12885
17229
17467
6175
479
6150
4167
6289
2302
18055
8557
22117
9714
28061
11927
13035
25240
9794
2339
9493
22764
26131
17804
20360
16588
26116
22342
15603
2815
24914
9193
13984
11637
16569
20882
26953
1232
1512
21638
19500
28452
2866
25
32353
1019
27526
7887
3692
3485
9889
21952
24591
10126
21890
22337
9314
9815
798
10432
6181
11401
32086
32752
31828
4352
12838
31527
31996
31333
27935
14596
31310
21494
2327
4948
26609
32650
27167
310
13981
26831
21429
25726
31718
24023
28475
18008
19541
20691
5800
18222
31677
26398
14206
17867
14284
31101
25084
448
12513
27045
22676
15622
17693
28925
13215
8422
25021
19622
27984
27158
3751
27321
27110
8229
22594
31951
20518
23576
2955
5063
17929
25174
30822
10435
26034
5057
11825
14196
32418
31270
26271
19864
30511
29655
4804
13248
25138
17046
15980
4951
7425
437
15793
15840
2461
18300
22733
31103
14636
30155
27180
30395
6825
32256
8902
21378
474
7195
26795
20333
6786
19745
991
5446
7129
1214
3433
15816
20537
26157
21671
28581
17690
1117
12004
16590
14144
27980
25900
15598
3891
1207
13407
13623
496
29174
4997
15714
10718
9506
13409
31217
11267
14200
29257
9144
15736
11010
9013
25755
7450
19828
32533
29081
21891
16980
4456
1546
23353
30813
26890
9252
23332
3622
31309
16068
19782
27135
26444
12396
8102
2331
8828
9095
3469
18933
8068
20469
30453
13804
1615
12739
19519
3632
7263
7482
25124
8162
22628
21532
16878
9079
21517
42
18920
11102
4126
14057
12819
26082
16067
27302
18714
13905
2083
27832
32136
26974
32057
25861
1849
2244
11487
25288
17678
4652
3884
27281
8933
5457
15104
9613
7113
32098
6621
5639
11365
2472
3577
29999
18879
14696
16017
7706
12323
12043
32383
10763
7772
20092
271
8689
20779
6866
20751
26928
21233
5935
15909
17828
29615
12007
13414
10467
32048
26853
12835
7875
30597
27211
20486
1309
4530
3161
3934
28880
679
2448
25272
25608
30322
1559
9391
14784
23474
30557
28933
27269
9551
12032
5106
3709
21608
3310
955
16553
24205
7370
6279
18279
17455
8849
30319
9787
27476
23165
24020
31950
4751
28713
22005
22327
28720
28919
26048
21370
20920
15791
20201
16462
20368
16232
32570
6436
26874
25516
11306
868
7239
9175
19632
12538
20299
7104
25945
19473
7182
29595
23193
20510
21956
8478
15710
29729
23039
17379
17899
2600
548
8462
28900
30740
18715
559
29349
11679
31051
31594
29912
15262
30406
23765
21063
28804
31168
21281
17646
7720
19782
31613
14933
27848
26157
28343
16925
24397
26184
1956
19160
27856
24542
26819
8478
21342
27994
1309
25821
2040
28997
12399
26864
26590
4722
31371
12531
3854
18552
23036
342
30727
3173
27113
13745
18642
433
16188
20823
28995
11121
6402
32302
32381
461
28693
28094
18356
31668
10745
20615
22583
24783
29445
22424
15021
30643
963
29789
2462
25690
21913
19129
26934
19156
2728
2388
20038
2618
3316
7223
13964
9188
10437
28054
13876
8923
9806
10476
32414
6033
9869
13390
16994
31696
18290
21496
6802
4849
21315
11309
20799
6734
32575
5438
13630
24058
32130
30184
23339
1455
26152
6114
28591
11783
15285
10935
32511
8687
3765
26834
21925
18521
1183
4823
24195
6706
17919
13626
8725
13460
6100
27658
19190
23356
9271
6413
21414
32574
13886
16402
16778
7671
27936
32131
4404
3140
10906
19258
14309
497
16529
1941
24144
31093
8696
29389
14497
14300
6900
5763
8126
4356
21566
19356
20429
15372
9674
21071
28662
19466
31910
12412
18282
8444
22564
19008
17316
25858
8763
26822
13295
27082
26411
9056
24104
31307
12384
24278
20677
29878
1689
22270
5654
16553
24393
26252
11467
30118
31037
300
27063
17861
27776
5070
9939
165
29052
16193
25478
17064
9057
8452
14883
9312
16843
7769
20148
32324
13727
26010
6902
5288
23861
6608
15268
16364
25533
23682
8952
25843
10203
10699
21616
20950
30101
15023
3534
21210
5999
25007
354
5024
724
5531
1419
8348
9144
7848
23932
7368
2940
6595
32572
32666
1810
17956
31472
28467
24673
20773
26461
2777
20203
5205
30633
14759
23469
31176
7777
20867
15430
31410
25025
10833
26972
27700
17711
29030
29756
3702
27656
20800
24512
4598
22943
16756
118
1824
29315
4839
10238
27678
8961
3137
8116
19697
20202
10911
13968
10689
28311
23177
26186
6001
32041
15651
21441
20087
7189
19879
11933
7147
4065
31506
13363
26845
31272
2590
22954
19436
29924
21361
24924
22804
29421
12820
24447
9160
2492
13862
29189
10049
2165
28626
12224
2325
37
26238
4810
27147
8519
4165
25124
14638
4750
23976
24221
15648
9438
11648
14070
18353
2203
15671
1859
18352
26663
26936
26516
11522
2982
20900
19925
21232
27141
14151
18163
25797
19258
9418
19265
28825
24525
14378
12825
7272
29079
8297
2246
12647
4554
9091
20641
29079
26673
16547
26747
27546
1977
17047
9531
16582
27697
22145
24008
4472
1358
31440
28202
938
29426
23151
30188
6088
22189
26684
21956
16320
24197
20156
12406
27737
27890
2061
29429
1221
557
12828
10187
31865
19114
29464
6588
31548
30435
550
2470
19326
16472
10326
31660
748
16340
19925
24467
6465
30961
26469
6252
24927
16094
22539
10100
6302
22112
6919
32312
100
30999
18953
15357
13814
7683
21410
23134
15501
11079
30201
3383
28077
29996
20927
22978
17330
11880
10597
10496
12972
11681
8332
22875
876
11309
4029
5001
25823
25116
16474
26291
10139
9080
9428
28631
22456
25291
24863
4203
10465
15586
14179
30787
26794
29137
11509
1716
27428
28471
31621
18170
9648
20419
8857
3031
27664
29687
11578
28285
964
6188
32748
13486
403
3031
17124
25122
9576
28170
15478
31017
10335
4926
12237
11921
12576
30799
5086
5322
25196
26312
13982
584
14325
11873
8307
14121
9587
6086
19433
1560
11252
29850
1447
1137
22899
28860
2209
1445
26285
2249
10895
26081
26416
18914
11421
26602
16309
16047
1124
10828
22191
11683
12569
30643
13092
3202
28932
30361
32188
19745
27444
31777
6168
26478
8562
1603
15972
17583
15987
8490
26416
28687
5202
15322
21883
12374
24381
12310
4369
28408
8302
385
14616
4177
9564
6147
25829
8495
3891
31086
1812
32145
28290
18018
1751
21678
18228
32366
910
11833
4290
20343
30360
21732
1703
29790
10089
18979
23827
26333
9693
10034
11747
26802
16076
3929
12753
10240
7903
5999
6632
754
6050
18077
7484
11937
15066
5220
3799
17720
16408
2017
4086
32598
26766
23632
12918
7347
21794
20176
8073
16391
705
31077
5805
16935
24822
24387
22751
16497
14011
3658
21515
27243
18831
31181
8904
21159
31432
29335
13378
18154
20267
24624
12407
29580
5306
8028
27815
22050
6861
10725
1029
17243
12388
27546
26803
1064
23740
26776
237
20000
1568
6344
9349
6946
31490
7337
3727
9276
4426
12112
5981
971
20462
31149
19118
17124
22211
11023
11810
22003
30867
31466
19441
19618
15215
30681
21981
14589
13126
18399
29797
4563
27319
15858
5692
5215
20004
26810
21497
26919
19720
32406
15376
4133
9610
19168
6913
22565
3666
114
5071
25966
12955
5480
7348
2980
13449
3112
13331
32493
10685
19872
25006
8275
17960
30927
22553
26986
10524
19335
19055
15154
169
2161
19011
5182
30502
32337
16857
29206
7950
5259
24214
25051
20750
231
32694
1065
12379
2705
32061
2113
18761
32356
23344
25192
32282
14439
15620
16778
13843
26264
11607
2083
726
26857
3550
19552
12267
29321
17311
9089
28832
20580
29536
15489
8211
30957
25183
3577
18317
18715
20291
6978
24337
4785
22355
5337
31797
24515
15334
22536
25393
3958
7194
4547
11830
12295
30409
2257
32513
14863
2233
21292
28335
4357
23315
31401
12243
27908
5655
21723
5830
4558
27661
4661
31806
30482
12415
18544
11810
17898
28581
31788
25245
20392
6689
28122
24946
25042
6381
11737
22415
7019
23953
15327
2276
10100
17049
13723
21621
179
20550
22681
16046
8883
14724
23397
30199
19468
9500
25075
1417
13796
5931
4414
10880
25782
3795
1584
32561
30291
11312
13250
28861
4390
29325
27748
13031
22715
31448
6815
9762
2947
10836
27897
25582
11729
16782
31001
25957
26153
22418
6699
30737
28346
5470
3718
29953
16425
17815
6284
28188
22928
3195
9938
17845
18887
23575
18306
25695
24034
30906
27389
258
6394
8617
14788
12078
22833
12820
408
10160
19952
20041
32224
32611
9075
28968
32588
16457
1928
28119
14008
6362
27539
14775
10067
5532
10198
4758
1024
6388
25583
21798
31740
1340
26786
6061
15041
19733
16089
23807
7979
24063
16361
29610
28122
6439
31511
21872
727
20095
5211
6906
18042
28180
100
22474
27019
25501
16859
29298
11431
20559
3052
19715
14053
5881
28163
20937
16314
28236
27859
14389
4122
28026
11421
5659
7904
18180
4271
4382
19568
9676
29739
17512
411
24690
24585
11934
13763
30429
25183
15378
8255
3608
27360
16699
6400
24160
20643
31075
27765
18299
25895
23968
9901
32587
14483
26629
6588
3746
29506
5913
9055
4184
26750
17800
30179
26267
18060
10777
26690
23175
2026
5088
4496
23030
2516
14005
13205
18330
27660
7141
14524
4425
7643
2855
18732
151
15443
32721
15156
31146
9688
32331
25324
7242
26335
24004
1305
31544
25588
23077
29010
24001
25858
579
1889
16274
26063
22105
11244
718
20422
10933
28757
2142
249
8881
29150
8841
17510
22501
13329
5572
8057
411
31327
7115
6355
12419
25863
7408
23626
29353
21817
5043
24625
29603
23675
20116
28633
27919
15181
1061
16215
31549
13064
28003
27784
10792
12044
23110
4435
20139
2330
29847
19246
32753
27903
9474
23524
17710
8051
20076
18325
19340
11328
21383
5118
14441
16295
6819
3322
27583
12031
967
12873
18147
29855
1280
12945
19315
8958
24825
6050
9865
4889
11212
2046
31797
21013
4632
16793
1835
4646
5716
12765
24760
8879
14434
20209
1275
13227
15207
5691
26449
26699
32219
21540
11025
31968
6108
6427
21626
1020
13256
32732
1513
32468
21770
10482
7503
21737
308
3962
17891
28392
32591
6955
21012
30926
8558
5011
29122
3919
19594
22691
6317
23673
12937
1134
10542
26517
29344
23086
14117
7246
5083
9864
30514
19733
3578
29969
11816
13507
21631
16144
13502
15232
6149
30598
25480
740
12755
6251
31526
32093
28081
5435
23740
5329
9723
22193
9890
9348
26099
9170
2396
19003
1627
7214
26828
21154
30788
10083
7590
17643
12833
32226
27429
20920
29471
12022
31996
10555
20665
18434
400
31899
17030
266
13412
11930
8278
4724
27860
30582
18046
6160
1287
12
21616
9559
11551
14403
14735
28400
32434
27816
1089
11641
25726
24406
10053
7555
10840
26649
10567
16606
18790
24531
29361
17688
17550
23326
11717
13120
10542
30770
27881
19695
2062
17418
2881
14986
31379
31426
31619
28353
2101
10052
30983
25435
50
26147
20254
4918
7044
20423
10917
21897
31505
19915
10714
32365
22051
24483
7790
26780
27927
4738
13787
19576
5209
12410
31735
2127
27536
27366
27593
15837
5397
1029
668
26898
426
15335
2387
21526
9321
1165
2044
3211
8954
16716
6056
15890
22025
5490
1657
5648
11767
1580
508
5298
20432
29607
15289
28462
32382
11638
15369
26444
9276
9780
22312
15398
4173
2666
30859
6187
15597
16050
14452
8298
12680
2333
28611
2318
21802
27091
15887
21284
17719
26361
13813
6053
1116
20440
9136
944
5573
15163
8682
27159
22672
17688
28882
3613
14210
20339
17263
2942
249
19072
30516
32688
31522
18440
27092
22633
2156
24077
24920
27489
28733
7345
14958
15193
8163
6996
20740
3676
30669
24829
22293
14661
30971
11259
3523
17537
26291
23756
5287
19990
12406
2109
17253
19684
14386
29907
16771
6443
18617
1898
20603
24142
20594
25372
31758
22999
13390
16484
9436
3002
20222
16259
6450
15326
28772
14883
12323
30937
28999
22587
6874
29692
12106
27698
24622
24207
1311
23111
13943
11357
4856
3888
12192
24436
27454
18945
27518
16678
30598
15696
17504
11347
10689
19351
10728
19691
19890
25305
7705
30894
3750
15241
2224
1334
1375
32423
21688
16184
25169
5932
3161
26375
2065
12968
26353
22105
10762
13610
32102
13134
17266
9312
6330
21678
31356
19967
20191
15218
17359
11621
25037
17799
23096
21630
5331
32206
24219
23524
27690
11623
13360
7754
2768
4655
27883
17178
8851
24199
23100
23645
10860
26200
5625
7132
20239
7508
6041
25476
20928
19070
10658
13583
18792
5356
21348
17633
31208
19915
2792
13360
13741
7077
17188
13928
32133
27359
10864
9678
21169
18310
11582
19299
28475
1099
4357
24075
22666
21195
15230
31982
51
12564
31251
10527
26386
20581
23957
636
30362
22838
32301
19413
1129
12408
15253
31312
13343
8734
19847
21515
11121
5340
14454
25092
19577
11055
31357
14646
27216
30109
1173
24325
11231
6718
21514
19676
4338
5499
16432
22293
19854
30742
20562
31513
28549
18027
11755
22728
583
23797
1816
23323
9467
32275
30030
21511
18127
27916
15432
4005
32140
14929
30020
8849
10861
9475
31343
30608
24881
13749
9886
24693
17775
30323
15678
11845
21034
27651
3726
5273
16293
13418
11276
23620
31608
28339
16684
10550
26340
20459
25680
22432
20324
2416
29685
13401
21892
25708
21546
5249
13814
13980
8263
4196
10467
5206
9435
26016
19327
25546
13798
17547
18400
13704
13641
3279
12048
1602
23930
15703
14689
19923
9340
7023
24832
32641
19215
21798
2765
24447
27684
8951
12650
20918
8339
11433
18066
1478
2832
13684
16045
9287
24668
21349
31393
24916
16312
13828
1002
6218
28575
16435
20205
21709
21172
31065
30601
27916
10490
6592
11248
4422
28995
13884
14773
29838
32491
20238
28966
29387
6085
17927
21211
22530
11862
32753
15247
11480
3137
13610
559
11346
259
13714
15409
18144
26848
9127
7207
22170
8221
27375
7828
26825
13936
30103
30974
16553
30389
25945
32580
30573
5858
21411
29490
23940
9277
23797
29267
283
32717
31626
30214
32227
32526
30012
6612
31252
1257
24738
7169
29874
9954
1403
19553
18703
12948
7247
23917
2961
10074
12627
19350
9141
30800
11918
20186
18260
10874
20794
2708
15141
9026
3693
28568
31876
15144
11000
1151
14449
26805
2703
2112
13276
6064
31275
8961
2336
149
31149
6444
24269
5187
18628
13508
31658
20469
15120
22778
23546
3443
6024
29691
11263
9098
1817
17165
19389
27321
22159
7386
16384
31277
4025
13835
13472
12528
11720
5145
29700
24413
28921
8800
30693
9431
5492
7542
30548
21946
29043
18618
5631
32146
16038
8752
6320
20875
4823
2188
17174
10025
19402
1932
17096
17209
29287
16011
19335
5384
22810
5460
18627
12754
31099
13108
18529
9341
21802
27731
700
25991
24061
6467
9194
3902
10590
3290
14912
8751
29422
7229
28184
28128
12911
27966
26321
29122
18656
32488
280
19041
2281
8279
14950
32478
7802
18894
30154
17055
6576
3075
32233
32581
8440
2493
26691
15070
3702
12193
15800
11868
31912
7753
3146
8263
1606
31383
17956
22446
15725
6217
4572
15203
7677
13005
28661
29032
32576
10326
22952
4772
18636
27439
15587
18138
28330
7504
31123
23772
30903
2607
17439
13052
6475
29400
4404
964
5913
24640
28360
27367
3670
28630
28249
13942
19742
20060
1142
22615
20243
21749
385
3060
7239
31871
1971
1072
3932
6946
8800
13727
18153
8233
25213
4342
17952
16913
9311
16832
2222
21216
25285
17747
3555
11961
15129
28163
7955
30892
1779
9877
21820
6610
11999
2551
8680
13978
6752
9006
24405
3678
24885
27023
11220
31034
8666
19762
5231
30749
8530
26532
21198
2848
6180
9436
8796
16919
20644
30832
28837
15206
31347
29449
27906
1303
22345
19477
15225
5161
9458
13243
20191
17962
26775
276
11839
8456
32575
4248
10624
17700
6037
26326
16705
17832
30956
27497
17928
23323
15232
20519
29340
9266
22015
30875
1455
26857
9288
30134
7872
5075
19314
27073
25152
21934
7952
26774
10484
10043
27571
10256
16026
7501
19121
5312
29647
17183
25381
7905
1840
28394
15415
21390
10688
17591
1182
5683
8842
23410
29539
3650
21895
14401
9703
7463
12737
5140
7975
28797
19129
8060
19519
1154
8454
14528
12845
10952
24128
18478
10456
26926
2076
13999
18257
17679
28376
12958
25944
20153
23258
14042
22050
289
15764
2074
16473
18901
27050
7297
14181
19761
5719
8563
31210
15062
12813
5030
31121
18008
18523
7548
4108
6199
32532
12176
1364
19217
28334
1934
19253
18709
23016
6473
4621
7611
2223
3591
6865
4018
19011
19999
27216
5914
25238
18631
16828
1012
26357
28199
102
26839
19945
4018
21193
7652
13920
6837
21194
28668
10760
24880
32062
20528
24316
25830
8365
6008
15522
22704
10581
12968
10195
19478
28274
19105
23101
13600
25789
15556
18694
19562
23091
30637
24242
28535
7959
4125
3143
32071
16442
8759
30127
24876
13946
21232
15709
16345
12169
1473
13108
31420
21488
6814
27300
32142
11859
18476
31766
2600
6134
26159
30090
30360
20096
15425
15998
4468
5887
10442
29458
8302
4653
13356
31339
11561
9714
25662
23637
5195
8233
25596
6700
2772
30375
21373
3836
3502
18553
21541
6887
28548
1134
9499
7623
30936
22742
25597
1301
20048
20616
17875
28938
4433
16682
23618
13571
28367
28332
15107
14122
4196
2070
4499
29523
9119
24964
3371
9508
27550
3950
5874
23929
4319
18221
17010
1798
9043
10427
72
7743
692
21947
26912
8308
8473
31161
13537
30273
21448
10162
12837
23845
9803
12503
20972
5233
25542
22670
7057
20836
19079
2490
7421
16020
7647
28988
11034
2703
2608
8634
1674
18883
3912
9374
14490
12187
25837
7266
15473
25323
3513
23564
18574
29070
3113
6132
19569
10062
28144
5069
30359
19459
8593
29155
22188
3327
18988
1954
28669
5546
1432
23384
20524
7018
22707
12092
32295
24774
13814
15790
21850
29642
21069
2752
8484
11181
15397
28406
3208
10673
26822
16202
14886
24907
11235
13939
6249
27524
19823
871
17921
10655
12723
8479
6804
31484
18334
23450
10160
2620
12636
9764
17925
30118
23338
9944
721
22217
29800
7012
411
28003
32495
31500
9764
29058
26790
31218
6811
20713
25424
20884
1552
23477
28328
29334
1835
9281
18608
962
18206
5702
14406
21069
14552
2375
26104
5979
22651
21036
14105
14022
32529
6189
24340
23323
7803
28913
6913
4838
31145
2039
19318
21296
11537
21814
24736
837
7001
9984
19602
30139
4695
812
28636
29359
15420
9076
13408
14162
12556
4380
19041
3749
15442
9173
15325
26496
11025
26592
18973
3033
13821
12150
18826
23875
23531
21352
28610
15029
16519
26371
18411
29581
25413
25398
16712
27604
17050
3319
3081
21956
16235
6882
14440
9351
21702
24099
19441
7234
30672
29335
16673
9042
13310
14894
9523
14550
22408
10132
18487
13421
17435
7184
13156
13121
14287
23724
22959
22084
8792
25238
13981
13753
23168
2758
20309
11767
18389
26849
18937
26985
21662
16733
3894
19418
15380
28391
10778
8943
2255
14081
23078
16373
22399
20976
2981
24285
12764
10709
10812
32389
5600
5402
449
3642
32051
4111
8528
5242
30951
14805
29852
13054
13669
6268
1924
11256
31399
26728
10215
19609
31912
31481
22968
24790
4121
26731
20821
5228
5974
6394
26644
25889
15256
26954
16159
2637
18028
28167
1155
30106
12132
6856
3715
20744
12812
20538
16690
7732
31
5498
29249
23257
25595
194
16149
20119
26451
4936
2332
26099
21028
3171
3170
16032
5610
30704
17503
18685
30995
31732
4884
8926
5812
10627
24150
3983
1659
21728
5993
12566
16613
14565
24784
26297
5040
27045
18020
29888
14996
23121
15268
22908
28718
31320
21580
29576
2877
11730
27433
23887
31760
9503
11051
8654
15935
22475
11964
11932
4762
9909
10576
10023
5471
26993
20285
32064
1200
27370
28622
29402
19267
6476
30098
26894
9052
27937
16634
8291
26104
19386
4387
20045
23115
26832
28401
11251
6509
27499
20061
25141
23121
23043
23056
30446
14838
4581
7472
8054
21473
19929
32634
7276
16074
2
18321
690
16790
773
6037
5560
21637
26222
6136
5886
17069
23119
17549
11988
32679
32297
4066
21093
1416
5904
20688
19187
20242
28939
11856
16996
16940
28602
32144
30974
7824
4667
17991
2159
17604
28237
24901
22544
26955
26294
25934
9834
2076
8419
22056
19450
11347
32207
18931
6961
24615
6694
30905
447
22812
6569
27206
20241
13433
16852
13882
17432
22525
10174
2652
20557
19150
30018
27441
8178
6834
2396
25294
24474
8577
30677
4586
22763
16091
11299
22327
19619
23062
13195
243
11737
16506
29320
15545
8838
13233
18800
14750
27971
15481
27733
12409
9300
5532
29225
18050
23014
17186
24358
32287
6549
10693
11885
10746
24369
15013
7918
5719
27330
1853
18311
23717
5577
20886
13936
5458
3529
27834
8150
23524
6150
364
24518
22854
17037
2838
21325
18527
9844
8451
19678
10473
8035
24526
10227
5249
7252
1819
16375
27130
28054
8068
20068
17143
13336
15575
29737
26553
21988
12414
29262
13621
7146
16446
21978
10602
23807
13605
6901
2545
23077
22205
2890
22742
12301
9862
23471
2982
474
28579
19720
14537
16680
32468
21608
12050
14157
5796
3706
11157
13278
29668
544
8633
1142
30295
30297
18830
6578
16815
24424
26720
32128
27320
10035
1932
32410
1236
21737
3474
13645
9127
22503
28012
17791
9491
31197
24606
496
22375
15404
23695
21696
20435
9363
16791
4402
1312
15627
26201
4783
669
19183
1235
19726
18269
352
12979
12818
9631
13032
23660
4148
13966
18013
30346
20131
13867
29449
22850
10890
23431
2055
31310
22929
309
17136
30968
13734
12799
31160
12404
22013
28120
7122
17522
14677
15122
20123
23540
25982
22481
10485
32349
8216
8128
21042
18123
9373
31234
2101
24999
31650
25452
20691
2171
22361
26865
23167
28675
6491
9821
20519
23686
26020
7495
9305
20582
26335
30784
6058
2295
10213
3665
32344
15757
9856
15013
2350
21721
884
23682
5544
1141
29632
4990
18776
3773
22305
3055
31880
4833
6104
28579
14369
9016
14253
20177
19148
5591
11828
5456
14678
17251
31823
24583
3673
10275
6388
18085
19737
7001
6960
28050
2988
4307
17772
29733
30814
6333
22000
4887
20051
4537
16549
32567
32110
16690
13855
25696
2418
17900
7130
3240
25703
6368
22980
2011
18496
4168
8444
26408
21434
6390
4058
24857
28295
6633
22319
29129
14508
13858
17614
19281
2344
24756
22347
10883
16342
30491
16130
25563
28308
21966
28763
15538
7589
6936
11085
25781
12116
3107
7201
9110
9946
20566
31097
3841
22146
30432
17296
23762
14603
31381
2243
9605
31310
14330
21329
10989
29473
2459
9311
30505
7290
32421
8255
26581
15832
24496
20465
31101
23262
30173
7146
26455
9281
18465
25621
29489
28645
17120
22808
27048
31811
32190
31448
13979
782
5042
24639
7647
24342
16732
11325
27700
18796
15768
21516
13432
29127
83
6841
27931
30246
27549
26080
467
32183
2816
20407
11665
31480
23824
6733
12467
22812
23364
26644
14203
6320
13316
23966
1216
8062
27395
4260
13539
16306
21455
26700
11525
14907
6823
21163
2679
16500
20364
29577
9842
14596
10138
12389
521
19459
26777
15801
11867
31326
13008
4480
1293
17532
7449
24308
17656
9249
22331
32668
26398
23955
18035
28038
16355
27644
20564
13010
16506
3344
18386
29296
27805
12271
12441
28201
22657
19277
19619
11748
17161
24272
10249
11298
8250
9145
5913
11212
10223
12487
23210
6958
15565
5464
24236
10307
16250
12242
18179
27187
8714
17217
16022
17434
20410
4162
15522
25867
15585
29983
13397
2389
13091
22843
25240
24836
11752
26545
11820
16299
23308
23864
19960
31073
5081
27978
10657
4362
25138
645
10332
7128
26128
24145
25088
32273
12083
23491
26208
25874
24337
22977
3799
8852
10003
4199
3620
19758
30464
21930
12920
18971
28601
5435
3534
9278
28200
32686
30843
21603
17011
13532
8710
24264
26485
28038
9273
27100
20078
26683
19576
12870
4857
7547
3922
41
11071
32540
23126
422
26731
18157
14376
11939
23390
6298
31444
6603
29091
31439
24673
21206
24229
27552
26026
15883
9503
5161
15209
1283
21717
24433
4501
1199
20610
30869
11502
23709
12305
29730
31446
886
4879
10434
5986
1228
30561
31515
31153
19474
26674
8436
14972
8428
6448
8089
10479
14506
16888
2433
8631
270
19918
16175
23645
2134
13202
14166
8914
9846
2543
4672
10059
19366
11222
31856
27726
6172
299
9351
29453
8475
16318
18532
9204
1836
14460
7567
9598
16812
1255
6360
5452
17286
10435
22843
22392
23874
31762
14855
28711
63
28995
20544
7005
18236
2983
22337
5910
26653
6692
20645
21394
29420
2605
23400
32240
543
26353
1610
6398
16409
22739
8564
6224
26099
14619
21342
12687
6011
3563
29936
22548
16509
628
30952
5813
22338
12137
25211
15327
10327
18356
3903
3046
3983
32105
22600
28056
16971
13048
20113
17688
3833
19622
5790
28906
13787
13886
10080
7498
16138
28931
28761
25026
29114
15850
11009
23803
20671
14342
23399
17108
16465
29508
17435
4273
14604
29528
20812
23573
11322
3831
16174
28532
32085
4935
32670
10562
13512
15252
8969
20816
20470
20804
18570
22616
21117
2061
22866
13783
31932
27237
4941
22554
19347
27194
9987
23196
9577
27108
27836
30351
22644
20824
29927
25017
20020
926
30652
3969
6209
18565
26657
2122
14919
32405
11722
19199
21839
10565
19109
27887
6208
12142
28533
27612
6565
24064
17340
26190
32432
756
25823
11821
4991
13441
24709
27023
14495
6291
11840
13775
18895
16505
27759
223
25094
27869
25699
3295
8375
19962
6592
20974
21587
5129
26918
12864
11792
25596
31249
13424
25321
1135
2046
14360
24037
22236
18128
22688
26525
28942
26225
29267
26360
27352
31164
32184
7994
13318
17563
13599
3901
1684
13676
14458
22013
18718
3498
9070
16475
30104
32201
18858
25626
22591
14433
3448
27694
15055
16527
1169
31286
20471
30617
24374
16711
29450
11728
17788
15851
4087
15035
7912
12137
18299
24689
30779
13895
9109
32327
31631
15374
28731
22187
11939
2125
3147
27728
27508
9952
18116
14988
18189
882
7222
19710
23199
24129
26743
31347
8916
32289
24728
18186
26977
17348
26903
12695
27867
568
7254
28742
15051
16561
5452
24705
28676
18825
21115
11795
21300
10885
17698
30093
32186
2650
24755
26088
1719
30576
16007
9581
25704
5093
10705
32210
30643
17109
10193
5030
30207
15065
20554
11503
9545
8653
2613
19217
7796
5591
183
7153
2529
18340
25681
1627
2624
2549
19543
21921
18854
31323
19619
18565
23775
10046
5002
1881
28933
22308
9231
17765
30545
21808
87
4489
17202
26345
22621
6692
20124
20286
4327
26676
6307
710
14009
21950
21064
29004
12808
17264
19859
2186
20017
20869
25314
21557
27051
8169
16512
24378
25146
22941
22649
14920
4454
3934
24749
19342
27948
9601
6436
19398
8435
22818
19617
5234
12994
8317
16250
9061
2223
27292
166
30598
25243
563
20760
10961
7196
6088
5451
28062
19131
14102
1311
18214
3168
11188
3555
16195
6666
6386
6835
21879
29379
18692
14084
26928
13012
30562
16253
30538
27445
6766
5385
20694
3399
28759
1578
12058
16069
21310
25232
18648
10744
6296
27882
19668
7723
32724
7932
26000
5215
29757
29681
10842
27712
9761
11507
8584
30039
16179
17402
14339
6272
13870
225
20994
13727
1467
25791
22808
2447
19093
24436
27505
12379
3307
898
4185
6065
14598
11295
5629
30099
2859
18824
31862
5968
29379
18327
4611
7347
12473
17048
9366
29562
13604
32345
27795
9993
38
21376
5332
22624
2579
1825
1008
29259
30422
16528
19133
28120
6289
4468
23571
15118
1412
17437
29139
8668
17712
25624
17192
12112
22716
13568
28685
778
8855
2966
17936
4335
29023
15636
16981
11042
12802
6335
29917
26672
3363
8124
10504
14730
29631
28452
30553
17977
24336
4187
9338
24013
18353
9117
29056
6038
6148
6361
16751
29207
7633
27331
14337
1720
16175
4133
13731
9659
30376
6005
21697
28273
23192
8365
19523
14254
13270
10583
23384
23674
26518
24295
8818
16649
14478
27470
3474
9198
9048
28620
13253
3979
23064
8710
20462
32716
9054
16216
14023
4117
8270
19052
28195
17784
15870
18188
18806
18732
22047
26676
12182
10042
17120
25708
28099
25978
27151
25684
15334
1726
897
16257
22038
20045
7861
31623
20320
22419
11188
16727
456
22038
2875
15564
16267
4524
27164
6784
10663
29420
27618
6116
20381
13282
26804
22928
31862
2311
17020
31703
21764
22127
5448
4511
11114
17733
18160
1391
11231
19829
14841
4298
18094
1960
10169
15804
31617
23413
26044
9906
27104
24021
6759
26767
19189
29656
9435
31483
14482
3479
15388
25342
25973
3434
2419
29647
10954
12123
16912
4582
3825
1242
1012
11352
10626
22706
31246
24676
2190
3899
2980
31561
31528
22225
6901
20059
25892
15494
5917
2390
31
30996
25912
3826
11712
2582
25802
30648
16188
27511
4959
14099
22048
1322
4974
5802
16971
8475
6787
31725
313
32102
2717
11246
17032
20168
15061
371
5556
18258
13121
18761
9510
30053
24600
14555
8813
3802
23
13059
18379
31873
21027
20255
4851
14797
17967
22120
7441
23757
13664
11135
13323
23134
25967
20553
6406
23200
23376
32253
2093
12710
16657
891
28077
20594
25348
24032
27652
16928
2080
16215
6012
2401
10661
30770
2802
29227
19967
30265
14812
11183
2797
20033
9099
16012
29410
1025
19373
13122
29100
1058
7189
31977
23635
1173
5055
31779
14404
16169
26382
11855
32174
14941
30041
23807
22829
5234
14246
25004
12454
1221
3253
20905
28530
1884
1601
9814
23998
26303
7042
13718
1841
6153
25846
3715
29904
7486
17761
3680
15903
25055
9235
16846
13705
17852
7273
26179
13314
18954
18070
8121
18411
5301
32163
13987
19254
15864
18101
29221
9418
7210
15759
25220
14633
475
10839
12252
20048
8735
9373
16657
26335
3882
26521
20231
22649
1821
15284
14358
8558
800
6475
10168
16791
15537
26799
26245
6786
7483
880
26210
6863
19435
23259
24309
14554
19903
26561
3676
155
27616
18298
29214
14538
21553
10794
3169
25414
10280
30275
2398
7351
28125
17739
22803
8050
5984
7648
4407
28062
5200
3833
11123
26261
8617
4206
29647
19341
19422
19643
15211
30584
22312
14337
9071
20009
541
6221
5188
9911
22148
25373
13573
13606
31848
5152
30512
14148
17259
24894
2722
26834
22109
28632
19906
740
19725
28497
3580
19083
4191
15565
11377
29360
17567
29752
31468
21827
11797
4747
25880
18326
17370
3402
14833
3587
25834
849
10617
13013
25465
27345
19116
17510
23179
24726
15797
16004
447
31883
15970
8985
29547
20351
15062
1547
6382
28201
17022
4194
12610
11626
24902
16041
9681
29651
15116
24214
8586
17511
31572
4077
7731
26274
27966
19617
23553
20410
20406
15420
30566
12580
14827
22146
4394
20570
9218
6481
15549
3036
26635
21964
10444
12660
20276
22713
13842
2495
32572
29222
28785
15593
23595
8275
7745
29880
12865
25036
23016
24524
15404
29398
27050
31269
22910
31244
18883
16101
2397
26698
7347
10071
32124
4042
30170
6961
22859
13965
12868
13846
29035
10237
21446
1631
8037
2512
4682
10523
32155
30767
5991
26452
8063
11544
6197
14485
6658
14081
16735
20136
28752
702
10617
3748
14522
15524
15764
6952
3571
19695
23568
21473
8320
29537
4530
28242
31850
17964
11510
3028
22326
6162
7079
28891
31254
2507
18092
16764
7265
19111
24613
26412
16961
19572
22455
971
29612
28322
26915
5601
24469
25765
31006
12839
16227
23451
13405
30281
3746
9007
9455
6378
27384
23997
12751
15080
12379
31671
15546
24034
9602
1607
21054
9208
19609
32053
8212
15570
11321
19468
9647
9188
9367
6776
21269
5104
9468
31731
2542
21452
21877
17056
13530
16485
2251
31095
26888
14340
2741
18851
17925
19152
7757
20264
2001
21653
16577
8393
32568
25539
1099
3881
25695
4538
5987
24368
14238
12356
19507
944
9357
28771
13387
6729
7010
26190
9366
12170
5242
3766
13708
3672
12853
14669
5034
7828
13575
31881
13343
5880
30156
5797
16841
1602
23132
24554
22111
30613
30816
12844
21488
13852
23140
27031
29324
29680
6957
25260
22081
22588
19276
6534
16713
14495
21747
20066
13953
465
21000
21342
8221
5002
2168
26497
20122
5023
206
17148
25589
31854
27396
14511
32539
27261
17816
4335
15264
27998
31459
391
22963
24534
26791
26364
8786
2878
1511
8982
23482
6696
6907
17563
25122
7750
16355
23646
14504
11656
5340
9080
9868
23173
26929
22230
13468
3100
17492
27636
7919
30811
1325
743
3798
18079
2994
14753
12560
7421
8376
17521
31805
7393
4104
28617
15253
4853
10422
28484
12762
24133
6062
7655
26763
21152
20624
5032
32603
6721
30910
13356
4066
23215
2227
6869
31121
8417
6038
2044
10731
22694
1294
13179
13554
21316
30041
10351
20960
8543
21400
3644
4120
17437
20077
721
22620
31112
712
27181
3648
10292
18686
22305
26079
11809
22556
29016
16844
5858
13178
31894
11596
31999
5779
25917
18114
6809
21267
30229
11882
19788
21810
6988
19786
4442
16961
22204
2150
14341
25986
18797
13364
23868
24381
30299
23631
24698
18960
8825
13167
25836
19079
30197
16281
7378
15597
17086
5779
25639
30049
5188
16027
28292
17964
27775
1880
3138
16465
21042
28433
19167
25190
5233
26653
29858
10659
26465
4763
13186
14649
15935
15971
23365
3044
1699
18748
7909
25540
10502
11599
13623
27753
29314
21467
12494
17197
19418
43
3870
22982
25018
26309
17117
26395
8768
17637
15791
23127
13242
3113
15617
1084
18610
30350
24117
27323
29992
5787
15872
31425
26910
14300
10001
3155
13402
9106
5108
27869
30567
7593
2101
25543
9693
11754
1224
25930
15842
2418
7080
26498
6385
12387
26303
3524
14810
5081
26118
7729
15370
22560
2285
30091
18445
1828
26365
27976
12625
18216
27580
26597
8493
27067
31185
30589
29473
26344
18792
21146
9824
6318
1496
2891
2187
19120
28291
15479
32192
29228
32510
8560
2515
8753
25203
19403
32475
4109
13891
27504
29937
15365
24559
23789
28468
4682
31288
29200
21009
6184
7557
10420
3777
31103
1926
17371
10258
2679
26135
31485
29803
4464
18791
13216
16650
27960
345
31017
14993
27521
27178
9970
16065
25490
27733
30876
31621
26940
13235
29863
32562
11280
25063
25919
7693
22223
16377
21337
20750
802
13121
14335
29155
5515
31111
22504
30776
5532
28776
32076
7222
22119
27643
1014
585
821
24757
27547
21543
25723
25738
25706
27406
28937
19285
2532
28492
32645
25210
16366
4357
11288
4042
26149
15921
18023
22439
21873
31204
23493
3688
23517
14546
12710
14591
10918
26386
17495
24792
27281
31522
7661
24325
27266
14892
6524
25241
7243
4487
26249
13905
21442
10625
24769
2426
31766
5468
4075
16398
14179
17558
25627
3617
7299
6510
552
25211
1832
18595
13409
25735
11815
26239
21372
2412
29719
17684
15311
1145
9755
1990
8899
5830
7420
4105
24709
536
29819
10092
510
8966
19685
2775
14086
30298
19175
15120
28884
3514
18852
13956
17593
14216
29445
69
26383
24070
12880
6223
21100
25022
13565
18703
28443
29473
28101
28198
20172
12142
19963
6250
20618
1237
10527
13101
16622
8669
30385
3779
19090
29699
26179
29758
19145
31139
31186
9852
24205
27420
6742
29796
15289
32560
23192
16492
10873
20137
23620
8542
13054
6978
2879
93
21366
32196
9018
22563
21051
16240
13192
31116
74
25245
5420
31064
32760
7842
1847
11052
25568
21238
25937
19931
14880
13718
11413
19684
22469
16551
17058
15164
30851
9053
13038
27469
1706
14875
22110
18494
8021
20956
6420
21621
9956
15057
21129
29018
429
28235
25563
21598
17647
19420
4200
19773
29703
12729
17563
16767
7655
29795
16134
325
28355
31111
20401
22850
2573
31266
8626
1544
16548
12264
17150
27781
30537
29159
24191
15309
20818
1128
23655
23578
29602
8214
23747
20240
29656
29794
16467
25926
18375
10533
13209
27907
18727
9095
28720
15941
8585
4641
10335
18440
12945
1118
20718
708
20063
4391
15672
27704
21582
20671
16770
28774
1505
11755
20363
25567
10234
21079
16740
29504
17485
12853
18050
11261
7957
31527
10002
605
13573
27231
20876
30918
21890
19972
26251
19515
11535
13784
14044
18979
21513
5913
26581
13132
13716
26533
12776
20527
25301
29793
28024
6774
9826
30426
25066
8123
27638
11821
2816
403
20586
32549
18530
14027
28128
24484
11134
29169
14402
4420
22418
20758
32235
28477
10247
15059
24739
21386
4353
3210
23249
22343
28212
32238
9452
29278
13305
24006
3891
15970
13985
3054
9118
24763
31753
21662
9236
24580
19310
4334
14558
26801
28547
12442
25436
17653
24257
4355
2294
3043
15871
17783
10838
19411
28994
13490
6868
13319
11990
12197
19506
398
18590
25974
650
13161
8104
22727
1156
18925
30212
14907
7116
5480
4823
19510
31172
22535
27819
13285
21622
16119
19977
23423
20428
30411
10314
18890
1795
24350
2218
4832
19037
8569
25502
17971
25878
12151
10856
32207
32666
27686
24296
29407
29173
1201
6581
15219
6795
15420
13932
5504
3337
12048
6728
25384
11675
20728
18675
15420
3168
10986
15260
14592
5403
7146
11850
23086
26411
8492
22384
12861
27069
27001
15809
13282
28736
14291
8261
18904
793
22876
9389
7133
8344
12916
16356
9469
2603
10018
3302
32530
29138
25269
1493
1932
7123
17067
21322
16750
18607
26833
9705
6297
31572
14508
20024
27213
28564
17432
1713
30445
21718
27439
9237
8450
8460
13164
8196
7555
4069
6672
12747
31060
8771
26053
27005
6156
12783
15234
325
4091
28044
31406
22778
1900
20681
9352
20468
30503
27867
21190
28958
30266
5419
380
9549
29433
17483
12352
24528
32068
19759
7820
31049
1544
11418
10084
11451
14344
3798
56
27363
19934
23976
24331
30668
2364
27267
19413
1694
12152
2300
8486
18358
12104
11646
13
7420
21450
25663
15160
26737
10439
13426
32092
10504
29752
17343
11992
22967
26889
19952
24213
18125
30494
17645
12848
19846
23700
11498
8539
14813
23625
2271
128
13985
15774
27448
7848
971
31099
32462
31388
26383
14484
7191
21321
2737
1771
16025
5993
16026
24726
28325
30816
20395
31683
29505
9316
26961
29689
24678
27617
13658
15009
21868
22044
11783
28868
32706
26902
22114
3606
13794
10419
19665
31028
16004
4379
27628
29994
6162
4193
28044
2104
21597
17251
17444
16342
23694
31217
7765
30197
12639
17969
18620
31624
31627
6977
25103
19523
130
16159
5480
12194
20322
5062
20192
27438
14883
31642
7776
27132
28433
23814
15540
32118
18048
2404
26337
7005
6331
2845
953
15631
12349
7953
18348
17414
11300
23865
19169
1954
26338
21642
17798
28712
13622
7709
26212
17162
4443
11150
30646
1129
1663
21666
17979
4568
28790
26668
32394
23139
25520
17457
29862
22480
20840
14666
2514
11556
15391
15690
9382
3689
4169
12577
28515
21935
30022
15872
20612
26961
10899
3518
20885
22393
17730
25211
26696
19174
24999
20867
21958
15597
7509
9588
4163
2238
27977
11172
27349
17385
9316
28861
28550
33
15903
12458
8104
23103
16762
32183
3688
31370
20533
25331
2470
27189
13891
1497
17668
25129
3452
2864
15165
30469
18834
17200
14777
18019
16454
24806
19038
2398
475
16602
28584
12369
5579
750
26364
27616
28602
31625
25913
18237
12456
16373
401
14244
2154
20998
17047
17704
19291
12029
408
12466
4175
17835
6191
15175
27336
6106
3092
29321
5485
2792
11573
9857
8375
11189
23048
27803
31214
27072
24095
21490
24148
3468
7933
11982
3744
28233
2856
5483
22189
10928
32639
1533
15732
26927
5838
17904
28984
25414
6048
26740
17408
16433
29780
7737
19530
711
4467
12919
32254
3746
17985
22834
20385
2176
19346
12988
16331
5609
3295
10363
20187
16402
3993
1772
16617
32258
25789
30952
15356
10739
22697
18471
5757
26107
21806
1794
27116
13291
10726
1917
15826
17528
11976
17284
24311
16792
29945
6773
14036
6191
31205
2015
14155
1259
4239
14218
11926
26732
29989
6839
6014
9897
16088
25256
14797
5519
9195
1123
12037
16107
17417
10676
8018
31113
27867
13169
19134
7581
3290
12545
12964
22627
18530
28959
30567
25347
25864
4060
15971
8375
32558
9699
13348
26671
15829
32001
32470
31797
30898
28133
13565
30605
1155
19236
11367
12319
6563
32128
13662
21848
2268
13673
5666
19917
12925
21956
23190
6177
29613
31724
19513
13097
32255
18678
9816
20815
19783
20538
23170
23348
12203
20238
31037
1434
5117
4565
4855
32384
4680
10809
9535
30094
25256
23220
26677
948
13919
23381
4159
13839
10022
23489
22526
16396
12481
26232
26241
6351
26838
2393
26040
2006
26879
26473
23851
25817
7966
6096
9451
3829
30705
30244
1225
24330
6118
18410
21447
6498
5680
23386
11212
8851
28186
867
1436
31654
6811
5359
20742
18808
4139
18792
23904
27489
2262
10875
9776
25876
22159
27420
22572
8134
12230
20938
8805
18067
10813
6164
10175
16925
22551
25436
9380
6006
15154
15067
7417
11840
694
7909
9809
16914
18158
9582
8801
798
14167
16334
32181
10769
28407
3521
18081
827
25328
25010
12409
13552
8021
23097
22276
17710
17980
13538
22063
8831
1301
15920
2559
13345
29754
737
2761
13669
5319
9844
14757
24661
24747
745
28960
11161
8447
30152
11825
8092
32407
32356
17775
1770
215
4449
30848
32221
28360
17780
32725
9592
18027
15722
23700
32147
15950
29548
1750
10808
1372
18817
19475
10318
13561
852
29146
13684
10575
3384
28870
28464
13282
13417
23469
27977
23659
13460
18202
23409
9187
16026
17662
22055
32222
23698
18594
3804
29722
22285
1760
31573
10328
32669
9875
5200
10346
1176
21836
26474
18574
12825
5191
64
30714
17480
20893
27861
17336
11995
8634
24884
31668
32221
11538
15958
11796
13230
9744
69
27847
18508
23375
22402
4449
11728
14861
29092
29478
32316
21725
13635
17252
13939
17051
29972
1031
8841
27045
24149
19559
24381
2888
9836
20580
5316
9081
15307
23989
20169
28870
32278
17277
5553
14476
16776
22559
11555
7017
8595
4436
7112
3572
26310
25211
24655
18860
1012
21808
30645
18991
28307
4127
6339
10925
22114
16410
18648
30619
79
5994
11752
18604
18583
22371
16837
14077
4143
6204
19101
911
6499
17181
15556
507
6077
29304
27060
7009
30504
11421
8275
32162
7765
11401
8820
19151
12382
11519
5023
23777
4521
27099
17685
29098
13328
19362
783
21259
28222
29021
18247
20328
25180
3240
29881
5721
14318
17414
171
19874
11511
3959
11499
29286
16996
17229
14168
23191
1959
15675
8867
27313
18851
26543
31831
21416
10440
1889
17431
27934
23167
1836
22567
32730
6600
13854
2863
5238
2849
11211
18235
6743
6059
18150
25093
31459
904
31250
1655
27885
17287
23285
22380
7284
22019
10126
12215
31374
8968
13769
9062
18847
10168
337
9800
14798
28909
19366
31660
10682
10528
623
21356
24424
15754
24593
14378
19841
24200
31360
13018
14522
24388
13398
18304
20883
14482
17442
12091
5700
13080
17922
29571
4340
31922
2932
20143
17965
11541
7529
30138
26509
32178
9371
12102
7870
14557
11297
23521
1192
9262
29248
21384
6372
27175
15237
15465
19828
18200
23568
16109
31410
32064
27443
15094
20359
21557
21820
25190
4573
10118
16270
23776
17239
18590
29431
22738
32319
14315
16445
11699
7872
31040
4858
29577
3157
1912
9898
13231
14209
11101
4611
5845
8129
14792
7301
13384
30143
32009
4689
26228
11720
19848
2622
18599
5760
7597
21034
16919
18388
31998
30094
16935
32305
22151
4693
4582
13811
28287
28655
24280
6945
25384
3233
25338
8535
13559
5407
19968
22531
6645
31324
21473
20180
8293
6561
1173
7792
25767
10973
20765
26982
24156
26940
25029
26979
2251
10746
8614
23720
27268
21882
9070
26555
16450
30354
17252
16221
20246
21545
10918
11965
8642
18693
6069
19947
13667
19934
4148
31887
22868
27063
24557
29915
17998
31854
2325
2750
12500
6033
2513
27483
23246
22899
6905
28857
26740
32383
19483
23996
31853
7373
8387
5716
24376
15859
4857
10228
13772
19230
7948
13894
2939
32609
15502
8221
13084
21580
26784
28843
17257
7361
9584
28916
12966
16899
4863
28034
21892
22288
1320
1114
17732
30257
15070
3888
28959
7375
6837
32215
24294
31112
6307
13563
24294
24706
10504
17682
14094
23039
25837
3472
2388
32562
17289
8282
31060
6482
3338
31102
21818
14060
27282
24353
17891
11133
14207
32185
19007
11584
30703
5244
506
1349
6275
17943
2907
1475
23396
24996
30828
15023
5764
14294
8027
2189
10023
20599
18976
11655
16033
5141
2400
22716
27745
15864
11921
19418
2350
10839
12640
15087
26545
21707
1103
24188
28212
6915
7331
27596
32169
6074
12669
26499
18926
10726
30279
1658
1871
31794
21585
4298
4429
8367
26556
31527
28317
5318
17304
10864
22132
16754
16713
5507
6914
19372
24367
14678
7484
18726
29318
4932
11743
11579
12426
5540
32690
550
21215
19104
3851
17011
23345
6469
8852
26292
14872
24790
18767
31605
23870
24166
31192
21362
26819
4261
14059
10759
8160
3579
23845
18919
16587
211
32271
3089
22491
15930
27736
17152
19949
10920
23906
26146
13830
24861
17409
4492
7738
20592
18559
11756
26572
17124
483
21695
27286
1021
21618
17604
26539
6290
6519
31408
3900
15650
29760
16931
7608
7788
30825
21211
21559
57
1373
20008
20505
18045
31513
12447
1514
5278
11315
3091
25481
30484
12571
7617
23946
19250
162
5323
27608
22851
29112
7400
14751
21721
2682
345
3177
14178
16492
31775
9863
10492
3586
1387
10418
27531
358
14166
14066
31752
10357
6610
25791
24092
32266
27360
11366
17901
15488
14084
30127
5176
14706
22006
28605
22688
11973
8091
16949
20037
5353
27955
22947
1689
29275
15060
21273
13935
17519
32023
19225
22869
25932
32529
5044
7972
4920
23685
5620
22485
32022
27735
25208
20886
30764
12100
13662
23837
17194
5841
29030
27709
31336
14465
22099
32439
8560
16715
30357
20818
26044
15691
12326
814
32449
1976
11442
9557
20268
30486
11514
26771
11115
6573
9082
23944
26991
5689
25161
31483
7600
1251
24642
24177
10610
21616
22881
31486
32327
4025
20079
10844
15062
5979
10210
21562
1242
9135
32767
8150
17518
8957
22593
25550
9351
18412
15870
18484
31938
23613
8776
20192
2144
11193
26898
13834
3726
7016
29587
26904
24554
16644
10736
29620
19780
3757
18453
11042
31649
26334
29155
464
14726
11424
21137
14639
14707
9214
19276
26050
21933
14008
29985
31093
16704
28988
31261
18479
19013
19409
2483
15018
4449
5142
27741
9091
23182
2731
31366
27277
23326
2350
31400
619
10493
17513
10930
23646
12086
32457
30892
20059
19384
16146
11933
8033
31323
24402
5549
11785
12574
2068
21639
25951
20914
27605
3329
29680
21565
22204
31999
31012
3928
26245
9876
7374
16729
32447
17259
17666
16088
19767
1894
24103
27244
29364
30340
26956
22966
9188
21000
17600
19361
22167
24792
25308
21479
20267
5923
25380
24536
8775
24902
16783
30807
32461
5617
4130
25893
21513
21381
28355
5474
10287
19649
13645
29008
13060
18590
992
31067
4315
22903
11643
22102
8643
3949
12492
16136
26879
10762
13126
22247
182
3365
12917
27171
30188
32005
24462
10982
8369
26057
22859
21467
19608
12806
14325
21485
17771
29875
8130
26449
7197
27202
19810
16838
14336
5392
20693
11803
2104
30975
27263
18162
26992
14945
15998
11461
5068
9241
21051
23846
9502
22780
2111
3915
7004
13438
3657
14793
21330
7818
29085
9632
24468
22193
19870
12920
19383
31367
18591
12330
8128
19274
21239
29058
14301
30405
23635
31812
17491
26484
29521
31340
1464
24553
842
20666
6498
25966
9326
32366
27167
15852
12823
10833
6438
1292
6999
244
29518
7323
8659
18492
18046
31795
31445
19486
11109
9240
1692
2216
5995
14176
4599
13633
19175
343
22034
5425
28562
27169
10895
12644
31548
7841
7640
24426
10941
28570
26548
14787
10543
11284
27161
27994
14170
31490
13378
79
26480
30753
15360
30201
16635
6179
16725
29740
24851
6157
4159
19895
27348
31710
5330
5681
23567
24689
30089
8950
6720
9380
10206
7532
19392
11706
13080
2699
20796
19198
5477
27548
29542
31913
32552
23616
6378
8710
22676
20917
6308
21204
17786
24405
31760
26604
7007
9311
17922
30500
32210
18170
4503
18034
5373
8311
7531
31317
4729
32471
5900
880
30823
8077
15023
3960
22204
18309
6946
337
29404
7268
9730
13428
3435
8978
14382
3988
14943
1910
22139
10881
32602
4480
24234
2892
11320
27501
17559
16044
8675
7494
12210
20384
31599
25002
3251
25174
19811
14286
26506
30284
28500
22210
8597
5045
953
26102
22550
26654
12794
7932
3812
5713
18122
15503
29537
15738
11959
23253
19371
31624
32511
11489
26135
28374
166
11132
7387
31499
29125
8485
16906
21823
28965
14166
1990
7007
18444
26889
14513
31442
1623
32379
21668
10844
9417
30256
26020
15171
8611
32567
8465
1457
19317
26799
10529
13402
11827
10890
653
13150
22155
27537
4746
1649
24438
10408
14587
19001
32270
24916
23269
25847
32671
28026
28963
10858
28160
24682
28507
30449
20004
7451
5936
1519
11500
32696
3001
1907
28223
16476
14642
14617
4701
29467
25842
1579
25968
18753
31133
29452
19813
30686
25499
22487
10745
26498
4553
11843
31511
4421
28270
30410
16737
11530
25712
30986
19725
5381
17608
25451
28402
635
8243
3586
16354
1993
26922
25781
29243
27560
29205
15520
25017
18863
7100
6328
21902
7194
18430
8622
10421
4809
25797
21783
19587
23436
9017
12233
22911
16285
12084
22408
8819
14958
31478
2018
32195
28069
29467
18007
14590
5733
11978
8637
27315
26576
28718
227
5766
28362
2346
17525
22402
25343
30792
16415
1201
2343
20979
20213
1002
2697
18919
1811
16107
26045
28901
20608
28328
23735
31403
25433
12514
1025
8227
28971
7162
22344
29147
32160
17672
30490
11957
10846
27688
29678
29408
31276
17172
19045
21254
20310
504
29903
14279
10579
16001
13809
3431
26022
14647
262
7107
2050
5390
8963
6794
19889
11575
4383
21929
4151
32060
147
30215
15154
20300
11166
17011
22916
9428
26573
27867
32180
3407
29049
16318
2450
24414
4241
16355
6426
2075
31386
5708
5275
25770
5619
22118
11801
23058
606
29826
19951
8011
2748
136
12984
28057
25624
30954
18544
2840
24039
18904
31447
25495
26510
19635
1814
9129
3877
23491
4261
2554
23931
20012
32108
25312
13146
28702
23849
25138
3084
19277
24593
20317
18717
21409
8378
14260
27491
19502
17720
6920
23868
30822
15239
18041
12823
28045
5417
20875
32566
6254
17935
29053
12722
19277
19133
5846
1471
26652
31146
2368
817
31474
997
30105
9023
22712
26878
8776
903
5670
25124
15821
19027
27374
2187
31644
8219
21814
15121
29484
25163
4428
1824
30027
29509
14741
6358
19380
19370
8903
30307
5859
12502
18520
2739
15912
13481
23863
17230
9723
25229
21689
17788
8335
15796
30678
32428
19626
29858
23189
5142
22195
28140
17861
30112
20493
4671
26862
6142
4259
30627
26759
6686
22212
20993
7273
22979
6450
19683
4740
15216
16245
12924
10705
10631
13429
1000
22919
3762
1864
26293
30866
20354
3657
2977
6465
1878
16490
29349
19775
3199
14539
12339
26052
32673
6283
6077
1036
27228
15070
28534
3593
12588
28511
4444
23381
23694
11944
7542
11882
32101
32032
8538
19989
12443
28693
22771
21288
1547
2315
27777
32368
20127
23379
20449
10982
5557
12255
9999
12329
18888
6996
21481
18732
22604
14945
4406
21292
16601
2128
16102
30950
25484
986
17307
7686
3755
5696
10089
7906
3975
28823
19418
14440
19111
21347
25910
11349
7970
29800
6401
30121
6477
30397
26052
8535
14486
10530
14353
8000
19632
32403
20673
8034
11761
29982
24704
20301
21752
24305
31884
3031
5522
16823
20665
23313
223
16421
12985
17018
12976
16847
31386
19826
3636
19777
17552
22513
11732
18507
32757
29048
2651
4764
28558
27720
7514
11922
32528
27859
715
27729
4578
3440
24052
19219
12069
27218
1422
1215
12018
10683
15143
30652
19682
21613
29125
25351
17364
4706
26572
10371
22250
8124
6177
2449
27605
3583
18064
4577
6739
9598
11115
9352
21749
31507
628
24402
3878
3603
253
18521
1129
641
30542
31190
1250
19330
8519
16440
27416
23057
27207
24179
7929
9204
10316
27803
18975
5871
4699
1201
8529
19511
30242
12733
26445
4137
28892
21788
3268
4668
12149
30236
4519
20789
31214
12230
2977
6042
3588
12539
30181
7272
3340
707
11817
7176
290
2273
17138
32128
15746
28843
30483
22503
7734
536
7792
27675
27378
1819
14344
26294
24892
15663
26931
32317
10703
1331
15911
16795
15682
17785
21441
10958
31717
12826
20099
